FBbt_id	label	defining_connectome	type_name	name_in_flywire	name_in_hemibrain	name_in_manc	name_in_optic_lobe	name_in_male_cns	name_in_banc
FBbt:20000004	adult anterior optic tubercle neuron 005	flywire	AOTU005	AOTUv3B_P02	AOTU005			AOTU005	AOTUv3B_P02
FBbt:20000005	adult anterior optic tubercle neuron 006	flywire	AOTU006	AOTUv3B_P01	AOTU006			AOTU006	AOTUv3B_P01
FBbt:20000006	adult anterior optic tubercle neuron 007	flywire	AOTU007	AOTU007	AOTU007			AOTU007_b|AOTU007|AOTU007_a	AOTU007
FBbt:20000007	adult anterior optic tubercle neuron 008	flywire	AOTU008		AOTU008_a|AOTU008_b			AOTU008	
FBbt:20000008	adult anterior optic tubercle neuron 009	flywire	AOTU009	AOTU009	AOTU009			AOTU009	AOTU009
FBbt:20000010	adult anterior optic tubercle neuron 011	flywire	AOTU011	AOTU011	AOTU011			AOTU011	AOTU011
FBbt:20000011	adult anterior optic tubercle neuron 012	flywire	AOTU012	AOTU012	AOTU012			AOTU012	AOTU012
FBbt:20000012	adult anterior optic tubercle neuron 013	flywire	AOTU013	AOTU013	AOTU013			AOTU013	AOTU013
FBbt:20000013	adult anterior optic tubercle neuron 014	flywire	AOTU014	AOTU014	AOTU014			AOTU014	AOTU014
FBbt:20000014	adult anterior optic tubercle neuron 015	flywire	AOTU015		AOTU015			AOTU015	
FBbt:20000018	adult anterior optic tubercle neuron 019	flywire	AOTU019	AOTU019	AOTU019			AOTU019	AOTU019
FBbt:20000019	adult anterior optic tubercle neuron 020	flywire	AOTU020	AOTU020	AOTU020			AOTU020	AOTU020
FBbt:20000020	adult anterior optic tubercle neuron 021	flywire	AOTU021	AOTU021	AOTU021			AOTU021	AOTU021
FBbt:20000021	adult anterior optic tubercle neuron 022	flywire	AOTU022	AOTU022	AOTU022			AOTU022	AOTU022
FBbt:20000022	adult anterior optic tubercle neuron 023	flywire	AOTU023	AOTU023	AOTU023			AOTU023	AOTU023
FBbt:20000023	adult anterior optic tubercle neuron 024	flywire	AOTU024	AOTU024	AOTU024			AOTU024	AOTU024
FBbt:20000024	adult anterior optic tubercle neuron 025	flywire	AOTU025	AOTU025	AOTU025			AOTU025	AOTU025
FBbt:20000025	adult anterior optic tubercle neuron 026	flywire	AOTU026	AOTU026	AOTU026			AOTU026	AOTU026
FBbt:20000026	adult anterior optic tubercle neuron 027	flywire	AOTU027	AOTU027	AOTU027			AOTU027	AOTU027
FBbt:20000027	adult anterior optic tubercle neuron 028	flywire	AOTU028	AOTU028	AOTU028			AOTU028	AOTU028
FBbt:20000028	adult anterior optic tubercle neuron 029	flywire	AOTU029	AOTUv4B_P02	AOTU029			AOTU029	AOTUv4B_P02
FBbt:20000029	adult anterior optic tubercle neuron 030	flywire	AOTU030	AOTU030	AOTU030			AOTU030	AOTU030
FBbt:20000032	adult anterior optic tubercle neuron 033	flywire	AOTU033	AOTU033	AOTU033			AOTU033	AOTU033
FBbt:20000034	adult anterior optic tubercle neuron 035	flywire	AOTU035	AOTU035	AOTU035			AOTU035	AOTU035
FBbt:20000035	adult anterior optic tubercle neuron 036	flywire	AOTU036	AOTU036	AOTU036			AOTU036	AOTU036
FBbt:20000036	adult anterior optic tubercle neuron 037	flywire	AOTU037	AOTU037	AOTU037			AOTU037	AOTU037
FBbt:20000037	adult anterior optic tubercle neuron 038	flywire	AOTU038	AOTU038	AOTU038			AOTU038	AOTU038
FBbt:20000038	adult anterior optic tubercle neuron 039	flywire	AOTU039	AOTU039	AOTU039			AOTU039	AOTU039
FBbt:20000040	adult anterior optic tubercle neuron 041	flywire	AOTU041	AOTU041	AOTU041			AOTU041	AOTU041
FBbt:20000041	adult anterior optic tubercle neuron 042	flywire	AOTU042	AOTU042	AOTU042			AOTU042	AOTU042
FBbt:20000043	adult anterior optic tubercle neuron 044	flywire	AOTU044	LTe43	AOTU044			LoVP83|LoVP77	LTe43
FBbt:20000044	adult anterior optic tubercle neuron 045	flywire	AOTU045	LTe44	AOTU045		AOTU045	AOTU045	LTe44
FBbt:20000046	adult anterior optic tubercle neuron 047	flywire	AOTU047	AOTU047	AOTU047			AOTU047	AOTU047
FBbt:20000049	adult anterior optic tubercle neuron 050	flywire	AOTU050	AOTU050	AOTU050		AOTU050	AOTU050	AOTU050
FBbt:20000050	adult anterior optic tubercle neuron 051	flywire	AOTU051	AOTU051	AOTU051			AOTU051	AOTU051
FBbt:20000051	adult anterior optic tubercle neuron 052	flywire	AOTU052	AOTU052	AOTU052			AOTU052	AOTU052
FBbt:20000052	adult anterior optic tubercle neuron 053	flywire	AOTU053	AOTU053	AOTU053			AOTU053	AOTU053
FBbt:20000058	adult anterior optic tubercle neuron 059	flywire	AOTU059	AOTU059	AOTU059			AOTU059	AOTU059
FBbt:20000059	adult anterior optic tubercle neuron 060	flywire	AOTU060	AOTU060	AOTU060			AOTU060	AOTU060
FBbt:20000060	adult anterior optic tubercle neuron 061	flywire	AOTU061	AOTU061	AOTU061			AOTU061	AOTU061
FBbt:20000061	adult anterior optic tubercle neuron 062	flywire	AOTU062	AOTU062	AOTU062			AOTU062	AOTU062
FBbt:20000062	adult anterior optic tubercle neuron 063	flywire	AOTU063		AOTU063			AOTU063_b|AOTU063_a	
FBbt:20000063	adult anterior optic tubercle neuron 064	flywire	AOTU064	AOTU064	AOTU064			AOTU064	AOTU064
FBbt:20000064	adult anterior optic tubercle neuron 065	flywire	AOTU065	AOTU065	AOTU065		AOTU065	AOTU065	AOTU065
FBbt:20000065	adult antler neuron 001	flywire	ATL001	ATL001	ATL001			ATL001	ATL001
FBbt:20000066	adult antler neuron 002	flywire	ATL002	ATL002	ATL002			ATL002	ATL002
FBbt:20000067	adult antler neuron 003	flywire	ATL003	ATL003	ATL003			ATL003	ATL003
FBbt:20000068	adult antler neuron 004	flywire	ATL004	ATL004	ATL004			ATL004	ATL004
FBbt:20000070	adult antler neuron 006	flywire	ATL006	ATL006	ATL006			ATL006	ATL006
FBbt:20000072	adult antler neuron 008	flywire	ATL008	ATL008	ATL008			ATL008	ATL008
FBbt:20000073	adult antler neuron 009	flywire	ATL009	ATL009	ATL009			ATL009	ATL009
FBbt:20000074	adult antler neuron 010	flywire	ATL010	ATL010	ATL010				ATL010
FBbt:20000075	adult antler neuron 011	flywire	ATL011	ATL011	ATL011			ATL011	ATL011
FBbt:20000076	adult antler neuron 012	flywire	ATL012	ATL012	ATL012			ATL012	ATL012
FBbt:20000077	adult antler neuron 013	flywire	ATL013	ATL013	ATL013			ATL013	ATL013
FBbt:20000078	adult antler neuron 014	flywire	ATL014	ATL014	ATL014			ATL014	ATL014
FBbt:20000079	adult antler neuron 015	flywire	ATL015	ATL015	ATL015		ATL015	ATL015	ATL015
FBbt:20000080	adult antler neuron 016	flywire	ATL016	ATL016	ATL016			ATL016	ATL016
FBbt:20000085	adult antler neuron 021	flywire	ATL021	ATL021	ATL021			ATL021	ATL021
FBbt:20000086	adult antler neuron 022	flywire	ATL022	ATL022	ATL022			ATL022	ATL022
FBbt:20000087	adult antler neuron 023	flywire	ATL023	ATL023	ATL023			ATL023	ATL023
FBbt:20000089	adult antler neuron 025	flywire	ATL025	ATL025	ATL025			ATL025	ATL025
FBbt:20000090	adult antler neuron 026	flywire	ATL026	ATL026	ATL026			ATL026	ATL026
FBbt:20000091	adult antler neuron 027	flywire	ATL027	ATL027	ATL027			ATL027	
FBbt:20000092	adult antler neuron 028	flywire	ATL028	ATL028	ATL028			ATL028	ATL028
FBbt:20000093	adult antler neuron 029	flywire	ATL029	ATL029	ATL029			ATL029	ATL029
FBbt:20000094	adult antler neuron 030	flywire	ATL030	ATL030	ATL030			ATL030	ATL030
FBbt:20000095	adult antler neuron 031	flywire	ATL031	ATL031	ATL031			ATL031	ATL031
FBbt:20000096	adult antler neuron 032	flywire	ATL032	ATL032	ATL032			ATL032	ATL032
FBbt:20000097	adult antler neuron 033	flywire	ATL033	ATL033	ATL033			ATL033	
FBbt:20000098	adult antler neuron 034	flywire	ATL034	ATL034	ATL034			ATL034	ATL034
FBbt:20000101	adult antler neuron 037	flywire	ATL037	ATL037	ATL037			ATL037	ATL037
FBbt:20000104	adult antler neuron 040	flywire	ATL040	ATL040	ATL040			ATL040	ATL040
FBbt:20000106	adult antler neuron 042	flywire	ATL042	ATL042	ATL042			ATL042	ATL042
FBbt:20000107	adult antler neuron 043	flywire	ATL043	ATL043	ATL043			ATL043	ATL043
FBbt:20000108	adult antler neuron 044	flywire	ATL044	ATL044	ATL044			ATL044	ATL044
FBbt:20000110	adult anterior ventrolateral protocerebrum neuron 001	flywire	AVLP001	AVLP001	AVLP001			AVLP001	AVLP001
FBbt:20000115	adult anterior ventrolateral protocerebrum neuron 006	flywire	AVLP006		AVLP006				
FBbt:20000117	adult anterior ventrolateral protocerebrum neuron 008	flywire	AVLP008	AVLP008	AVLP008				AVLP008
FBbt:20000118	adult anterior ventrolateral protocerebrum neuron 009	flywire	AVLP009	AVLP009	AVLP009			AVLP009	AVLP009
FBbt:20000119	adult anterior ventrolateral protocerebrum neuron 010	flywire	AVLP010	AVLP010	AVLP010				AVLP010
FBbt:20000122	adult anterior ventrolateral protocerebrum neuron 013	flywire	AVLP013	AVLP013	AVLP013			AVLP013	AVLP013
FBbt:20000123	adult anterior ventrolateral protocerebrum neuron 014	flywire	AVLP014	AVLP014	AVLP014			AVLP014	AVLP014
FBbt:20000124	adult anterior ventrolateral protocerebrum neuron 015	flywire	AVLP015	AVLP015	AVLP015			AVLP015	AVLP015
FBbt:20000125	adult anterior ventrolateral protocerebrum neuron 016	flywire	AVLP016	AVLP016	AVLP016			AVLP016	AVLP016
FBbt:20000126	adult anterior ventrolateral protocerebrum neuron 017	flywire	AVLP017	AVLP017	AVLP017			AVLP017	AVLP017
FBbt:20000127	adult anterior ventrolateral protocerebrum neuron 018	flywire	AVLP018	AVLP018	AVLP018			AVLP018	AVLP018
FBbt:20000128	adult anterior ventrolateral protocerebrum neuron 019	flywire	AVLP019	AVLP019	AVLP019			AVLP019	AVLP019
FBbt:20000129	adult anterior ventrolateral protocerebrum neuron 020	flywire	AVLP020	AVLP020	AVLP020			AVLP020	AVLP020
FBbt:20000130	adult anterior ventrolateral protocerebrum neuron 021	flywire	AVLP021	AVLP021	AVLP021			AVLP021	AVLP021
FBbt:20000131	adult anterior ventrolateral protocerebrum neuron 022	flywire	AVLP022	AVLP022	AVLP022			AVLP022	AVLP022
FBbt:20000132	adult anterior ventrolateral protocerebrum neuron 023	flywire	AVLP023	AVLP023	AVLP023			AVLP023	AVLP023
FBbt:20000133	adult anterior ventrolateral protocerebrum neuron 024	flywire	AVLP024		AVLP024			AVLP024_c|AVLP024_a|AVLP024_b	
FBbt:20000134	adult anterior ventrolateral protocerebrum neuron 025	flywire	AVLP025	AVLP025	AVLP025			AVLP025	AVLP025
FBbt:20000135	adult anterior ventrolateral protocerebrum neuron 026	flywire	AVLP026	AVLP026	AVLP026			AVLP026	AVLP026
FBbt:20000137	adult anterior ventrolateral protocerebrum neuron 028	flywire	AVLP028	AVLP028	AVLP028			AVLP028	AVLP028
FBbt:20000138	adult anterior ventrolateral protocerebrum neuron 029	flywire	AVLP029	AVLP029	AVLP029		AVLP029	AVLP029	AVLP029
FBbt:20000139	adult anterior ventrolateral protocerebrum neuron 030	flywire	AVLP030	AVLP030	AVLP030		AVLP030	AVLP030	AVLP030
FBbt:20000140	adult anterior ventrolateral protocerebrum neuron 031	flywire	AVLP031	AVLP031	AVLP031			AVLP031	AVLP031
FBbt:20000141	adult anterior ventrolateral protocerebrum neuron 032	flywire	AVLP032	AVLP032	AVLP032			AVLP032	AVLP032
FBbt:20000142	adult anterior ventrolateral protocerebrum neuron 033	flywire	AVLP033	AVLP033	AVLP033			AVLP033	AVLP033
FBbt:20000143	adult anterior ventrolateral protocerebrum neuron 034	flywire	AVLP034	AVLP034	AVLP034			AVLP034	AVLP034
FBbt:20000144	adult anterior ventrolateral protocerebrum neuron 035	flywire	AVLP035	AVLP035	AVLP035			AVLP035	AVLP035
FBbt:20000148	adult anterior ventrolateral protocerebrum neuron 039	flywire	AVLP039	AVLP039	AVLP039			AVLP039	AVLP039
FBbt:20000149	adult anterior ventrolateral protocerebrum neuron 040	flywire	AVLP040	AVLP040	AVLP040			AVLP040	AVLP040
FBbt:20000150	adult anterior ventrolateral protocerebrum neuron 041	flywire	AVLP041	AVLP041	AVLP041			AVLP041	AVLP041
FBbt:20000151	adult anterior ventrolateral protocerebrum neuron 042	flywire	AVLP042	AVLP042	AVLP042			AVLP042	AVLP042
FBbt:20000152	adult anterior ventrolateral protocerebrum neuron 043	flywire	AVLP043	AVLP043	AVLP043			AVLP043	AVLP043
FBbt:20000153	adult anterior ventrolateral protocerebrum neuron 044	flywire	AVLP044		AVLP044_a|AVLP044_b			AVLP044_a|AVLP044_b	
FBbt:20000154	adult anterior ventrolateral protocerebrum neuron 045	flywire	AVLP045	AVLP045	AVLP045			AVLP045	AVLP045
FBbt:20000155	adult anterior ventrolateral protocerebrum neuron 046	flywire	AVLP046	AVLP046	AVLP046			AVLP046	AVLP046
FBbt:20000156	adult anterior ventrolateral protocerebrum neuron 047	flywire	AVLP047	AVLP047	AVLP047			AVLP047	AVLP047
FBbt:20000157	adult anterior ventrolateral protocerebrum neuron 048	flywire	AVLP048	AVLP048	AVLP048			AVLP048	AVLP048
FBbt:20000158	adult anterior ventrolateral protocerebrum neuron 049	flywire	AVLP049	AVLP049	AVLP049			AVLP049	AVLP049
FBbt:20000159	adult anterior ventrolateral protocerebrum neuron 050	flywire	AVLP050	AVLP050	AVLP050			AVLP050	AVLP050
FBbt:20000160	adult anterior ventrolateral protocerebrum neuron 051	flywire	AVLP051	AVLP051	AVLP051			AVLP051	AVLP051
FBbt:20000162	adult anterior ventrolateral protocerebrum neuron 053	flywire	AVLP053	AVLP053	AVLP053			AVLP053	AVLP053
FBbt:20000164	adult anterior ventrolateral protocerebrum neuron 055	flywire	AVLP055	AVLP055	AVLP055			AVLP055	AVLP055
FBbt:20000168	adult anterior ventrolateral protocerebrum neuron 059	flywire	AVLP059	AVLP059	AVLP059			AVLP059	AVLP059
FBbt:20000178	adult anterior ventrolateral protocerebrum neuron 069	flywire	AVLP069	AVLP069	AVLP069_a|AVLP069_b|AVLP069_c			AVLP069_b|AVLP069_c|AVLP069_a	AVLP069
FBbt:20000184	adult anterior ventrolateral protocerebrum neuron 075	flywire	AVLP075	AVLP075	AVLP075			AVLP075	AVLP075
FBbt:20000185	adult anterior ventrolateral protocerebrum neuron 076	flywire	AVLP076	AVLP076	AVLP076			AVLP076	AVLP076
FBbt:20000186	adult anterior ventrolateral protocerebrum neuron 077	flywire	AVLP077	AVLP077	AVLP077			AVLP077	AVLP077
FBbt:20000187	adult anterior ventrolateral protocerebrum neuron 078	flywire	AVLP078	AVLP078	AVLP078			AVLP078	AVLP078
FBbt:20000188	adult anterior ventrolateral protocerebrum neuron 079	flywire	AVLP079	AVLP079	AVLP079			AVLP079	AVLP079
FBbt:20000189	adult anterior ventrolateral protocerebrum neuron 080	flywire	AVLP080	AVLP080	AVLP080			AVLP080	AVLP080
FBbt:20000190	adult anterior ventrolateral protocerebrum neuron 081	flywire	AVLP081	AVLP081	AVLP081			AVLP081	AVLP081
FBbt:20000191	adult anterior ventrolateral protocerebrum neuron 082	flywire	AVLP082	AVLP082	AVLP082			AVLP082	AVLP082
FBbt:20000192	adult anterior ventrolateral protocerebrum neuron 083	flywire	AVLP083	AVLP083	AVLP083			AVLP083	AVLP083
FBbt:20000193	adult anterior ventrolateral protocerebrum neuron 084	flywire	AVLP084	AVLP084	AVLP084			AVLP084	AVLP084
FBbt:20000194	adult anterior ventrolateral protocerebrum neuron 085	flywire	AVLP085	AVLP085	AVLP085			AVLP085	AVLP085
FBbt:20000195	adult anterior ventrolateral protocerebrum neuron 086	flywire	AVLP086	AVLP086	AVLP086			AVLP086	AVLP086
FBbt:20000196	adult anterior ventrolateral protocerebrum neuron 087	flywire	AVLP087	AVLP087	AVLP087			AVLP087	AVLP087
FBbt:20000197	adult anterior ventrolateral protocerebrum neuron 088	flywire	AVLP088	AVLP088	AVLP088			AVLP088	AVLP088
FBbt:20000198	adult anterior ventrolateral protocerebrum neuron 089	flywire	AVLP089	AVLP089	AVLP089			AVLP089	AVLP089
FBbt:20000200	adult anterior ventrolateral protocerebrum neuron 091	flywire	AVLP091	AVLP091	AVLP091			AVLP091	AVLP091
FBbt:20000202	adult anterior ventrolateral protocerebrum neuron 093	flywire	AVLP093	AVLP093	AVLP093			AVLP093	AVLP093
FBbt:20000203	adult anterior ventrolateral protocerebrum neuron 094	flywire	AVLP094	AVLP094	AVLP094			AVLP094	AVLP094
FBbt:20000206	adult anterior ventrolateral protocerebrum neuron 097	flywire	AVLP097	AVLP097	AVLP097			AVLP097	AVLP097
FBbt:20000207	adult anterior ventrolateral protocerebrum neuron 098	flywire	AVLP098	AVLP098	AVLP098		AVLP098	AVLP098	AVLP098
FBbt:20000208	adult anterior ventrolateral protocerebrum neuron 099	flywire	AVLP099	AVLP099	AVLP099			AVLP099	AVLP099
FBbt:20000209	adult anterior ventrolateral protocerebrum neuron 100	flywire	AVLP100	AVLP100	AVLP100				AVLP100
FBbt:20000210	adult anterior ventrolateral protocerebrum neuron 101	flywire	AVLP101	AVLP101	AVLP101			AVLP101	AVLP101
FBbt:20000211	adult anterior ventrolateral protocerebrum neuron 102	flywire	AVLP102	AVLP102	AVLP102		AVLP102	AVLP102	AVLP102
FBbt:20000214	adult anterior ventrolateral protocerebrum neuron 105	flywire	AVLP105	AVLP105	AVLP105		AVLP105	AVLP105	AVLP105
FBbt:20000216	adult anterior ventrolateral protocerebrum neuron 107	flywire	AVLP107	AVLP107	AVLP107			AVLP107	AVLP107
FBbt:20000217	adult anterior ventrolateral protocerebrum neuron 108	flywire	AVLP108	AVLP108	AVLP108			AVLP108	AVLP108
FBbt:20000218	adult anterior ventrolateral protocerebrum neuron 109	flywire	AVLP109	AVLP109	AVLP109			AVLP109	AVLP109
FBbt:20000225	adult anterior ventrolateral protocerebrum neuron 116	flywire	AVLP116	AVLP116	AVLP116			AVLP116	AVLP116
FBbt:20000229	adult anterior ventrolateral protocerebrum neuron 120	flywire	AVLP120	AVLP120	AVLP120			AVLP120	AVLP120
FBbt:20000230	adult anterior ventrolateral protocerebrum neuron 121	flywire	AVLP121	AVLP121	AVLP121			AVLP121	AVLP121
FBbt:20000238	adult anterior ventrolateral protocerebrum neuron 129	flywire	AVLP129	AVLP129	AVLP129			AVLP129	AVLP129
FBbt:20000241	adult anterior ventrolateral protocerebrum neuron 132	flywire	AVLP132	AVLP132	AVLP132			AVLP132	AVLP132
FBbt:20000245	adult anterior ventrolateral protocerebrum neuron 136	flywire	AVLP136	AVLP136	AVLP136			AVLP136	AVLP136
FBbt:20000249	adult anterior ventrolateral protocerebrum neuron 140	flywire	AVLP140	AVLP140	AVLP140			AVLP140	AVLP140
FBbt:20000252	adult anterior ventrolateral protocerebrum neuron 143	flywire	AVLP143		AVLP143			AVLP143	
FBbt:20000256	adult anterior ventrolateral protocerebrum neuron 147	flywire	AVLP147	AVLP147	AVLP147			AVLP147	AVLP147
FBbt:20000258	adult anterior ventrolateral protocerebrum neuron 149	flywire	AVLP149	AVLP149	AVLP149			AVLP149	AVLP149
FBbt:20000261	adult anterior ventrolateral protocerebrum neuron 152	flywire	AVLP152	AVLP152	AVLP152			AVLP152	AVLP152
FBbt:20000262	adult anterior ventrolateral protocerebrum neuron 153	flywire	AVLP153	AVLP153	AVLP153			AVLP153	AVLP153
FBbt:20000263	adult anterior ventrolateral protocerebrum neuron 154	flywire	AVLP154	AVLP154	AVLP154			AVLP154	AVLP154
FBbt:20000264	adult anterior ventrolateral protocerebrum neuron 155	flywire	AVLP155	AVLP155	AVLP155			AVLP155_a	AVLP155
FBbt:20000265	adult anterior ventrolateral protocerebrum neuron 156	flywire	AVLP156	AVLP156	AVLP156			AVLP156	AVLP156
FBbt:20000266	adult anterior ventrolateral protocerebrum neuron 157	flywire	AVLP157	AVLP157	AVLP157			AVLP157	AVLP157
FBbt:20000267	adult anterior ventrolateral protocerebrum neuron 158	flywire	AVLP158	AVLP158	AVLP158			AVLP158	AVLP158
FBbt:20000268	adult anterior ventrolateral protocerebrum neuron 159	flywire	AVLP159	AVLP159	AVLP159			AVLP159	AVLP159
FBbt:20000269	adult anterior ventrolateral protocerebrum neuron 160	flywire	AVLP160	AVLP160	AVLP160			AVLP160	AVLP160
FBbt:20000270	adult anterior ventrolateral protocerebrum neuron 161	flywire	AVLP161	AVLP161	AVLP161			AVLP161	
FBbt:20000271	adult anterior ventrolateral protocerebrum neuron 162	flywire	AVLP162	AVLP162	AVLP162			AVLP162	AVLP162
FBbt:20000273	adult anterior ventrolateral protocerebrum neuron 164	flywire	AVLP164	AVLP164	AVLP164			AVLP164	AVLP164
FBbt:20000274	adult anterior ventrolateral protocerebrum neuron 165	flywire	AVLP165	AVLP165	AVLP165			AVLP165	AVLP165
FBbt:20000278	adult anterior ventrolateral protocerebrum neuron 169	flywire	AVLP169	AVLP169	AVLP169			AVLP169	AVLP169
FBbt:20000287	adult anterior ventrolateral protocerebrum neuron 178	flywire	AVLP178	AVLP178	AVLP178			AVLP178	AVLP178
FBbt:20000289	adult anterior ventrolateral protocerebrum neuron 180	flywire	AVLP180	AVLP180	AVLP180		AVLP180	AVLP180	AVLP180
FBbt:20000291	adult anterior ventrolateral protocerebrum neuron 182	flywire	AVLP182	AVLP182	AVLP182			AVLP182	AVLP182
FBbt:20000293	adult anterior ventrolateral protocerebrum neuron 184	flywire	AVLP184	AVLP184	AVLP184			AVLP184	AVLP184
FBbt:20000295	adult anterior ventrolateral protocerebrum neuron 186	flywire	AVLP186	AVLP186	AVLP186			AVLP186	AVLP186
FBbt:20000296	adult anterior ventrolateral protocerebrum neuron 187	flywire	AVLP187	AVLP187	AVLP187			AVLP187	AVLP187
FBbt:20000302	adult anterior ventrolateral protocerebrum neuron 193	flywire	AVLP193	AVLP193	AVLP193			AVLP193	AVLP193
FBbt:20000303	adult anterior ventrolateral protocerebrum neuron 194	flywire	AVLP194	AVLP194	AVLP194_a|AVLP194_b|AVLP194_c			AVLP194_a|AVLP194_b1|AVLP194_c2|AVLP194_c3|AVLP194_c1|AVLP194_b2	AVLP194
FBbt:20000304	adult anterior ventrolateral protocerebrum neuron 195	flywire	AVLP195	AVLP195	AVLP195			AVLP195	AVLP195
FBbt:20000309	adult anterior ventrolateral protocerebrum neuron 200	flywire	AVLP200	AVLP200	AVLP200			AVLP200	AVLP200
FBbt:20000310	adult anterior ventrolateral protocerebrum neuron 201	flywire	AVLP201	AVLP201	AVLP201			AVLP201	AVLP201
FBbt:20000311	adult anterior ventrolateral protocerebrum neuron 202	flywire	AVLP202	AVLP202	AVLP202			AVLP202	AVLP202
FBbt:20000312	adult anterior ventrolateral protocerebrum neuron 203	flywire	AVLP203	AVLP203	AVLP203			AVLP203_c	AVLP203
FBbt:20000314	adult anterior ventrolateral protocerebrum neuron 205	flywire	AVLP205		AVLP205			AVLP205	
FBbt:20000318	adult anterior ventrolateral protocerebrum neuron 209	flywire	AVLP209	AVLP209	AVLP209			AVLP209	AVLP209
FBbt:20000319	adult anterior ventrolateral protocerebrum neuron 210	flywire	AVLP210	AVLP210	AVLP210			AVLP210	AVLP210
FBbt:20000320	adult anterior ventrolateral protocerebrum neuron 211	flywire	AVLP211	AVLP211	AVLP211			AVLP211	AVLP211
FBbt:20000321	adult anterior ventrolateral protocerebrum neuron 212	flywire	AVLP212	AVLP212	AVLP212			AVLP212	
FBbt:20000322	adult anterior ventrolateral protocerebrum neuron 213	flywire	AVLP213	AVLP213	AVLP213			AVLP213	AVLP213
FBbt:20000323	adult anterior ventrolateral protocerebrum neuron 214	flywire	AVLP214	AVLP214	AVLP214			AVLP214	AVLP214
FBbt:20000324	adult anterior ventrolateral protocerebrum neuron 215	flywire	AVLP215	AVLP215	AVLP215			AVLP215	AVLP215
FBbt:20000325	adult anterior ventrolateral protocerebrum neuron 216	flywire	AVLP216	AVLP216	AVLP216		AVLP216	AVLP216	AVLP216
FBbt:20000326	adult anterior ventrolateral protocerebrum neuron 217	flywire	AVLP217	AVLP217	AVLP217			AVLP217	AVLP217
FBbt:20000327	adult anterior ventrolateral protocerebrum neuron 218	flywire	AVLP218		AVLP218			AVLP218_b|AVLP218_a	
FBbt:20000328	adult anterior ventrolateral protocerebrum neuron 219	flywire	AVLP219		AVLP219			AVLP219_c|AVLP219_a|AVLP219_b	AVLP219
FBbt:20000329	adult anterior ventrolateral protocerebrum neuron 220	flywire	AVLP220	AVLP220	AVLP220			AVLP220	AVLP220
FBbt:20000331	adult anterior ventrolateral protocerebrum neuron 222	flywire	AVLP222	AVLP222	AVLP222			AVLP222	AVLP222
FBbt:20000338	adult anterior ventrolateral protocerebrum neuron 229	flywire	AVLP229	AVLP229	AVLP229			AVLP229	AVLP229
FBbt:20000339	adult anterior ventrolateral protocerebrum neuron 230	flywire	AVLP230	AVLP230	AVLP230			AVLP230	AVLP230
FBbt:20000341	adult anterior ventrolateral protocerebrum neuron 232	flywire	AVLP232	AVLP232	AVLP232			AVLP232	AVLP232
FBbt:20000343	adult anterior ventrolateral protocerebrum neuron 234	flywire	AVLP234		AVLP234			AVLP234	AVLP234
FBbt:20000352	adult anterior ventrolateral protocerebrum neuron 243	flywire	AVLP243	AVLP243	AVLP243			AVLP243	AVLP243
FBbt:20000353	adult anterior ventrolateral protocerebrum neuron 244	flywire	AVLP244	AVLP244	AVLP244			AVLP244	AVLP244
FBbt:20000360	adult anterior ventrolateral protocerebrum neuron 251	flywire	AVLP251	AVLP251	AVLP251			AVLP251	AVLP251
FBbt:20000361	adult anterior ventrolateral protocerebrum neuron 252	flywire	AVLP252	AVLP252	AVLP252			AVLP252	AVLP252
FBbt:20000364	adult anterior ventrolateral protocerebrum neuron 255	flywire	AVLP255	AVLP255	AVLP255			AVLP255	AVLP255
FBbt:20000366	adult anterior ventrolateral protocerebrum neuron 257	flywire	AVLP257	AVLP257	AVLP257		AVLP257	AVLP257	AVLP257
FBbt:20000367	adult anterior ventrolateral protocerebrum neuron 258	flywire	AVLP258	AVLP258	AVLP258		AVLP258	AVLP258	AVLP258
FBbt:20000368	adult anterior ventrolateral protocerebrum neuron 259	flywire	AVLP259	AVLP259	AVLP259		AVLP259	AVLP259	AVLP259
FBbt:20000369	adult anterior ventrolateral protocerebrum neuron 260	flywire	AVLP260	AVLP260	AVLP260			AVLP260	AVLP260
FBbt:20000372	adult anterior ventrolateral protocerebrum neuron 263	flywire	AVLP263	AVLP263	AVLP263			AVLP263	AVLP263
FBbt:20000374	adult anterior ventrolateral protocerebrum neuron 265	flywire	AVLP265		AVLP265			AVLP265	AVLP265
FBbt:20000375	adult anterior ventrolateral protocerebrum neuron 266	flywire	AVLP266	AVLP266	AVLP266		AVLP266	AVLP266	AVLP266
FBbt:20000376	adult anterior ventrolateral protocerebrum neuron 267	flywire	AVLP267	AVLP267	AVLP267			AVLP267	AVLP267
FBbt:20000377	adult anterior ventrolateral protocerebrum neuron 268	flywire	AVLP268	AVLP268	AVLP268			AVLP268	AVLP268
FBbt:20000389	adult anterior ventrolateral protocerebrum neuron 280	flywire	AVLP280	AVLP280	AVLP280			AVLP280	AVLP280
FBbt:20000390	adult anterior ventrolateral protocerebrum neuron 281	flywire	AVLP281	AVLP281	AVLP281			AVLP281	AVLP281
FBbt:20000391	adult anterior ventrolateral protocerebrum neuron 282	flywire	AVLP282	AVLP282	AVLP282			AVLP282	AVLP282
FBbt:20000392	adult anterior ventrolateral protocerebrum neuron 283	flywire	AVLP283	AVLP283	AVLP283			AVLP283	AVLP283
FBbt:20000393	adult anterior ventrolateral protocerebrum neuron 284	flywire	AVLP284	AVLP284	AVLP284			AVLP284	AVLP284
FBbt:20000395	adult anterior ventrolateral protocerebrum neuron 286	flywire	AVLP286	AVLP286	AVLP286				AVLP286
FBbt:20000396	adult anterior ventrolateral protocerebrum neuron 287	flywire	AVLP287	AVLP287	AVLP287			AVLP287	AVLP287
FBbt:20000397	adult anterior ventrolateral protocerebrum neuron 288	flywire	AVLP288	AVLP288	AVLP288			AVLP288	AVLP288
FBbt:20000398	adult anterior ventrolateral protocerebrum neuron 289	flywire	AVLP289	AVLP289	AVLP289			AVLP289	AVLP289
FBbt:20000399	adult anterior ventrolateral protocerebrum neuron 290	flywire	AVLP290		AVLP290			AVLP290_b|AVLP290_a	
FBbt:20000401	adult anterior ventrolateral protocerebrum neuron 292	flywire	AVLP292	AVLP292	AVLP292			AVLP292	AVLP292
FBbt:20000402	adult anterior ventrolateral protocerebrum neuron 293	flywire	AVLP293	AVLP293	AVLP293			AVLP293	AVLP293
FBbt:20000403	adult anterior ventrolateral protocerebrum neuron 294	flywire	AVLP294	AVLP294	AVLP294			AVLP294	AVLP294
FBbt:20000404	adult anterior ventrolateral protocerebrum neuron 295	flywire	AVLP295	AVLP295	AVLP295			AVLP295	AVLP295
FBbt:20000406	adult anterior ventrolateral protocerebrum neuron 297	flywire	AVLP297	AVLP297	AVLP297			AVLP297	AVLP297
FBbt:20000407	adult anterior ventrolateral protocerebrum neuron 298	flywire	AVLP298	AVLP298	AVLP298			AVLP298	AVLP298
FBbt:20000412	adult anterior ventrolateral protocerebrum neuron 303	flywire	AVLP303	AVLP303	AVLP303			AVLP303	AVLP303
FBbt:20000413	adult anterior ventrolateral protocerebrum neuron 304	flywire	AVLP304	AVLP304	AVLP304			AVLP304	AVLP304
FBbt:20000414	adult anterior ventrolateral protocerebrum neuron 305	flywire	AVLP305	AVLP305	AVLP305			AVLP305	AVLP305
FBbt:20000415	adult anterior ventrolateral protocerebrum neuron 306	flywire	AVLP306	AVLP306	AVLP306			AVLP306	AVLP306
FBbt:20000417	adult anterior ventrolateral protocerebrum neuron 308	flywire	AVLP308	AVLP308	AVLP308			AVLP308	AVLP308
FBbt:20000418	adult anterior ventrolateral protocerebrum neuron 309	flywire	AVLP309	AVLP309	AVLP309			AVLP309	AVLP309
FBbt:20000419	adult anterior ventrolateral protocerebrum neuron 310	flywire	AVLP310		AVLP310			AVLP310	
FBbt:20000421	adult anterior ventrolateral protocerebrum neuron 312	flywire	AVLP312		AVLP312			AVLP312	
FBbt:20000422	adult anterior ventrolateral protocerebrum neuron 313	flywire	AVLP313	AVLP313	AVLP313				AVLP313
FBbt:20000423	adult anterior ventrolateral protocerebrum neuron 314	flywire	AVLP314	AVLP314	AVLP314			AVLP314	AVLP314
FBbt:20000424	adult anterior ventrolateral protocerebrum neuron 315	flywire	AVLP315	AVLP315	AVLP315			AVLP315	AVLP315
FBbt:20000425	adult anterior ventrolateral protocerebrum neuron 316	flywire	AVLP316	AVLP316	AVLP316			AVLP316	AVLP316
FBbt:20000426	adult anterior ventrolateral protocerebrum neuron 317	flywire	AVLP317	AVLP317	AVLP317		AVLP317	AVLP317	AVLP317
FBbt:20000431	adult anterior ventrolateral protocerebrum neuron 322	flywire	AVLP322	AVLP322	AVLP322			AVLP322	AVLP322
FBbt:20000432	adult anterior ventrolateral protocerebrum neuron 323	flywire	AVLP323	AVLP323	AVLP323			AVLP323	AVLP323
FBbt:20000439	adult anterior ventrolateral protocerebrum neuron 330	flywire	AVLP330	AVLP330	AVLP330			AVLP330	AVLP330
FBbt:20000448	adult anterior ventrolateral protocerebrum neuron 339	flywire	AVLP339	AVLP339	AVLP339		AVLP339	AVLP339	AVLP339
FBbt:20000449	adult anterior ventrolateral protocerebrum neuron 340	flywire	AVLP340	AVLP340	AVLP340			AVLP340	AVLP340
FBbt:20000451	adult anterior ventrolateral protocerebrum neuron 342	flywire	AVLP342	AVLP342	AVLP342			AVLP342	AVLP342
FBbt:20000453	adult anterior ventrolateral protocerebrum neuron 344	flywire	AVLP344	AVLP344	AVLP344			AVLP344	AVLP344
FBbt:20000454	adult anterior ventrolateral protocerebrum neuron 345	flywire	AVLP345	AVLP345	AVLP345			AVLP345_a	AVLP345
FBbt:20000456	adult anterior ventrolateral protocerebrum neuron 347	flywire	AVLP347	AVLP347	AVLP347			AVLP347	AVLP347
FBbt:20000472	adult anterior ventrolateral protocerebrum neuron 363	flywire	AVLP363	AVLP363	AVLP363			AVLP363	AVLP363
FBbt:20000478	adult anterior ventrolateral protocerebrum neuron 369	flywire	AVLP369	AVLP369	AVLP369			AVLP369	AVLP369
FBbt:20000479	adult anterior ventrolateral protocerebrum neuron 370	flywire	AVLP370		AVLP370			AVLP370_a|AVLP370_b	
FBbt:20000480	adult anterior ventrolateral protocerebrum neuron 371	flywire	AVLP371	AVLP371	AVLP371			AVLP371	AVLP371
FBbt:20000482	adult anterior ventrolateral protocerebrum neuron 373	flywire	AVLP373	AVLP373	AVLP373			AVLP373	AVLP373
FBbt:20000489	adult anterior ventrolateral protocerebrum neuron 380	flywire	AVLP380		AVLP380			AVLP380	
FBbt:20000490	adult anterior ventrolateral protocerebrum neuron 381	flywire	AVLP381	AVLP381	AVLP381			AVLP381	AVLP381
FBbt:20000495	adult anterior ventrolateral protocerebrum neuron 386	flywire	AVLP386	AVLP386	AVLP386				
FBbt:20000499	adult anterior ventrolateral protocerebrum neuron 390	flywire	AVLP390	AVLP390	AVLP390		AVLP390	AVLP390	AVLP390
FBbt:20000503	adult anterior ventrolateral protocerebrum neuron 394	flywire	AVLP394	AVLP394	AVLP394			AVLP394	AVLP394
FBbt:20000505	adult anterior ventrolateral protocerebrum neuron 396	flywire	AVLP396	AVLP396	AVLP396		AVLP396	AVLP396	AVLP396
FBbt:20000506	adult anterior ventrolateral protocerebrum neuron 397	flywire	AVLP397	AVLP397	AVLP397			AVLP397	AVLP397
FBbt:20000507	adult anterior ventrolateral protocerebrum neuron 398	flywire	AVLP398	AVLP398	AVLP398			AVLP398	AVLP398
FBbt:20000508	adult anterior ventrolateral protocerebrum neuron 399	flywire	AVLP399	AVLP399	AVLP399			AVLP399	AVLP399
FBbt:20000511	adult anterior ventrolateral protocerebrum neuron 402	flywire	AVLP402	AVLP402	AVLP402			AVLP402	AVLP402
FBbt:20000518	adult anterior ventrolateral protocerebrum neuron 409	flywire	AVLP409	AVLP409	AVLP409			AVLP409	AVLP409
FBbt:20000527	adult anterior ventrolateral protocerebrum neuron 418	flywire	AVLP418	AVLP418	AVLP418			AVLP418	AVLP418
FBbt:20000528	adult anterior ventrolateral protocerebrum neuron 419	flywire	AVLP419		AVLP419			AVLP419_a|AVLP419_b|AVLP419	
FBbt:20000530	adult anterior ventrolateral protocerebrum neuron 421	flywire	AVLP421	AVLP421	AVLP421			AVLP421	AVLP421
FBbt:20000532	adult anterior ventrolateral protocerebrum neuron 423	flywire	AVLP423	AVLP423	AVLP423			AVLP423	AVLP423
FBbt:20000537	adult anterior ventrolateral protocerebrum neuron 428	flywire	AVLP428	AVLP428	AVLP428			AVLP428	AVLP428
FBbt:20000538	adult anterior ventrolateral protocerebrum neuron 429	flywire	AVLP429	AVLP429	AVLP429			AVLP429	AVLP429
FBbt:20000539	adult anterior ventrolateral protocerebrum neuron 430	flywire	AVLP430	AVLP430	AVLP430			AVLP430	AVLP430
FBbt:20000541	adult anterior ventrolateral protocerebrum neuron 432	flywire	AVLP432	AVLP432	AVLP432		AVLP432	AVLP432	AVLP432
FBbt:20000544	adult anterior ventrolateral protocerebrum neuron 435	flywire	AVLP435		AVLP435			AVLP435_a|AVLP435_b	
FBbt:20000545	adult anterior ventrolateral protocerebrum neuron 436	flywire	AVLP436	AVLP436	AVLP436			AVLP436	AVLP436
FBbt:20000546	adult anterior ventrolateral protocerebrum neuron 437	flywire	AVLP437	AVLP437	AVLP437		AVLP437	AVLP437	AVLP437
FBbt:20000548	adult anterior ventrolateral protocerebrum neuron 439	flywire	AVLP439	AVLP439	AVLP439		AVLP439	AVLP439	AVLP439
FBbt:20000550	adult anterior ventrolateral protocerebrum neuron 441	flywire	AVLP441	AVLP441	AVLP441				AVLP441
FBbt:20000551	adult anterior ventrolateral protocerebrum neuron 442	flywire	AVLP442	AVLP442	AVLP442			AVLP442	AVLP442
FBbt:20000552	adult anterior ventrolateral protocerebrum neuron 443	flywire	AVLP443	AVLP443	AVLP443			AVLP443	AVLP443
FBbt:20000553	adult anterior ventrolateral protocerebrum neuron 444	flywire	AVLP444	AVLP444	AVLP444			AVLP444	AVLP444
FBbt:20000554	adult anterior ventrolateral protocerebrum neuron 445	flywire	AVLP445	AVLP445	AVLP445			AVLP445	AVLP445
FBbt:20000555	adult anterior ventrolateral protocerebrum neuron 446	flywire	AVLP446	AVLP446	AVLP446			AVLP446	AVLP446
FBbt:20000556	adult anterior ventrolateral protocerebrum neuron 447	flywire	AVLP447	AVLP447	AVLP447			AVLP447	AVLP447
FBbt:20000557	adult anterior ventrolateral protocerebrum neuron 448	flywire	AVLP448	AVLP448	AVLP448			AVLP448	AVLP448
FBbt:20000558	adult anterior ventrolateral protocerebrum neuron 449	flywire	AVLP449	AVLP449	AVLP449			AVLP449	AVLP449
FBbt:20000560	adult anterior ventrolateral protocerebrum neuron 451	flywire	AVLP451		AVLP451			AVLP451	
FBbt:20000564	adult anterior ventrolateral protocerebrum neuron 455	flywire	AVLP455	AVLP455	AVLP455			AVLP455	AVLP455
FBbt:20000566	adult anterior ventrolateral protocerebrum neuron 457	flywire	AVLP457	AVLP457	AVLP457			AVLP457	AVLP457
FBbt:20000567	adult anterior ventrolateral protocerebrum neuron 458	flywire	AVLP458	AVLP458	AVLP458				AVLP458
FBbt:20000568	adult anterior ventrolateral protocerebrum neuron 459	flywire	AVLP459	AVLP459	AVLP459			AVLP459	AVLP459
FBbt:20000569	adult anterior ventrolateral protocerebrum neuron 460	flywire	AVLP460	AVLP460	AVLP460			AVLP460	
FBbt:20000571	adult anterior ventrolateral protocerebrum neuron 462	flywire	AVLP462		AVLP462			AVLP462	
FBbt:20000573	adult anterior ventrolateral protocerebrum neuron 464	flywire	AVLP464	AVLP464	AVLP464		AVLP464	AVLP464	AVLP464
FBbt:20000574	adult anterior ventrolateral protocerebrum neuron 465	flywire	AVLP465		AVLP465			AVLP465	
FBbt:20000578	adult anterior ventrolateral protocerebrum neuron 469	flywire	AVLP469		AVLP469			AVLP469	
FBbt:20000579	adult anterior ventrolateral protocerebrum neuron 470	flywire	AVLP470		AVLP470			AVLP470_a|AVLP470_b	
FBbt:20000580	adult anterior ventrolateral protocerebrum neuron 471	flywire	AVLP471	AVLP471	AVLP471			AVLP471	AVLP471
FBbt:20000582	adult anterior ventrolateral protocerebrum neuron 473	flywire	AVLP473	AVLP473	AVLP473			AVLP473	AVLP473
FBbt:20000583	adult anterior ventrolateral protocerebrum neuron 474	flywire	AVLP474	AVLP474	AVLP474			AVLP474	AVLP474
FBbt:20000584	adult anterior ventrolateral protocerebrum neuron 475	flywire	AVLP475		AVLP475			AVLP475_a|AVLP475_b	
FBbt:20000586	adult anterior ventrolateral protocerebrum neuron 477	flywire	AVLP477	AVLP477	AVLP477			AVLP477	AVLP477
FBbt:20000587	adult anterior ventrolateral protocerebrum neuron 478	flywire	AVLP478	AVLP478	AVLP478			AVLP478	AVLP478
FBbt:20000588	adult anterior ventrolateral protocerebrum neuron 479	flywire	AVLP479	AVLP479	AVLP479			AVLP479	AVLP479
FBbt:20000595	adult anterior ventrolateral protocerebrum neuron 486	flywire	AVLP486	AVLP486	AVLP486			AVLP486	AVLP486
FBbt:20000596	adult anterior ventrolateral protocerebrum neuron 487	flywire	AVLP487	AVLP487	AVLP487			AVLP487	
FBbt:20000597	adult anterior ventrolateral protocerebrum neuron 488	flywire	AVLP488	AVLP488	AVLP488			AVLP488	AVLP488
FBbt:20000598	adult anterior ventrolateral protocerebrum neuron 489	flywire	AVLP489	AVLP489	AVLP489			AVLP489	AVLP489
FBbt:20000599	adult anterior ventrolateral protocerebrum neuron 490	flywire	AVLP490	AVLP490	AVLP490			AVLP490	AVLP490
FBbt:20000600	adult anterior ventrolateral protocerebrum neuron 491	flywire	AVLP491	AVLP491	AVLP491			AVLP491	AVLP491
FBbt:20000601	adult anterior ventrolateral protocerebrum neuron 492	flywire	AVLP492	AVLP492	AVLP492			AVLP492	AVLP492
FBbt:20000603	adult anterior ventrolateral protocerebrum neuron 494	flywire	AVLP494	AVLP494	AVLP494			AVLP494	AVLP494
FBbt:20000605	adult anterior ventrolateral protocerebrum neuron 496	flywire	AVLP496		AVLP496			AVLP496	
FBbt:20000606	adult anterior ventrolateral protocerebrum neuron 497	flywire	AVLP497	AVLP497	AVLP497			AVLP497	AVLP497
FBbt:20000607	adult anterior ventrolateral protocerebrum neuron 498	flywire	AVLP498	AVLP498	AVLP498			AVLP498	AVLP498
FBbt:20000609	adult anterior ventrolateral protocerebrum neuron 500	flywire	AVLP500	AVLP500	AVLP500			AVLP500	AVLP500
FBbt:20000610	adult anterior ventrolateral protocerebrum neuron 501	flywire	AVLP501	AVLP501	AVLP501			AVLP501	AVLP501
FBbt:20000611	adult anterior ventrolateral protocerebrum neuron 502	flywire	AVLP502	AVLP502	AVLP502			AVLP502	AVLP502
FBbt:20000612	adult anterior ventrolateral protocerebrum neuron 503	flywire	AVLP503	AVLP503	AVLP503			AVLP503	AVLP503
FBbt:20000613	adult anterior ventrolateral protocerebrum neuron 504	flywire	AVLP504	AVLP504	AVLP504			AVLP504	AVLP504
FBbt:20000614	adult anterior ventrolateral protocerebrum neuron 505	flywire	AVLP505	AVLP505	AVLP505			AVLP505	AVLP505
FBbt:20000615	adult anterior ventrolateral protocerebrum neuron 506	flywire	AVLP506	AVLP506	AVLP506			AVLP506	AVLP506
FBbt:20000616	adult anterior ventrolateral protocerebrum neuron 507	flywire	AVLP507	AVLP507	AVLP507			AVLP507	
FBbt:20000617	adult anterior ventrolateral protocerebrum neuron 508	flywire	AVLP508	AVLP508	AVLP508			AVLP508	AVLP508
FBbt:20000618	adult anterior ventrolateral protocerebrum neuron 509	flywire	AVLP509	AVLP509	AVLP509			AVLP509	AVLP509
FBbt:20000626	adult anterior ventrolateral protocerebrum neuron 517	flywire	AVLP517	AVLP517	AVLP517			AVLP517	AVLP517
FBbt:20000628	adult anterior ventrolateral protocerebrum neuron 519	flywire	AVLP519		AVLP519			AVLP519	
FBbt:20000629	adult anterior ventrolateral protocerebrum neuron 520	flywire	AVLP520	AVLP520	AVLP520			AVLP520	AVLP520
FBbt:20000630	adult anterior ventrolateral protocerebrum neuron 521	flywire	AVLP521	AVLP521	AVLP521			AVLP521	AVLP521
FBbt:20000631	adult anterior ventrolateral protocerebrum neuron 522	flywire	AVLP522	AVLP522	AVLP522			AVLP522	AVLP522
FBbt:20000632	adult anterior ventrolateral protocerebrum neuron 523	flywire	AVLP523	AVLP523	AVLP523			AVLP523	AVLP523
FBbt:20000640	adult anterior ventrolateral protocerebrum neuron 531	flywire	AVLP531	AVLP531	AVLP531			AVLP531	AVLP531
FBbt:20000641	adult anterior ventrolateral protocerebrum neuron 532	flywire	AVLP532	AVLP532	AVLP532			AVLP532	AVLP532
FBbt:20000642	adult anterior ventrolateral protocerebrum neuron 533	flywire	AVLP533	AVLP533	AVLP533			AVLP533	AVLP533
FBbt:20000643	adult anterior ventrolateral protocerebrum neuron 534	flywire	AVLP534	AVLP534	AVLP534		AVLP534	AVLP534	AVLP534
FBbt:20000644	adult anterior ventrolateral protocerebrum neuron 535	flywire	AVLP535	AVLP535	AVLP535			AVLP535	AVLP535
FBbt:20000645	adult anterior ventrolateral protocerebrum neuron 536	flywire	AVLP536	AVLP536	AVLP536		AVLP536	AVLP536	AVLP536
FBbt:20000646	adult anterior ventrolateral protocerebrum neuron 537	flywire	AVLP537	AVLP537	AVLP537		AVLP537	AVLP537	AVLP537
FBbt:20000647	adult anterior ventrolateral protocerebrum neuron 538	flywire	AVLP538	AVLP538	AVLP538		AVLP538	AVLP538	AVLP538
FBbt:20000650	adult anterior ventrolateral protocerebrum neuron 541	flywire	AVLP541		AVLP541			AVLP541	
FBbt:20000651	adult anterior ventrolateral protocerebrum neuron 542	flywire	AVLP542	AVLP542	AVLP542			AVLP542	AVLP542
FBbt:20000652	adult anterior ventrolateral protocerebrum neuron 543	flywire	AVLP543	AVLP543	AVLP543		AVLP543	AVLP543	AVLP543
FBbt:20000653	adult anterior ventrolateral protocerebrum neuron 544	flywire	AVLP544	AVLP544	AVLP544		AVLP544	AVLP544	AVLP544
FBbt:20000655	adult anterior ventrolateral protocerebrum neuron 546	flywire	AVLP546	AVLP546	AVLP546			AVLP546	AVLP546
FBbt:20000656	adult anterior ventrolateral protocerebrum neuron 547	flywire	AVLP547		AVLP547			AVLP547	
FBbt:20000658	adult anterior ventrolateral protocerebrum neuron 549	flywire	AVLP549		AVLP549			AVLP549	
FBbt:20000659	adult anterior ventrolateral protocerebrum neuron 550	flywire	AVLP550		AVLP550			AVLP550b|AVLP550_b|AVLP550_a	
FBbt:20000664	adult anterior ventrolateral protocerebrum neuron 555	flywire	AVLP555	AVLP555	AVLP555			AVLP555	AVLP555
FBbt:20000666	adult anterior ventrolateral protocerebrum neuron 557	flywire	AVLP557	AVLP557	AVLP557			AVLP557	AVLP557
FBbt:20000667	adult anterior ventrolateral protocerebrum neuron 558	flywire	AVLP558	AVLP558	AVLP558			AVLP558	AVLP558
FBbt:20000668	adult anterior ventrolateral protocerebrum neuron 559	flywire	AVLP559		AVLP559			AVLP559	
FBbt:20000669	adult anterior ventrolateral protocerebrum neuron 560	flywire	AVLP560	AVLP560	AVLP560			AVLP560	AVLP560
FBbt:20000671	adult anterior ventrolateral protocerebrum neuron 562	flywire	AVLP562	AVLP562	AVLP562			AVLP562	AVLP562
FBbt:20000672	adult anterior ventrolateral protocerebrum neuron 563	flywire	AVLP563	AVLP563	AVLP563			AVLP563	AVLP563
FBbt:20000674	adult anterior ventrolateral protocerebrum neuron 565	flywire	AVLP565	AVLP565	AVLP565			AVLP565	AVLP565
FBbt:20000675	adult anterior ventrolateral protocerebrum neuron 566	flywire	AVLP566	AVLP566	AVLP566			AVLP566	AVLP566
FBbt:20000676	adult anterior ventrolateral protocerebrum neuron 567	flywire	AVLP567	AVLP567	AVLP567			AVLP567	AVLP567
FBbt:20000677	adult anterior ventrolateral protocerebrum neuron 568	flywire	AVLP568	AVLP568	AVLP568				
FBbt:20000678	adult anterior ventrolateral protocerebrum neuron 569	flywire	AVLP569	AVLP569	AVLP569				AVLP569
FBbt:20000679	adult anterior ventrolateral protocerebrum neuron 570	flywire	AVLP570	AVLP570	AVLP570				AVLP570
FBbt:20000680	adult anterior ventrolateral protocerebrum neuron 571	flywire	AVLP571	AVLP571	AVLP571			AVLP571	AVLP571
FBbt:20000681	adult anterior ventrolateral protocerebrum neuron 572	flywire	AVLP572	AVLP572	AVLP572			AVLP572	AVLP572
FBbt:20000682	adult anterior ventrolateral protocerebrum neuron 573	flywire	AVLP573	AVLP573	AVLP573			AVLP573	AVLP573
FBbt:20000683	adult anterior ventrolateral protocerebrum neuron 574	flywire	AVLP574	AVLP574	AVLP574			AVLP574	AVLP574
FBbt:20000684	adult anterior ventrolateral protocerebrum neuron 575	flywire	AVLP575	AVLP575	AVLP575			AVLP575	AVLP575
FBbt:20000685	adult anterior ventrolateral protocerebrum neuron 576	flywire	AVLP576	AVLP576	AVLP576			AVLP576	AVLP576
FBbt:20000686	adult anterior ventrolateral protocerebrum neuron 577	flywire	AVLP577	AVLP577	AVLP577			AVLP577	AVLP577
FBbt:20000687	adult anterior ventrolateral protocerebrum neuron 578	flywire	AVLP578	AVLP578	AVLP578			AVLP578	AVLP578
FBbt:20000688	adult anterior ventrolateral protocerebrum neuron 579	flywire	AVLP579	AVLP579	AVLP579			AVLP579	AVLP579
FBbt:20000693	adult anterior ventrolateral protocerebrum neuron 584	flywire	AVLP584	AVLP584	AVLP584			AVLP584	AVLP584
FBbt:20000695	adult anterior ventrolateral protocerebrum neuron 586	flywire	AVLP586	AVLP586	AVLP586			AVLP586	AVLP586
FBbt:20000699	adult anterior ventrolateral protocerebrum neuron 590	flywire	AVLP590	AVLP590	AVLP590			AVLP590	AVLP590
FBbt:20000700	adult anterior ventrolateral protocerebrum neuron 591	flywire	AVLP591	AVLP591	AVLP591			AVLP591	AVLP591
FBbt:20000701	adult anterior ventrolateral protocerebrum neuron 592	flywire	AVLP592	AVLP592	AVLP592		AVLP592	AVLP592	AVLP592
FBbt:20000702	adult anterior ventrolateral protocerebrum neuron 593	flywire	AVLP593	AVLP593	AVLP593		AVLP593	AVLP593	AVLP593
FBbt:20000703	adult anterior ventrolateral protocerebrum neuron 594	flywire	AVLP594	AVLP594	AVLP594		AVLP594	AVLP594	AVLP594
FBbt:20000704	adult anterior ventrolateral protocerebrum neuron 595	flywire	AVLP595	AVLP595	AVLP595			AVLP595	AVLP595
FBbt:20000705	adult anterior ventrolateral protocerebrum neuron 596	flywire	AVLP596	AVLP596	AVLP596			AVLP596	AVLP596
FBbt:20000706	adult clamp neuron 001	flywire	CL001	CL001	CL001			CL001	CL001
FBbt:20000707	adult clamp neuron 002	flywire	CL002	CL002	CL002			CL002	CL002
FBbt:20000708	adult clamp neuron 003	flywire	CL003	CL003	CL003			CL003	CL003
FBbt:20000709	adult clamp neuron 004	flywire	CL004	CL004	CL004			CL004	CL004
FBbt:20000710	adult clamp neuron 005	flywire	CL005	CL005	CL005			CL005	CL005
FBbt:20000711	adult clamp neuron 006	flywire	CL006	CL006	CL006			CL006	CL006
FBbt:20000712	adult clamp neuron 007	flywire	CL007	CL007	CL007			CL007	CL007
FBbt:20000713	adult clamp neuron 008	flywire	CL008	CL008	CL008			CL008	CL008
FBbt:20000714	adult clamp neuron 009	flywire	CL009	CL009	CL009				
FBbt:20000715	adult clamp neuron 010	flywire	CL010	CL010	CL010			CL010	CL010
FBbt:20000716	adult clamp neuron 011	flywire	CL011	CL011	CL011			CL011	CL011
FBbt:20000717	adult clamp neuron 012	flywire	CL012	CL012	CL012			CL012	CL012
FBbt:20000718	adult clamp neuron 013	flywire	CL013	CL013	CL013			CL013	CL013
FBbt:20000719	adult clamp neuron 014	flywire	CL014	CL014	CL014			CL014	CL014
FBbt:20000720	adult clamp neuron 015	flywire	CL015	CL015	CL015			CL015_a	CL015
FBbt:20000721	adult clamp neuron 016	flywire	CL016	CL016	CL016			CL016	CL016
FBbt:20000723	adult clamp neuron 018	flywire	CL018		CL018			CL018	
FBbt:20000726	adult clamp neuron 021	flywire	CL021	CL021	CL021			CL021	CL021
FBbt:20000727	adult clamp neuron 022	flywire	CL022	CL022	CL022			CL022_b|CL022_c|CL022_a	CL022
FBbt:20000728	adult clamp neuron 023	flywire	CL023	CL023	CL023			CL023	CL023
FBbt:20000729	adult clamp neuron 024	flywire	CL024		CL024			CL024_b|CL024_a|CL024_c|CL024_d	
FBbt:20000730	adult clamp neuron 025	flywire	CL025	CL025	CL025			CL025	CL025
FBbt:20000731	adult clamp neuron 026	flywire	CL026	CL026	CL026			CL026	CL026
FBbt:20000732	adult clamp neuron 027	flywire	CL027	CL027	CL027			CL027	CL027
FBbt:20000733	adult clamp neuron 028	flywire	CL028	CL028	CL028		CL028	CL028	CL028
FBbt:20000734	adult clamp neuron 029	flywire	CL029		CL029			CL029_b|CL029_a	
FBbt:20000735	adult clamp neuron 030	flywire	CL030	CL030	CL030			CL030	CL030
FBbt:20000736	adult clamp neuron 031	flywire	CL031	CL031	CL031			CL031	CL031
FBbt:20000737	adult clamp neuron 032	flywire	CL032	CL032	CL032			CL032	CL032
FBbt:20000741	adult clamp neuron 036	flywire	CL036	CL036	CL036			CL036	CL036
FBbt:20000742	adult clamp neuron 037	flywire	CL037	CL037	CL037				CL037
FBbt:20000743	adult clamp neuron 038	flywire	CL038	CL038	CL038			CL038	CL038
FBbt:20000747	adult clamp neuron 042	flywire	CL042	CL042	CL042			CL042	CL042
FBbt:20000753	adult clamp neuron 048	flywire	CL048	CL048	CL048			CL048	CL048
FBbt:20000757	adult clamp neuron 052	flywire	CL052		CL052				
FBbt:20000758	adult clamp neuron 053	flywire	CL053	CL053	CL053		CL053	CL053	CL053
FBbt:20000760	adult clamp neuron 055	flywire	CL055	CL055	CL055			CL055	
FBbt:20000763	adult clamp neuron 058	flywire	CL058	CL058	CL058			CL058	CL058
FBbt:20000764	adult clamp neuron 059	flywire	CL059	CL059	CL059				CL059
FBbt:20000765	adult clamp neuron 060	flywire	CL060	CL060	CL060				CL060
FBbt:20000769	adult clamp neuron 064	flywire	CL064	CL064	CL064			CL064	CL064
FBbt:20000770	adult clamp neuron 065	flywire	CL065	CL065	CL065			CL065	CL065
FBbt:20000771	adult clamp neuron 066	flywire	CL066	CL066	CL066			CL066	CL066
FBbt:20000772	adult clamp neuron 067	flywire	CL067	CL067	CL067			CL067	CL067
FBbt:20000773	adult clamp neuron 068	flywire	CL068	CL068	CL068			CL068	CL068
FBbt:20000774	adult clamp neuron 069	flywire	CL069	CL069	CL069			CL069	CL069
FBbt:20000775	adult clamp neuron 070	flywire	CL070		CL070			CL070_a|CL070_b	
FBbt:20000776	adult clamp neuron 071	flywire	CL071		CL071			CL071_b|CL071_a	
FBbt:20000777	adult clamp neuron 072	flywire	CL072	CL072	CL072			CL072	CL072
FBbt:20000778	adult clamp neuron 073	flywire	CL073	CL073	CL073			CL073	CL073
FBbt:20000779	adult clamp neuron 074	flywire	CL074	CL074	CL074			CL074	CL074
FBbt:20000780	adult clamp neuron 075	flywire	CL075		CL075			CL075_b|CL075_a	
FBbt:20000782	adult clamp neuron 077	flywire	CL077	CL077	CL077			CL077	CL077
FBbt:20000783	adult clamp neuron 078	flywire	CL078		CL078			CL078_a|CL078_b|CL078_c	
FBbt:20000786	adult clamp neuron 081	flywire	CL081	CL081	CL081			CL081	CL081
FBbt:20000788	adult clamp neuron 083	flywire	CL083	CL083	CL083			CL083	CL083
FBbt:20000796	adult clamp neuron 091	flywire	CL091	CL091	CL091			CL091	CL091
FBbt:20000797	adult clamp neuron 092	flywire	CL092	CL092	CL092			CL092	CL092
FBbt:20000798	adult clamp neuron 093	flywire	CL093	CL093	CL093			CL093	CL093
FBbt:20000799	adult clamp neuron 094	flywire	CL094	CL094	CL094			CL094	CL094
FBbt:20000800	adult clamp neuron 095	flywire	CL095	CL095	CL095			CL095	CL095
FBbt:20000801	adult clamp neuron 096	flywire	CL096	CL096	CL096			CL096	CL096
FBbt:20000802	adult clamp neuron 097	flywire	CL097	CL097	CL097			CL097	CL097
FBbt:20000803	adult clamp neuron 098	flywire	CL098	CL098	CL098			CL098	CL098
FBbt:20000804	adult clamp neuron 099	flywire	CL099		CL099			CL099	
FBbt:20000805	adult clamp neuron 100	flywire	CL100	CL100	CL100			CL100	CL100
FBbt:20000806	adult clamp neuron 101	flywire	CL101	CL101	CL101			CL101	CL101
FBbt:20000807	adult clamp neuron 102	flywire	CL102	CL102	CL102			CL102	CL102
FBbt:20000809	adult clamp neuron 104	flywire	CL104	CL104	CL104			CL104	CL104
FBbt:20000812	adult clamp neuron 107	flywire	CL107	CL107	CL107			CL107	CL107
FBbt:20000813	adult clamp neuron 108	flywire	CL108	CL108	CL108			CL108	CL108
FBbt:20000814	adult clamp neuron 109	flywire	CL109	CL109	CL109			CL109	CL109
FBbt:20000815	adult clamp neuron 110	flywire	CL110	CL110	CL110			CL110	CL110
FBbt:20000816	adult clamp neuron 111	flywire	CL111	CL111	CL111			CL111	CL111
FBbt:20000817	adult clamp neuron 112	flywire	CL112	CL112	CL112			CL112	CL112
FBbt:20000818	adult clamp neuron 113	flywire	CL113	CL113	CL113			CL113	CL113
FBbt:20000819	adult clamp neuron 114	flywire	CL114	CL114	CL114			CL114	CL114
FBbt:20000820	adult clamp neuron 115	flywire	CL115	CL115	CL115			CL115	CL115
FBbt:20000821	adult clamp neuron 116	flywire	CL116	CL116	CL116			CL116	
FBbt:20000823	adult clamp neuron 118	flywire	CL118	CL118	CL118			CL118	CL118
FBbt:20000825	adult clamp neuron 120	flywire	CL120		CL120			CL120	
FBbt:20000829	adult clamp neuron 124	flywire	CL124	DNd05	CL124				DNd05
FBbt:20000830	adult clamp neuron 125	flywire	CL125		CL125		CL125	CL125	LMTe01
FBbt:20000831	adult clamp neuron 126	flywire	CL126	CL126	CL126			CL126	CL126
FBbt:20000832	adult clamp neuron 127	flywire	CL127	CL127	CL127			CL127	CL127
FBbt:20000833	adult clamp neuron 128	flywire	CL128		CL128			CL128_e|CL128_d|CL128_b|CL128_a|CL128_f|CL128_c	
FBbt:20000834	adult clamp neuron 129	flywire	CL129	CL129	CL129			CL129	CL129
FBbt:20000835	adult clamp neuron 130	flywire	CL130	CL130	CL130			CL130	CL130
FBbt:20000836	adult clamp neuron 131	flywire	CL131	CL131	CL131			CL131	CL131
FBbt:20000837	adult clamp neuron 132	flywire	CL132	CL132	CL132			CL132	CL132
FBbt:20000838	adult clamp neuron 133	flywire	CL133	CL133	CL133			CL133	CL133
FBbt:20000840	adult clamp neuron 135	flywire	CL135	CL135	CL135		CL135	CL135	CL135
FBbt:20000841	adult clamp neuron 136	flywire	CL136	CL136	CL136		CL136	CL136	CL136
FBbt:20000842	adult clamp neuron 137	flywire	CL137	DNp64	CL137				DNp64
FBbt:20000843	adult clamp neuron 138	flywire	CL138	DNp68	CL138				DNp68
FBbt:20000844	adult clamp neuron 139	flywire	CL139		CL139				
FBbt:20000845	adult clamp neuron 140	flywire	CL140	CL140	CL140			CL140	CL140
FBbt:20000846	adult clamp neuron 141	flywire	CL141	CL141	CL141			CL141	CL141
FBbt:20000847	adult clamp neuron 142	flywire	CL142	CL142	CL142			CL142	CL142
FBbt:20000848	adult clamp neuron 143	flywire	CL143	CL143	CL143			CL143	CL143
FBbt:20000849	adult clamp neuron 144	flywire	CL144	CL144	CL144			CL144	CL144
FBbt:20000851	adult clamp neuron 146	flywire	CL146	CL146	CL146			CL146	CL146
FBbt:20000854	adult clamp neuron 149	flywire	CL149	CL149	CL149			CL149	CL149
FBbt:20000855	adult clamp neuron 150	flywire	CL150	CL150	CL150			CL150	CL150
FBbt:20000856	adult clamp neuron 151	flywire	CL151	CL151	CL151			CL151	CL151
FBbt:20000857	adult clamp neuron 152	flywire	CL152	CL152	CL152			CL152	CL152
FBbt:20000858	adult clamp neuron 153	flywire	CL153	CL153	CL153			CL153	CL153
FBbt:20000859	adult clamp neuron 154	flywire	CL154	CL154	CL154			CL154	CL154
FBbt:20000860	adult clamp neuron 155	flywire	CL155	CL155	CL155			CL155	CL155
FBbt:20000861	adult clamp neuron 156	flywire	CL156	CL156	CL156				CL156
FBbt:20000862	adult clamp neuron 157	flywire	CL157	CL157	CL157			CL157	CL157
FBbt:20000863	adult clamp neuron 158	flywire	CL158	CL158	CL158			CL158	CL158
FBbt:20000864	adult clamp neuron 159	flywire	CL159	CL159	CL159			CL159	CL159
FBbt:20000865	adult clamp neuron 160	flywire	CL160	CL160	CL160			CL160	CL160
FBbt:20000866	adult clamp neuron 161	flywire	CL161		CL161			CL161_b|CL161_a	
FBbt:20000867	adult clamp neuron 162	flywire	CL162	CL162	CL162			CL162	CL162
FBbt:20000870	adult clamp neuron 165	flywire	CL165	CL165	CL165			CL165	CL165
FBbt:20000874	adult clamp neuron 169	flywire	CL169	CL169	CL169			CL169	CL169
FBbt:20000875	adult clamp neuron 170	flywire	CL170	CL170	CL170			CL170	CL170
FBbt:20000876	adult clamp neuron 171	flywire	CL171	CL171	CL171			CL171	CL171
FBbt:20000877	adult clamp neuron 172	flywire	CL172	CL172	CL172			CL172	CL172
FBbt:20000880	adult clamp neuron 175	flywire	CL175	CL175	CL175			CL175	CL175
FBbt:20000881	adult clamp neuron 176	flywire	CL176	CL176	CL176			CL176	CL176
FBbt:20000882	adult clamp neuron 177	flywire	CL177	CL177	CL177			CL177	CL177
FBbt:20000883	adult clamp neuron 178	flywire	CL178	CL178	CL178			CL178	CL178
FBbt:20000884	adult clamp neuron 179	flywire	CL179	CL179	CL179			CL179	CL179
FBbt:20000885	adult clamp neuron 180	flywire	CL180	CL180	CL180			CL180	CL180
FBbt:20000887	adult clamp neuron 182	flywire	CL182	CL182	CL182			CL182	CL182
FBbt:20000888	adult clamp neuron 183	flywire	CL183	CL183	CL183			CL183	CL183
FBbt:20000891	adult clamp neuron 186	flywire	CL186	CL186	CL186			CL186	CL186
FBbt:20000892	adult clamp neuron 187	flywire	CL187	CL187	CL187			CL187	CL187
FBbt:20000900	adult clamp neuron 195	flywire	CL195	CL195	CL195			CL195	CL195
FBbt:20000901	adult clamp neuron 196	flywire	CL196		CL196			CL196	
FBbt:20000904	adult clamp neuron 199	flywire	CL199	CL199	CL199			CL199	CL199
FBbt:20000905	adult clamp neuron 200	flywire	CL200	CL200	CL200			CL200	CL200
FBbt:20000906	adult clamp neuron 201	flywire	CL201	CL201	CL201			CL201	CL201
FBbt:20000908	adult clamp neuron 203	flywire	CL203	CL203	CL203			CL203	CL203
FBbt:20000909	adult clamp neuron 204	flywire	CL204	CL204	CL204			CL204	CL204
FBbt:20000910	adult clamp neuron 205	flywire	CL205	CL205	CL205			CL205	CL205
FBbt:20000911	adult clamp neuron 206	flywire	CL206	DNp46	CL206				DNp46
FBbt:20000913	adult clamp neuron 208	flywire	CL208	CL208	CL208			CL208	CL208
FBbt:20000914	adult clamp neuron 209	flywire	CL209	CL209	CL209			CL209	CL209
FBbt:20000915	adult clamp neuron 210	flywire	CL210	CL210	CL210_a|CL210_b			CL210_a	CL210
FBbt:20000916	adult clamp neuron 211	flywire	CL211	CL211	CL211			CL211	CL211
FBbt:20000917	adult clamp neuron 212	flywire	CL212	CL212	CL212			CL212	CL212
FBbt:20000918	adult clamp neuron 213	flywire	CL213	CL213	CL213			CL213	CL213
FBbt:20000919	adult clamp neuron 214	flywire	CL214	CL214	CL214			CL214	CL214
FBbt:20000920	adult clamp neuron 215	flywire	CL215	CL215	CL215			CL215	CL215
FBbt:20000921	adult clamp neuron 216	flywire	CL216	CL216	CL216			CL216	CL216
FBbt:20000939	adult clamp neuron 234	flywire	CL234	CL234	CL234			CL234	CL234
FBbt:20000940	adult clamp neuron 235	flywire	CL235	CL235	CL235			CL235	CL235
FBbt:20000941	adult clamp neuron 236	flywire	CL236	CL236	CL236			CL236	CL236
FBbt:20000942	adult clamp neuron 237	flywire	CL237	CL237	CL237				CL237
FBbt:20000944	adult clamp neuron 239	flywire	CL239	CL239	CL239			CL239	CL239
FBbt:20000949	adult clamp neuron 244	flywire	CL244	CL244	CL244			CL244	CL244
FBbt:20000950	adult clamp neuron 245	flywire	CL245	CL245	CL245			CL245	CL245
FBbt:20000951	adult clamp neuron 246	flywire	CL246	CL246	CL246			CL246	CL246
FBbt:20000952	adult clamp neuron 247	flywire	CL247	DNp59	CL247				DNp59
FBbt:20000953	adult clamp neuron 248	flywire	CL248	CL248	CL248			CL248	CL248
FBbt:20000955	adult clamp neuron 250	flywire	CL250	CL250	CL250			CL250	CL250
FBbt:20000956	adult clamp neuron 251	flywire	CL251	CL251	CL251			CL251	CL251
FBbt:20000957	adult clamp neuron 252	flywire	CL252	CL252	CL252			CL252	CL252
FBbt:20000958	adult clamp neuron 253	flywire	CL253	CL253	CL253			CL253	CL253
FBbt:20000959	adult clamp neuron 254	flywire	CL254	CL254	CL254			CL254	CL254
FBbt:20000960	adult clamp neuron 255	flywire	CL255	CL255	CL255			CL255	CL255
FBbt:20000961	adult clamp neuron 256	flywire	CL256	CL256	CL256			CL256	CL256
FBbt:20000962	adult clamp neuron 257	flywire	CL257	CL257	CL257			CL257	CL257
FBbt:20000963	adult clamp neuron 258	flywire	CL258	CL258	CL258			CL258	CL258
FBbt:20000966	adult clamp neuron 261	flywire	CL261		CL261			CL261	
FBbt:20000968	adult clamp neuron 263	flywire	CL263	CL263	CL263			CL263	CL263
FBbt:20000969	adult clamp neuron 264	flywire	CL264	CL264	CL264			CL264	CL264
FBbt:20000970	adult clamp neuron 265	flywire	CL265	CL265	CL265				CL265
FBbt:20000971	adult clamp neuron 266	flywire	CL266		CL266_a|CL266_b			CL266_a2|CL266_b1|CL266_a1|CL266_a3|CL266_b2	
FBbt:20000972	adult clamp neuron 267	flywire	CL267	CL267	CL267			CL267	CL267
FBbt:20000973	adult clamp neuron 268	flywire	CL268	CL268	CL268			CL268	CL268
FBbt:20000974	adult clamp neuron 269	flywire	CL269	CL269	CL269			CL269	CL269
FBbt:20000975	adult clamp neuron 270	flywire	CL270		CL270			CL270	
FBbt:20000976	adult clamp neuron 271	flywire	CL271	CL271	CL271			CL271	CL271
FBbt:20000978	adult clamp neuron 273	flywire	CL273	CL273	CL273			CL273	CL273
FBbt:20000983	adult clamp neuron 278	flywire	CL278		CL278				
FBbt:20000984	adult clamp neuron 279	flywire	CL279		CL279				
FBbt:20000987	adult clamp neuron 282	flywire	CL282	CL282	CL282			CL282	CL282
FBbt:20000988	adult clamp neuron 283	flywire	CL283		CL283			CL283_b|CL283_a|CL283_c	
FBbt:20000991	adult clamp neuron 286	flywire	CL286	CL286	CL286			CL286	CL286
FBbt:20000992	adult clamp neuron 287	flywire	CL287	CL287	CL287			CL287	CL287
FBbt:20000993	adult clamp neuron 288	flywire	CL288	CL288	CL288			CL288	CL288
FBbt:20000994	adult clamp neuron 289	flywire	CL289	CL289	CL289				CL289
FBbt:20000995	adult clamp neuron 290	flywire	CL290	CL290	CL290			CL290	CL290
FBbt:20000996	adult clamp neuron 291	flywire	CL291	CL291	CL291			CL291	CL291
FBbt:20000997	adult clamp neuron 292	flywire	CL292		CL292			CL292	
FBbt:20000998	adult clamp neuron 293	flywire	CL293	CL293	CL293			CL293	CL293
FBbt:20000999	adult clamp neuron 294	flywire	CL294	CL294	CL294			CL294	CL294
FBbt:20001008	adult clamp neuron 303	flywire	CL303	CL303	CL303			CL303	CL303
FBbt:20001009	adult clamp neuron 304	flywire	CL304	DNp69	CL304				DNp69
FBbt:20001010	adult clamp neuron 305	flywire	CL305	DNp70	CL305				DNp70
FBbt:20001013	adult clamp neuron 308	flywire	CL308	CL308	CL308			CL308	CL308
FBbt:20001014	adult clamp neuron 309	flywire	CL309	CL309	CL309			CL309	CL309
FBbt:20001015	adult clamp neuron 310	flywire	CL310	CL310	CL310			CL310	CL310
FBbt:20001016	adult clamp neuron 311	flywire	CL311	CL311	CL311			CL311	CL311
FBbt:20001017	adult clamp neuron 312	flywire	CL312	CL312	CL312				
FBbt:20001018	adult clamp neuron 313	flywire	CL313	CL313	CL313				CL313
FBbt:20001019	adult clamp neuron 314	flywire	CL314	CL314	CL314			CL314	CL314
FBbt:20001020	adult clamp neuron 315	flywire	CL315	CL315	CL315			CL315	
FBbt:20001021	adult clamp neuron 316	flywire	CL316	CL316	CL316			CL316	CL316
FBbt:20001022	adult clamp neuron 317	flywire	CL317	CL317	CL317			CL317	CL317
FBbt:20001023	adult clamp neuron 318	flywire	CL318	CL318	CL318			CL318	CL318
FBbt:20001024	adult clamp neuron 319	flywire	CL319	CL319	CL319			CL319	CL319
FBbt:20001026	adult clamp neuron 321	flywire	CL321	CL321	CL321			CL321	CL321
FBbt:20001027	adult clamp neuron 322	flywire	CL322	CL322	CL322			CL322	CL322
FBbt:20001028	adult clamp neuron 323	flywire	CL323		CL323			CL323	
FBbt:20001031	adult clamp neuron 326	flywire	CL326	CL326	CL326			CL326	CL326
FBbt:20001032	adult clamp neuron 327	flywire	CL327	CL327	CL327			CL327	CL327
FBbt:20001037	adult clamp neuron 332	flywire	CL332	DNp43	CL332				DNp43
FBbt:20001038	adult clamp neuron 333	flywire	CL333	CL333	CL333			CL333	CL333
FBbt:20001040	adult clamp neuron 335	flywire	CL335	CL335	CL335			CL335	CL335
FBbt:20001041	adult clamp neuron 336	flywire	CL336	CL336	CL336			CL336	CL336
FBbt:20001044	adult clamp neuron 339	flywire	CL339	CL339	CL339			CL339	CL339
FBbt:20001045	adult clamp neuron 340	flywire	CL340	CL340	CL340			CL340	CL340
FBbt:20001047	adult clamp neuron 342	flywire	CL342	DNp36	CL342				
FBbt:20001049	adult clamp neuron 344	flywire	CL344	CL344	CL344			CL344_b|CL344_a	CL344
FBbt:20001053	adult clamp neuron 348	flywire	CL348	CL348	CL348			CL348	CL348
FBbt:20001057	adult clamp neuron 352	flywire	CL352	CL352	CL352			CL352	
FBbt:20001061	adult clamp neuron 356	flywire	CL356	CL356	CL356		CL356	CL356	CL356
FBbt:20001064	adult clamp neuron 359	flywire	CL359	CL359	CL359			CL359	CL359
FBbt:20001065	adult clamp neuron 360	flywire	CL360	CL360	CL360			CL360	CL360
FBbt:20001066	adult clamp neuron 361	flywire	CL361	CL361	CL361			CL361	CL361
FBbt:20001067	adult clamp neuron 362	flywire	CL362	CL362	CL362			CL362	CL362
FBbt:20001069	adult clamp neuron 364	flywire	CL364	CL364	CL364			CL364	CL364
FBbt:20001070	adult crepine neuron 001	flywire	CRE001	CRE001	CRE001			CRE001	CRE001
FBbt:20001073	adult crepine neuron 004	flywire	CRE004	CRE004	CRE004			CRE004	CRE004
FBbt:20001074	adult crepine neuron 005	flywire	CRE005	CRE005	CRE005			CRE005	CRE005
FBbt:20001075	adult crepine neuron 006	flywire	CRE006	CRE006	CRE006			CRE006	CRE006
FBbt:20001076	adult crepine neuron 007	flywire	CRE007	CRE007	CRE007			CRE007	CRE007
FBbt:20001078	adult crepine neuron 009	flywire	CRE009	CRE009	CRE009			CRE009	CRE009
FBbt:20001080	adult crepine neuron 011	flywire	CRE011	CRE011	CRE011			CRE011	CRE011
FBbt:20001081	adult crepine neuron 012	flywire	CRE012	CRE012	CRE012			CRE012	CRE012
FBbt:20001082	adult crepine neuron 013	flywire	CRE013	CRE013	CRE013			CRE013	CRE013
FBbt:20001084	adult crepine neuron 015	flywire	CRE015	CRE015	CRE015			CRE015	CRE015
FBbt:20001085	adult crepine neuron 016	flywire	CRE016	CRE016	CRE016			CRE016	CRE016
FBbt:20001086	adult crepine neuron 017	flywire	CRE017	CRE017	CRE017			CRE017	CRE017
FBbt:20001087	adult crepine neuron 018	flywire	CRE018	CRE018	CRE018			CRE018	CRE018
FBbt:20001088	adult crepine neuron 019	flywire	CRE019	CRE019	CRE019			CRE019	CRE019
FBbt:20001089	adult crepine neuron 020	flywire	CRE020	CRE020	CRE020			CRE020	CRE020
FBbt:20001090	adult crepine neuron 021	flywire	CRE021	CRE021	CRE021			CRE021	CRE021
FBbt:20001091	adult crepine neuron 022	flywire	CRE022	CRE022	CRE022			CRE022	CRE022
FBbt:20001092	adult crepine neuron 023	flywire	CRE023	CRE023	CRE023			CRE023	CRE023
FBbt:20001093	adult crepine neuron 024	flywire	CRE024	CRE024	CRE024			CRE024	CRE024
FBbt:20001094	adult crepine neuron 025	flywire	CRE025	CRE025	CRE025			CRE025	CRE025
FBbt:20001096	adult crepine neuron 027	flywire	CRE027	CRE027	CRE027			CRE027	CRE027
FBbt:20001109	adult crepine neuron 040	flywire	CRE040	CRE040	CRE040			CRE040	CRE040
FBbt:20001110	adult crepine neuron 041	flywire	CRE041	CRE041	CRE041			CRE041	CRE041
FBbt:20001111	adult crepine neuron 042	flywire	CRE042	CRE042	CRE042			CRE042	CRE042
FBbt:20001112	adult crepine neuron 043	flywire	CRE043	CRE043	CRE043_a|CRE043_b|CRE043_c|CRE043_d			CRE043_d|CRE043_b|CRE043_a1|CRE043_c1|CRE043_a2|CRE043_c2|CRE043_a3	CRE043
FBbt:20001113	adult crepine neuron 044	flywire	CRE044	CRE044	CRE044			CRE044	CRE044
FBbt:20001117	adult crepine neuron 048	flywire	CRE048	CRE048	CRE048			CRE048	CRE048
FBbt:20001118	adult crepine neuron 049	flywire	CRE049	CRE049	CRE049			CRE049	CRE049
FBbt:20001119	adult crepine neuron 050	flywire	CRE050	CRE050	CRE050			CRE050	CRE050
FBbt:20001125	adult crepine neuron 056	flywire	CRE056	CRE056	CRE056			CRE056	CRE056
FBbt:20001128	adult crepine neuron 059	flywire	CRE059	CRE059	CRE059			CRE059	CRE059
FBbt:20001134	adult crepine neuron 065	flywire	CRE065	CRE065	CRE065			CRE065	CRE065
FBbt:20001135	adult crepine neuron 066	flywire	CRE066	CRE066	CRE066			CRE066	CRE066
FBbt:20001137	adult crepine neuron 068	flywire	CRE068	CRE068	CRE068			CRE068	CRE068
FBbt:20001138	adult crepine neuron 069	flywire	CRE069	CRE069	CRE069			CRE069	CRE069
FBbt:20001139	adult crepine neuron 070	flywire	CRE070	CRE070	CRE070			CRE070	CRE070
FBbt:20001140	adult crepine neuron 071	flywire	CRE071	CRE071	CRE071			CRE071	CRE071
FBbt:20001141	adult crepine neuron 072	flywire	CRE072	CRE072	CRE072			CRE072	CRE072
FBbt:20001143	adult crepine neuron 074	flywire	CRE074	CRE074	CRE074			CRE074	CRE074
FBbt:20001144	adult crepine neuron 075	flywire	CRE075	CRE075	CRE075			CRE075	CRE075
FBbt:20001145	adult crepine neuron 076	flywire	CRE076	CRE076	CRE076			CRE076	CRE076
FBbt:20001146	adult crepine neuron 077	flywire	CRE077	CRE077	CRE077			CRE077	CRE077
FBbt:20001147	adult crepine neuron 078	flywire	CRE078	CRE078	CRE078			CRE078	CRE078
FBbt:20001148	adult crepine neuron 079	flywire	CRE079	CRE079	CRE079			CRE079	CRE079
FBbt:20001149	adult crepine neuron 080	flywire	CRE080		CRE080			CRE080_c|CRE080_b|CRE080_a|CRE080_d	
FBbt:20001150	adult crepine neuron 081	flywire	CRE081	CRE081	CRE081			CRE081	CRE081
FBbt:20001151	adult crepine neuron 082	flywire	CRE082	CRE082	CRE082			CRE082	CRE082
FBbt:20001156	adult crepine neuron 087	flywire	CRE087	CRE087	CRE087				CRE087
FBbt:20001157	adult crepine neuron 088	flywire	CRE088	CRE088	CRE088			CRE088	CRE088
FBbt:20001163	adult crepine neuron 094	flywire	CRE094	CRE094	CRE094			CRE094	CRE094
FBbt:20001164	adult crepine neuron 095	flywire	CRE095		CRE095			CRE095	CRE095
FBbt:20001165	adult crepine neuron 096	flywire	CRE096	CRE096	CRE096			CRE096	CRE096
FBbt:20001169	adult crepine neuron 100	flywire	CRE100	CRE100	CRE100			CRE100	CRE100
FBbt:20001171	adult crepine neuron 102	flywire	CRE102	CRE102	CRE102			CRE102	CRE102
FBbt:20001172	adult crepine neuron 103	flywire	CRE103		CRE103			CRE103	
FBbt:20001173	adult crepine neuron 104	flywire	CRE104	CRE104	CRE104			CRE104	CRE104
FBbt:20001174	adult crepine neuron 105	flywire	CRE105	CRE105	CRE105			CRE105	CRE105
FBbt:20001175	adult crepine neuron 106	flywire	CRE106	CRE106	CRE106			CRE106	CRE106
FBbt:20001176	adult crepine neuron 107	flywire	CRE107	CRE107	CRE107			CRE107	CRE107
FBbt:20001177	adult crepine neuron 108	flywire	CRE108	CRE108	CRE108			CRE108	CRE108
FBbt:20001182	adult inferior bridge neuron 005	flywire	IB005	IB005	IB005			IB005	IB005
FBbt:20001184	adult inferior bridge neuron 007	flywire	IB007	IB007	IB007			IB007	IB007
FBbt:20001185	adult inferior bridge neuron 008	flywire	IB008	IB008	IB008			IB008	IB008
FBbt:20001186	adult inferior bridge neuron 009	flywire	IB009	IB009	IB009			IB009	IB009
FBbt:20001187	adult inferior bridge neuron 010	flywire	IB010	IB010	IB010			IB010	IB010
FBbt:20001189	adult inferior bridge neuron 012	flywire	IB012	IB012	IB012			IB012	IB012
FBbt:20001191	adult inferior bridge neuron 014	flywire	IB014	H01	IB014			IB014	H01
FBbt:20001192	adult inferior bridge neuron 015	flywire	IB015	IB015	IB015			IB015	IB015
FBbt:20001193	adult inferior bridge neuron 016	flywire	IB016	IB016	IB016			IB016	IB016
FBbt:20001194	adult inferior bridge neuron 017	flywire	IB017	IB017	IB017			IB017	IB017
FBbt:20001195	adult inferior bridge neuron 018	flywire	IB018	IB018	IB018			IB018	IB018
FBbt:20001197	adult inferior bridge neuron 020	flywire	IB020	IB020	IB020			IB020	IB020
FBbt:20001198	adult inferior bridge neuron 021	flywire	IB021	IB021	IB021			IB021	IB021
FBbt:20001199	adult inferior bridge neuron 022	flywire	IB022	IB022	IB022			IB022	IB022
FBbt:20001200	adult inferior bridge neuron 023	flywire	IB023	IB023	IB023			IB023	IB023
FBbt:20001201	adult inferior bridge neuron 024	flywire	IB024	IB024	IB024			IB024	IB024
FBbt:20001202	adult inferior bridge neuron 025	flywire	IB025	IB025	IB025			IB025	IB025
FBbt:20001203	adult inferior bridge neuron 026	flywire	IB026	IB026	IB026			IB026	IB026
FBbt:20001208	adult inferior bridge neuron 031	flywire	IB031	IB031	IB031			IB031	IB031
FBbt:20001209	adult inferior bridge neuron 032	flywire	IB032	IB032	IB032			IB032	IB032
FBbt:20001215	adult inferior bridge neuron 038	flywire	IB038	IB038	IB038			IB038	IB038
FBbt:20001221	adult inferior bridge neuron 044	flywire	IB044	IB044	IB044		IB044	IB044	IB044
FBbt:20001222	adult inferior bridge neuron 045	flywire	IB045	IB045	IB045			IB045	IB045
FBbt:20001224	adult inferior bridge neuron 047	flywire	IB047	IB047	IB047			IB047	IB047
FBbt:20001225	adult inferior bridge neuron 048	flywire	IB048	IB048	IB048			IB048	IB048
FBbt:20001226	adult inferior bridge neuron 049	flywire	IB049	IB049	IB049			IB049	IB049
FBbt:20001227	adult inferior bridge neuron 050	flywire	IB050	IB050	IB050			IB050	IB050
FBbt:20001228	adult inferior bridge neuron 051	flywire	IB051	IB051	IB051			IB051	IB051
FBbt:20001235	adult inferior bridge neuron 058	flywire	IB058	IB058	IB058			IB058	IB058
FBbt:20001236	adult inferior bridge neuron 059	flywire	IB059		IB059			IB059_a|IB059_b	
FBbt:20001237	adult inferior bridge neuron 060	flywire	IB060	IB060	IB060			IB060	IB060
FBbt:20001238	adult inferior bridge neuron 061	flywire	IB061	IB061	IB061			IB061	IB061
FBbt:20001239	adult inferior bridge neuron 062	flywire	IB062	IB062	IB062			IB062	IB062
FBbt:20001241	adult inferior bridge neuron 064	flywire	IB064	IB064	IB064			IB064	IB064
FBbt:20001242	adult inferior bridge neuron 065	flywire	IB065	IB065	IB065			IB065	IB065
FBbt:20001243	adult inferior bridge neuron 066	flywire	IB066	IB066	IB066			IB066	IB066
FBbt:20001245	adult inferior bridge neuron 068	flywire	IB068	IB068	IB068			IB068	IB068
FBbt:20001246	adult inferior bridge neuron 069	flywire	IB069	IB069	IB069			IB069	IB069
FBbt:20001253	adult inferior bridge neuron 076	flywire	IB076	IB076	IB076			IB076	IB076
FBbt:20001261	adult inferior bridge neuron 084	flywire	IB084	IB084	IB084			IB084	IB084
FBbt:20001262	adult inferior bridge neuron 085	flywire	IB085	LTe49a	IB085			LoVP23	LTe49a
FBbt:20001265	adult inferior bridge neuron 088	flywire	IB088	LTe49b	IB088			LoVP21	LTe49b
FBbt:20001266	adult inferior bridge neuron 089	flywire	IB089	LTe49c	IB089				LTe49c
FBbt:20001267	adult inferior bridge neuron 090	flywire	IB090	LTe49d	IB090				LTe49d
FBbt:20001268	adult inferior bridge neuron 091	flywire	IB091	LTe49e	IB091			LoVP22	LTe49e
FBbt:20001269	adult inferior bridge neuron 092	flywire	IB092	IB092	IB092			IB092	IB092
FBbt:20001270	adult inferior bridge neuron 093	flywire	IB093	IB093	IB093			IB093	IB093
FBbt:20001271	adult inferior bridge neuron 094	flywire	IB094	IB094	IB094			IB094	IB094
FBbt:20001272	adult inferior bridge neuron 095	flywire	IB095	IB095	IB095			IB095	IB095
FBbt:20001274	adult inferior bridge neuron 097	flywire	IB097	IB097	IB097			IB097	IB097
FBbt:20001286	adult inferior bridge neuron 109	flywire	IB109	SMPp&v1B_M01	IB109			IB109	SMPp&v1B_M01
FBbt:20001287	adult inferior bridge neuron 110	flywire	IB110	IB110	IB110			IB110	IB110
FBbt:20001290	adult inferior bridge neuron 113	flywire	IB113	AN_multi_17	IB113				
FBbt:20001291	adult inferior bridge neuron 114	flywire	IB114	IB114	IB114			IB114	IB114
FBbt:20001292	adult inferior bridge neuron 115	flywire	IB115	IB115	IB115			IB115	IB115
FBbt:20001293	adult inferior bridge neuron 116	flywire	IB116	IB116	IB116			IB116	IB116
FBbt:20001294	adult inferior bridge neuron 117	flywire	IB117	IB117	IB117			IB117	IB117
FBbt:20001295	adult inferior bridge neuron 118	flywire	IB118	IB118	IB118			IB118	IB118
FBbt:20001297	adult lateral accessory lobe neuron 001	flywire	LAL001	LAL001	LAL001			LAL001	LAL001
FBbt:20001298	adult lateral accessory lobe neuron 002	flywire	LAL002	LAL002	LAL002			LAL002	LAL002
FBbt:20001300	adult lateral accessory lobe neuron 004	flywire	LAL004	LAL004	LAL004			LAL004	LAL004
FBbt:20001302	adult lateral accessory lobe neuron 006	flywire	LAL006	LAL006	LAL006			LAL006	LAL006
FBbt:20001303	adult lateral accessory lobe neuron 007	flywire	LAL007	LAL007	LAL007			LAL007	LAL007
FBbt:20001304	adult lateral accessory lobe neuron 008	flywire	LAL008	LAL008	LAL008			LAL008	
FBbt:20001305	adult lateral accessory lobe neuron 009	flywire	LAL009	LAL009	LAL009			LAL009	LAL009
FBbt:20001306	adult lateral accessory lobe neuron 010	flywire	LAL010	LAL010	LAL010			LAL010	LAL010
FBbt:20001307	adult lateral accessory lobe neuron 011	flywire	LAL011	LAL011	LAL011			LAL011	LAL011
FBbt:20001308	adult lateral accessory lobe neuron 012	flywire	LAL012	LAL012	LAL012			LAL012	LAL012
FBbt:20001309	adult lateral accessory lobe neuron 013	flywire	LAL013	LAL013	LAL013			LAL013	LAL013
FBbt:20001310	adult lateral accessory lobe neuron 014	flywire	LAL014	LAL014	LAL014			LAL014	LAL014
FBbt:20001311	adult lateral accessory lobe neuron 015	flywire	LAL015	LAL015	LAL015			LAL015	LAL015
FBbt:20001312	adult lateral accessory lobe neuron 016	flywire	LAL016	LAL016	LAL016			LAL016	LAL016
FBbt:20001313	adult lateral accessory lobe neuron 017	flywire	LAL017	LAL017	LAL017			LAL017	LAL017
FBbt:20001314	adult lateral accessory lobe neuron 018	flywire	LAL018	LAL018	LAL018			LAL018	LAL018
FBbt:20001315	adult lateral accessory lobe neuron 019	flywire	LAL019	LAL019	LAL019			LAL019	LAL019
FBbt:20001316	adult lateral accessory lobe neuron 020	flywire	LAL020	LAL020	LAL020			LAL020	LAL020
FBbt:20001317	adult lateral accessory lobe neuron 021	flywire	LAL021	LAL021	LAL021			LAL021	LAL021
FBbt:20001318	adult lateral accessory lobe neuron 022	flywire	LAL022	LAL022	LAL022			LAL022	LAL022
FBbt:20001319	adult lateral accessory lobe neuron 023	flywire	LAL023	LAL023	LAL023			LAL023	LAL023
FBbt:20001320	adult lateral accessory lobe neuron 024	flywire	LAL024	LAL024	LAL024			LAL024	LAL024
FBbt:20001322	adult lateral accessory lobe neuron 026	flywire	LAL026	LAL026	LAL026			LAL026_a|LAL026_b	LAL026
FBbt:20001323	adult lateral accessory lobe neuron 027	flywire	LAL027	LAL027	LAL027			LAL027	LAL027
FBbt:20001327	adult lateral accessory lobe neuron 031	flywire	LAL031	LAL031	LAL031			LAL031	LAL031
FBbt:20001330	adult lateral accessory lobe neuron 034	flywire	LAL034	LAL034	LAL034			LAL034	LAL034
FBbt:20001331	adult lateral accessory lobe neuron 035	flywire	LAL035	LAL035	LAL035			LAL035	LAL035
FBbt:20001333	adult lateral accessory lobe neuron 037	flywire	LAL037	LAL037	LAL037			LAL037	LAL037
FBbt:20001334	adult lateral accessory lobe neuron 038	flywire	LAL038	LAL038	LAL038				LAL038
FBbt:20001336	adult lateral accessory lobe neuron 040	flywire	LAL040	LAL040	LAL040			LAL040	LAL040
FBbt:20001337	adult lateral accessory lobe neuron 041	flywire	LAL041		LAL041				
FBbt:20001338	adult lateral accessory lobe neuron 042	flywire	LAL042	LAL042	LAL042			LAL042	LAL042
FBbt:20001339	adult lateral accessory lobe neuron 043	flywire	LAL043		LAL043			LAL043_b|LAL043_a|LAL043_c|LAL043_e|LAL043_d	
FBbt:20001341	adult lateral accessory lobe neuron 045	flywire	LAL045	LAL045	LAL045			LAL045	LAL045
FBbt:20001342	adult lateral accessory lobe neuron 046	flywire	LAL046	LAL046	LAL046			LAL046	LAL046
FBbt:20001343	adult lateral accessory lobe neuron 047	flywire	LAL047	LAL047	LAL047		LAL047	LAL047	LAL047
FBbt:20001345	adult lateral accessory lobe neuron 049	flywire	LAL049	LAL049	LAL049			LAL049	LAL049
FBbt:20001347	adult lateral accessory lobe neuron 051	flywire	LAL051	LAL051	LAL051			LAL051	LAL051
FBbt:20001348	adult lateral accessory lobe neuron 052	flywire	LAL052	LAL052	LAL052			LAL052	LAL052
FBbt:20001349	adult lateral accessory lobe neuron 053	flywire	LAL053	LAL053	LAL053			LAL053	LAL053
FBbt:20001350	adult lateral accessory lobe neuron 054	flywire	LAL054	LAL054	LAL054			LAL054	LAL054
FBbt:20001351	adult lateral accessory lobe neuron 055	flywire	LAL055	LAL055	LAL055		LAL055	LAL055	LAL055
FBbt:20001352	adult lateral accessory lobe neuron 056	flywire	LAL056	LAL056	LAL056			LAL056	LAL056
FBbt:20001355	adult lateral accessory lobe neuron 059	flywire	LAL059	LAL059	LAL059			LAL059	LAL059
FBbt:20001360	adult lateral accessory lobe neuron 064	flywire	LAL064		LAL064			LAL064	
FBbt:20001368	adult lateral accessory lobe neuron 072	flywire	LAL072	LAL072	LAL072			LAL072	LAL072
FBbt:20001369	adult lateral accessory lobe neuron 073	flywire	LAL073	LAL073	LAL073			LAL073	LAL073
FBbt:20001371	adult lateral accessory lobe neuron 075	flywire	LAL075	LAL075	LAL075			LAL075	LAL075
FBbt:20001372	adult lateral accessory lobe neuron 076	flywire	LAL076	LAL076	LAL076			LAL076	LAL076
FBbt:20001377	adult lateral accessory lobe neuron 081	flywire	LAL081	LAL081	LAL081			LAL081	LAL081
FBbt:20001378	adult lateral accessory lobe neuron 082	flywire	LAL082	LAL082	LAL082			LAL082	LAL082
FBbt:20001381	adult lateral accessory lobe neuron 085	flywire	LAL085	LAL085	LAL085			LAL085	LAL085
FBbt:20001382	adult lateral accessory lobe neuron 086	flywire	LAL086	LAL086	LAL086			LAL086	LAL086
FBbt:20001383	adult lateral accessory lobe neuron 087	flywire	LAL087	LAL087	LAL087			LAL087	LAL087
FBbt:20001384	adult lateral accessory lobe neuron 088	flywire	LAL088	LAL088	LAL088			LAL088	LAL088
FBbt:20001385	adult lateral accessory lobe neuron 089	flywire	LAL089	LAL089	LAL089			LAL089	LAL089
FBbt:20001386	adult lateral accessory lobe neuron 090	flywire	LAL090	LAL090	LAL090			LAL090	LAL090
FBbt:20001389	adult lateral accessory lobe neuron 093	flywire	LAL093	LAL093	LAL093			LAL093	LAL093
FBbt:20001390	adult lateral accessory lobe neuron 094	flywire	LAL094	LAL094	LAL094			LAL094	LAL094
FBbt:20001394	adult lateral accessory lobe neuron 098	flywire	LAL098	LAL098	LAL098			LAL098	LAL098
FBbt:20001395	adult lateral accessory lobe neuron 099	flywire	LAL099	LAL099	LAL099			LAL099	LAL099
FBbt:20001396	adult lateral accessory lobe neuron 100	flywire	LAL100	LAL100	LAL100			LAL100	LAL100
FBbt:20001397	adult lateral accessory lobe neuron 101	flywire	LAL101	LAL101	LAL101			LAL101	LAL101
FBbt:20001398	adult lateral accessory lobe neuron 102	flywire	LAL102	LAL102	LAL102			LAL102	LAL102
FBbt:20001403	adult lateral accessory lobe neuron 107	flywire	LAL107		LAL107			DNde003	
FBbt:20001406	adult lateral accessory lobe neuron 110	flywire	LAL110	LAL110	LAL110			LAL110	LAL110
FBbt:20001408	adult lateral accessory lobe neuron 112	flywire	LAL112	LAL112	LAL112			LAL112	LAL112
FBbt:20001409	adult lateral accessory lobe neuron 113	flywire	LAL113	LAL113	LAL113			LAL113	LAL113
FBbt:20001410	adult lateral accessory lobe neuron 114	flywire	LAL114	LAL114	LAL114			LAL114	LAL114
FBbt:20001411	adult lateral accessory lobe neuron 115	flywire	LAL115	LAL115	LAL115			LAL115	LAL115
FBbt:20001412	adult lateral accessory lobe neuron 116	flywire	LAL116	LAL116	LAL116			LAL116	LAL116
FBbt:20001413	adult lateral accessory lobe neuron 117	flywire	LAL117		LAL117			LAL117	
FBbt:20001415	adult lateral accessory lobe neuron 119	flywire	LAL119	LAL119	LAL119			LAL119	LAL119
FBbt:20001416	adult lateral accessory lobe neuron 120	flywire	LAL120		LAL120			LAL120_a|LAL120_b	
FBbt:20001417	adult lateral accessory lobe neuron 121	flywire	LAL121	LAL121	LAL121			LAL121	LAL121
FBbt:20001418	adult lateral accessory lobe neuron 122	flywire	LAL122	LAL122	LAL122			LAL122	LAL122
FBbt:20001419	adult lateral accessory lobe neuron 123	flywire	LAL123	LAL123	LAL123			LAL123	LAL123
FBbt:20001420	adult lateral accessory lobe neuron 124	flywire	LAL124	LAL124	LAL124			LAL124	LAL124
FBbt:20001422	adult lateral accessory lobe neuron 126	flywire	LAL126	LAL126	LAL126			LAL126	LAL126
FBbt:20001423	adult lateral accessory lobe neuron 127	flywire	LAL127	LAL127	LAL127			LAL127	LAL127
FBbt:20001424	adult lateral accessory lobe neuron 128	flywire	LAL128	LAL128	LAL128			LAL128	LAL128
FBbt:20001425	adult lateral accessory lobe neuron 129	flywire	LAL129	LAL129	LAL129			LAL129	LAL129
FBbt:20001426	adult lateral accessory lobe neuron 130	flywire	LAL130	LAL130	LAL130			LAL130	LAL130
FBbt:20001427	adult lateral accessory lobe neuron 131	flywire	LAL131		LAL131			LAL131	
FBbt:20001428	adult lateral accessory lobe neuron 132	flywire	LAL132		LAL132			LAL132_a|LAL132_b	
FBbt:20001429	adult lateral accessory lobe neuron 133	flywire	LAL133		LAL133			LAL133_e|LAL133_a|LAL133_c|LAL133_b|LAL133_d	
FBbt:20001431	adult lateral accessory lobe neuron 135	flywire	LAL135	LAL135	LAL135			LAL135	LAL135
FBbt:20001433	adult lateral accessory lobe neuron 137	flywire	LAL137	LAL137	LAL137			LAL137	LAL137
FBbt:20001435	adult lateral accessory lobe neuron 139	flywire	LAL139	LAL139	LAL139			LAL139	LAL139
FBbt:20001436	adult lateral accessory lobe neuron 140	flywire	LAL140	LAL140	LAL140			LAL140	LAL140
FBbt:20001437	adult lateral accessory lobe neuron 141	flywire	LAL141	LAL141	LAL141		LAL141	LAL141	LAL141
FBbt:20001438	adult lateral accessory lobe neuron 142	flywire	LAL142	LAL142	LAL142			LAL142	LAL142
FBbt:20001439	adult lateral accessory lobe neuron 143	flywire	LAL143	LAL143	LAL143			LAL143	LAL143
FBbt:20001440	adult lateral accessory lobe neuron 144	flywire	LAL144		LAL144			LAL144	
FBbt:20001441	adult lateral accessory lobe neuron 145	flywire	LAL145	LAL145	LAL145			LAL145	LAL145
FBbt:20001442	adult lateral accessory lobe neuron 146	flywire	LAL146	LAL146	LAL146			LAL146	LAL146
FBbt:20001443	adult lateral accessory lobe neuron 147	flywire	LAL147		LAL147			LAL147_c|LAL147_a|LAL147_b	
FBbt:20001444	adult lateral accessory lobe neuron 148	flywire	LAL148	LAL148	LAL148			LAL148	LAL148
FBbt:20001445	adult lateral accessory lobe neuron 149	flywire	LAL149	LAL149	LAL149			LAL149	LAL149
FBbt:20001446	adult lateral accessory lobe neuron 150	flywire	LAL150		LAL150			LAL150	
FBbt:20001447	adult lateral accessory lobe neuron 151	flywire	LAL151	LAL151	LAL151			LAL151	LAL151
FBbt:20001448	adult lateral accessory lobe neuron 152	flywire	LAL152	LAL152	LAL152			LAL152	LAL152
FBbt:20001449	adult lateral accessory lobe neuron 153	flywire	LAL153	LAL153	LAL153			LAL153	LAL153
FBbt:20001450	adult lateral accessory lobe neuron 154	flywire	LAL154	LAL154	LAL154			LAL154	LAL154
FBbt:20001451	adult lateral accessory lobe neuron 155	flywire	LAL155	LAL155	LAL155			LAL155	LAL155
FBbt:20001452	adult lateral accessory lobe neuron 156	flywire	LAL156		LAL156			LAL156_a|LAL156_b	
FBbt:20001453	adult lateral accessory lobe neuron 157	flywire	LAL157	LAL157	LAL157			LAL157	LAL157
FBbt:20001454	adult lateral accessory lobe neuron 158	flywire	LAL158	LAL158	LAL158			LAL158	LAL158
FBbt:20001455	adult lateral accessory lobe neuron 159	flywire	LAL159	LAL159	LAL159			LAL159	LAL159
FBbt:20001458	adult lateral accessory lobe neuron 162	flywire	LAL162	LAL162	LAL162			LAL162	LAL162
FBbt:20001461	adult lateral accessory lobe neuron 165	flywire	LAL165	LAL165	LAL165			LAL165	LAL165
FBbt:20001463	adult lateral accessory lobe neuron 167	flywire	LAL167		LAL167			LAL167	
FBbt:20001464	adult lateral accessory lobe neuron 168	flywire	LAL168		LAL168			LAL168	
FBbt:20001465	adult lateral accessory lobe neuron 169	flywire	LAL169	LAL169	LAL169			LAL169	LAL169
FBbt:20001466	adult lateral accessory lobe neuron 170	flywire	LAL170	LAL170	LAL170			LAL170	LAL170
FBbt:20001471	adult lateral accessory lobe neuron 175	flywire	LAL175	LAL175	LAL175			LAL175	LAL175
FBbt:20001475	adult lateral accessory lobe neuron 179	flywire	LAL179		LAL179			LAL179	
FBbt:20001476	adult lateral accessory lobe neuron 180	flywire	LAL180	LAL180	LAL180			LAL180	LAL180
FBbt:20001477	adult lateral accessory lobe neuron 181	flywire	LAL181	LAL181	LAL181			LAL181	LAL181
FBbt:20001478	adult lateral accessory lobe neuron 182	flywire	LAL182	LAL182	LAL182			LAL182	LAL182
FBbt:20001479	adult lateral accessory lobe neuron 183	flywire	LAL183	LAL183	LAL183			LAL183	LAL183
FBbt:20001480	adult lateral accessory lobe neuron 184	flywire	LAL184	LAL184	LAL184			LAL184	LAL184
FBbt:20001481	adult lateral accessory lobe neuron 185	flywire	LAL185	LAL185	LAL185			LAL185	LAL185
FBbt:20001482	adult lateral accessory lobe neuron 186	flywire	LAL186	LAL186	LAL186			LAL186	LAL186
FBbt:20001483	adult lateral accessory lobe neuron 187	flywire	LAL187	LAL187	LAL187			LAL187	LAL187
FBbt:20001484	adult lateral accessory lobe neuron 188	flywire	LAL188	LAL188	LAL188			LAL188_a|LAL188_b	LAL188
FBbt:20001486	adult lateral accessory lobe neuron 190	flywire	LAL190	LAL190	LAL190			LAL190	LAL190
FBbt:20001489	adult lateral accessory lobe neuron 193	flywire	LAL193	LAL193	LAL193			LAL193	LAL193
FBbt:20001490	adult lateral accessory lobe neuron 194	flywire	LAL194	LAL194	LAL194			LAL194	LAL194
FBbt:20001491	adult lateral accessory lobe neuron 195	flywire	LAL195	LAL195	LAL195			LAL195	LAL195
FBbt:20001492	adult lateral accessory lobe neuron 196	flywire	LAL196	LAL196	LAL196			LAL196	LAL196
FBbt:20001493	adult lateral accessory lobe neuron 197	flywire	LAL197	LAL197	LAL197			LAL197	LAL197
FBbt:20001494	adult lateral accessory lobe neuron 198	flywire	LAL198	LAL198	LAL198			LAL198	LAL198
FBbt:20001495	adult lateral accessory lobe neuron 199	flywire	LAL199	LAL199	LAL199			LAL199	LAL199
FBbt:20001496	adult lateral accessory lobe neuron 200	flywire	LAL200	LAL200	LAL200			LAL200	LAL200
FBbt:20001499	adult lateral accessory lobe neuron 203	flywire	LAL203	LAL203	LAL203			LAL203	LAL203
FBbt:20001501	adult posterior lateral protocerebrum neuron 001	flywire	PLP001	PLP001	PLP001		PLP001	PLP001	PLP001
FBbt:20001504	adult posterior lateral protocerebrum neuron 004	flywire	PLP004	PLP004	PLP004		PLP004	PLP004	PLP004
FBbt:20001505	adult posterior lateral protocerebrum neuron 005	flywire	PLP005	PLP005	PLP005			PLP005	PLP005
FBbt:20001506	adult posterior lateral protocerebrum neuron 006	flywire	PLP006	PLP006	PLP006			PLP006	PLP006
FBbt:20001507	adult posterior lateral protocerebrum neuron 007	flywire	PLP007	PLP007	PLP007			PLP007	PLP007
FBbt:20001508	adult posterior lateral protocerebrum neuron 008	flywire	PLP008	PLP008	PLP008			PLP008	PLP008
FBbt:20001509	adult posterior lateral protocerebrum neuron 009	flywire	PLP009	PLP009	PLP009			PLP009	PLP009
FBbt:20001510	adult posterior lateral protocerebrum neuron 010	flywire	PLP010	PLP010	PLP010			PLP010	PLP010
FBbt:20001512	adult posterior lateral protocerebrum neuron 012	flywire	PLP012	PLP012	PLP012			PLP012	PLP012
FBbt:20001513	adult posterior lateral protocerebrum neuron 013	flywire	PLP013	PLP013	PLP013			PLP013	PLP013
FBbt:20001515	adult posterior lateral protocerebrum neuron 015	flywire	PLP015	PLP015	PLP015			PLP015	PLP015
FBbt:20001516	adult posterior lateral protocerebrum neuron 016	flywire	PLP016	PLP016	PLP016		PLP016	PLP016	PLP016
FBbt:20001517	adult posterior lateral protocerebrum neuron 017	flywire	PLP017	PLP017	PLP017			PLP017	PLP017
FBbt:20001518	adult posterior lateral protocerebrum neuron 018	flywire	PLP018	PLP018	PLP018			PLP018	PLP018
FBbt:20001519	adult posterior lateral protocerebrum neuron 019	flywire	PLP019	PLP019	PLP019			PLP019	PLP019
FBbt:20001520	adult posterior lateral protocerebrum neuron 020	flywire	PLP020	PLP020	PLP020		PLP020	PLP020	PLP020
FBbt:20001521	adult posterior lateral protocerebrum neuron 021	flywire	PLP021	PLP021	PLP021		PLP021	PLP021	PLP021
FBbt:20001522	adult posterior lateral protocerebrum neuron 022	flywire	PLP022	PLP022	PLP022		PLP022	PLP022	PLP022
FBbt:20001523	adult posterior lateral protocerebrum neuron 023	flywire	PLP023	PLP023	PLP023			PLP023	PLP023
FBbt:20001524	adult posterior lateral protocerebrum neuron 024	flywire	PLP024	PLP024	PLP024				PLP024
FBbt:20001525	adult posterior lateral protocerebrum neuron 025	flywire	PLP025		PLP025			PLP025	
FBbt:20001528	adult posterior lateral protocerebrum neuron 028	flywire	PLP028	PLP028	PLP028			PLP028	PLP028
FBbt:20001529	adult posterior lateral protocerebrum neuron 029	flywire	PLP029	PLP029	PLP029			PLP029	PLP029
FBbt:20001532	adult posterior lateral protocerebrum neuron 032	flywire	PLP032	PLP032	PLP032		PLP032	PLP032	PLP032
FBbt:20001534	adult posterior lateral protocerebrum neuron 034	flywire	PLP034	PLP034	PLP034		PLP034	PLP034	PLP034
FBbt:20001535	adult posterior lateral protocerebrum neuron 035	flywire	PLP035	PLP035	PLP035		PLP035	PLP035	PLP035
FBbt:20001536	adult posterior lateral protocerebrum neuron 036	flywire	PLP036	PLP036	PLP036		PLP036	PLP036	PLP036
FBbt:20001537	adult posterior lateral protocerebrum neuron 037	flywire	PLP037		PLP037			PLP037	
FBbt:20001538	adult posterior lateral protocerebrum neuron 038	flywire	PLP038	PLP038	PLP038			PLP038	PLP038
FBbt:20001539	adult posterior lateral protocerebrum neuron 039	flywire	PLP039	PLP039	PLP039			PLP039	PLP039
FBbt:20001542	adult posterior lateral protocerebrum neuron 042	flywire	PLP042		PLP042_a|PLP042_b|PLP042_c			PLP042_b|PLP042_c|PLP042_a	
FBbt:20001544	adult posterior lateral protocerebrum neuron 044	flywire	PLP044	PLP044	PLP044			PLP044	PLP044
FBbt:20001546	adult posterior lateral protocerebrum neuron 046	flywire	PLP046		PLP046_a|PLP046_b			PLP046	
FBbt:20001548	adult posterior lateral protocerebrum neuron 048	flywire	PLP048	PLP048	PLP048			PLP048	PLP048
FBbt:20001552	adult posterior lateral protocerebrum neuron 052	flywire	PLP052	PLP052	PLP052			PLP052	
FBbt:20001553	adult posterior lateral protocerebrum neuron 053	flywire	PLP053		PLP053			PLP053	
FBbt:20001554	adult posterior lateral protocerebrum neuron 054	flywire	PLP054	PLP054	PLP054			PLP054	PLP054
FBbt:20001555	adult posterior lateral protocerebrum neuron 055	flywire	PLP055	PLP055	PLP055			PLP055	
FBbt:20001557	adult posterior lateral protocerebrum neuron 057	flywire	PLP057		PLP057			PLP057	
FBbt:20001558	adult posterior lateral protocerebrum neuron 058	flywire	PLP058	PLP058	PLP058			PLP058	PLP058
FBbt:20001560	adult posterior lateral protocerebrum neuron 060	flywire	PLP060	PLP060	PLP060			PLP060	PLP060
FBbt:20001565	adult posterior lateral protocerebrum neuron 065	flywire	PLP065		PLP065			PLP065	
FBbt:20001567	adult posterior lateral protocerebrum neuron 067	flywire	PLP067		PLP067			PLP067	
FBbt:20001569	adult posterior lateral protocerebrum neuron 069	flywire	PLP069	PLP069	PLP069		PLP069	PLP069	PLP069
FBbt:20001571	adult posterior lateral protocerebrum neuron 071	flywire	PLP071	PLP071	PLP071			PLP071	PLP071
FBbt:20001573	adult posterior lateral protocerebrum neuron 073	flywire	PLP073	PLP073	PLP073			PLP073	PLP073
FBbt:20001574	adult posterior lateral protocerebrum neuron 074	flywire	PLP074	VESa2_H02	PLP074		PLP074	PLP074	VESa2_H02
FBbt:20001575	adult posterior lateral protocerebrum neuron 075	flywire	PLP075	PLP075	PLP075		PLP075	PLP075	PLP075
FBbt:20001576	adult posterior lateral protocerebrum neuron 076	flywire	PLP076	H03	PLP076			PLP076	H03
FBbt:20001578	adult posterior lateral protocerebrum neuron 078	flywire	PLP078	PLP078	PLP078		PLP078	PLP078	PLP078
FBbt:20001579	adult posterior lateral protocerebrum neuron 079	flywire	PLP079	PLP079	PLP079		PLP079	PLP079	PLP079
FBbt:20001580	adult posterior lateral protocerebrum neuron 080	flywire	PLP080		PLP080		PLP080	PLP080	
FBbt:20001581	adult posterior lateral protocerebrum neuron 081	flywire	PLP081	PLP081	PLP081			PLP081	PLP081
FBbt:20001586	adult posterior lateral protocerebrum neuron 086	flywire	PLP086		PLP086			PLP086	
FBbt:20001587	adult posterior lateral protocerebrum neuron 087	flywire	PLP087		PLP087			PLP087	
FBbt:20001589	adult posterior lateral protocerebrum neuron 089	flywire	PLP089		PLP089			PLP089	
FBbt:20001592	adult posterior lateral protocerebrum neuron 092	flywire	PLP092	PLP092	PLP092			PLP092	PLP092
FBbt:20001593	adult posterior lateral protocerebrum neuron 093	flywire	PLP093	PLP093	PLP093		PLP093	PLP093	PLP093
FBbt:20001594	adult posterior lateral protocerebrum neuron 094	flywire	PLP094	PLP094	PLP094		PLP094	PLP094	PLP094
FBbt:20001595	adult posterior lateral protocerebrum neuron 095	flywire	PLP095	PLP095	PLP095		PLP095	PLP095	PLP095
FBbt:20001596	adult posterior lateral protocerebrum neuron 096	flywire	PLP096	PLP096	PLP096		PLP096	PLP096	PLP096
FBbt:20001597	adult posterior lateral protocerebrum neuron 097	flywire	PLP097	PLP097	PLP097			PLP097	PLP097
FBbt:20001599	adult posterior lateral protocerebrum neuron 099	flywire	PLP099	PLP099	PLP099			PLP099	PLP099
FBbt:20001600	adult posterior lateral protocerebrum neuron 100	flywire	PLP100	PLP100	PLP100			PLP100	PLP100
FBbt:20001603	adult posterior lateral protocerebrum neuron 103	flywire	PLP103		PLP103			PLP103	
FBbt:20001604	adult posterior lateral protocerebrum neuron 104	flywire	PLP104	PLP104	PLP104				
FBbt:20001605	adult posterior lateral protocerebrum neuron 105	flywire	PLP105		PLP105				
FBbt:20001606	adult posterior lateral protocerebrum neuron 106	flywire	PLP106	PLP106	PLP106			PLP106	PLP106
FBbt:20001608	adult posterior lateral protocerebrum neuron 108	flywire	PLP108	PLP108	PLP108			PLP108	PLP108
FBbt:20001613	adult posterior lateral protocerebrum neuron 113	flywire	PLP113	PLP113	PLP113			PLP113	PLP113
FBbt:20001614	adult posterior lateral protocerebrum neuron 114	flywire	PLP114	PLP114	PLP114			PLP114	
FBbt:20001616	adult posterior lateral protocerebrum neuron 116	flywire	PLP116	PLP116	PLP116			PLP116	PLP116
FBbt:20001619	adult posterior lateral protocerebrum neuron 119	flywire	PLP119	PLP119	PLP119			PLP119	PLP119
FBbt:20001621	adult posterior lateral protocerebrum neuron 121	flywire	PLP121	PLP121	PLP121		PLP121	PLP121	PLP121
FBbt:20001622	adult posterior lateral protocerebrum neuron 122	flywire	PLP122	PLP122	PLP122			PLP122_b|PLP122_a	PLP122
FBbt:20001623	adult posterior lateral protocerebrum neuron 123	flywire	PLP123	PLP123	PLP123			PLP123	PLP123
FBbt:20001624	adult posterior lateral protocerebrum neuron 124	flywire	PLP124	PLP124	PLP124			PLP124	PLP124
FBbt:20001628	adult posterior lateral protocerebrum neuron 128	flywire	PLP128	PLP128	PLP128			PLP128	PLP128
FBbt:20001629	adult posterior lateral protocerebrum neuron 129	flywire	PLP129	PLP129	PLP129			PLP129	PLP129
FBbt:20001630	adult posterior lateral protocerebrum neuron 130	flywire	PLP130	PLP130	PLP130			PLP130	PLP130
FBbt:20001631	adult posterior lateral protocerebrum neuron 131	flywire	PLP131	PLP131	PLP131			PLP131	PLP131
FBbt:20001632	adult posterior lateral protocerebrum neuron 132	flywire	PLP132	PLP132	PLP132			PLP132	PLP132
FBbt:20001641	adult posterior lateral protocerebrum neuron 141	flywire	PLP141	PLP141	PLP141		PLP141	PLP141	PLP141
FBbt:20001642	adult posterior lateral protocerebrum neuron 142	flywire	PLP142	PLP142	PLP142			PLP142	PLP142
FBbt:20001643	adult posterior lateral protocerebrum neuron 143	flywire	PLP143	PLP143	PLP143			PLP143	PLP143
FBbt:20001644	adult posterior lateral protocerebrum neuron 144	flywire	PLP144	PLP144	PLP144		PLP144	PLP144	PLP144
FBbt:20001648	adult posterior lateral protocerebrum neuron 148	flywire	PLP148	PLP148	PLP148			PLP148	PLP148
FBbt:20001649	adult posterior lateral protocerebrum neuron 149	flywire	PLP149	PLP149	PLP149			PLP149	PLP149
FBbt:20001650	adult posterior lateral protocerebrum neuron 150	flywire	PLP150		PLP150		PLP150	PLP150	
FBbt:20001654	adult posterior lateral protocerebrum neuron 154	flywire	PLP154	PLP154	PLP154			PLP154	PLP154
FBbt:20001655	adult posterior lateral protocerebrum neuron 155	flywire	PLP155	PLP155	PLP155			PLP155	PLP155
FBbt:20001656	adult posterior lateral protocerebrum neuron 156	flywire	PLP156	PLP156	PLP156			PLP156	PLP156
FBbt:20001658	adult posterior lateral protocerebrum neuron 158	flywire	PLP158	PLP158	PLP158			PLP158	PLP158
FBbt:20001659	adult posterior lateral protocerebrum neuron 159	flywire	PLP159	PLP159	PLP159			PLP159	PLP159
FBbt:20001660	adult posterior lateral protocerebrum neuron 160	flywire	PLP160	PLP160	PLP160			PLP160	PLP160
FBbt:20001661	adult posterior lateral protocerebrum neuron 161	flywire	PLP161	PLP161	PLP161			PLP161	PLP161
FBbt:20001662	adult posterior lateral protocerebrum neuron 162	flywire	PLP162	PLP162	PLP162			PLP162	PLP162
FBbt:20001663	adult posterior lateral protocerebrum neuron 163	flywire	PLP163	PLP163	PLP163		PLP163	PLP163	PLP163
FBbt:20001664	adult posterior lateral protocerebrum neuron 164	flywire	PLP164	PLP164	PLP164			PLP164	PLP164
FBbt:20001665	adult posterior lateral protocerebrum neuron 165	flywire	PLP165	PLP165	PLP165			PLP165	PLP165
FBbt:20001669	adult posterior lateral protocerebrum neuron 169	flywire	PLP169	PLP169	PLP169			PLP169	
FBbt:20001670	adult posterior lateral protocerebrum neuron 170	flywire	PLP170	PLP170	PLP170			PLP170	PLP170
FBbt:20001671	adult posterior lateral protocerebrum neuron 171	flywire	PLP171	PLP171	PLP171			PLP171	PLP171
FBbt:20001672	adult posterior lateral protocerebrum neuron 172	flywire	PLP172	PLP172	PLP172			PLP172	PLP172
FBbt:20001673	adult posterior lateral protocerebrum neuron 173	flywire	PLP173	PLP173	PLP173			PLP173	PLP173
FBbt:20001674	adult posterior lateral protocerebrum neuron 174	flywire	PLP174	PLP174	PLP174			PLP174	PLP174
FBbt:20001675	adult posterior lateral protocerebrum neuron 175	flywire	PLP175	PLP175	PLP175			PLP175	PLP175
FBbt:20001677	adult posterior lateral protocerebrum neuron 177	flywire	PLP177	PLP177	PLP177		PLP177	PLP177	PLP177
FBbt:20001678	adult posterior lateral protocerebrum neuron 178	flywire	PLP178	PLP178	PLP178			PLP178	PLP178
FBbt:20001680	adult posterior lateral protocerebrum neuron 180	flywire	PLP180	PLP180	PLP180			PLP180	PLP180
FBbt:20001681	adult posterior lateral protocerebrum neuron 181	flywire	PLP181	PLP181	PLP181			PLP181	PLP181
FBbt:20001682	adult posterior lateral protocerebrum neuron 182	flywire	PLP182	PLP182	PLP182			PLP182	PLP182
FBbt:20001683	adult posterior lateral protocerebrum neuron 183	flywire	PLP183		PLP183			LoVP95	
FBbt:20001687	adult posterior lateral protocerebrum neuron 187	flywire	PLP187	PLP187	PLP187			PLP187	PLP187
FBbt:20001690	adult posterior lateral protocerebrum neuron 190	flywire	PLP190	PLP190	PLP190			PLP190	PLP190
FBbt:20001696	adult posterior lateral protocerebrum neuron 196	flywire	PLP196	PLP196	PLP196		PLP196	PLP196	PLP196
FBbt:20001697	adult posterior lateral protocerebrum neuron 197	flywire	PLP197	PLP197	PLP197			PLP197	PLP197
FBbt:20001699	adult posterior lateral protocerebrum neuron 199	flywire	PLP199	PLP199	PLP199			PLP199	PLP199
FBbt:20001708	adult posterior lateral protocerebrum neuron 208	flywire	PLP208	PLP208	PLP208			PLP208	PLP208
FBbt:20001709	adult posterior lateral protocerebrum neuron 209	flywire	PLP209	PLP209	PLP209			PLP209	PLP209
FBbt:20001711	adult posterior lateral protocerebrum neuron 211	flywire	PLP211	PLP211	PLP211		PLP211	PLP211	PLP211
FBbt:20001713	adult posterior lateral protocerebrum neuron 213	flywire	PLP213	PLP213	PLP213			PLP213	PLP213
FBbt:20001714	adult posterior lateral protocerebrum neuron 214	flywire	PLP214	PLP214	PLP214		PLP214	PLP214	PLP214
FBbt:20001716	adult posterior lateral protocerebrum neuron 216	flywire	PLP216	PLP216	PLP216			PLP216	PLP216
FBbt:20001717	adult posterior lateral protocerebrum neuron 217	flywire	PLP217	PLP217	PLP217			PLP217	PLP217
FBbt:20001718	adult posterior lateral protocerebrum neuron 218	flywire	PLP218	PLP218	PLP218			PLP218	PLP218
FBbt:20001721	adult posterior lateral protocerebrum neuron 221	flywire	PLP221	PLP221	PLP221			PLP221	PLP221
FBbt:20001722	adult posterior lateral protocerebrum neuron 222	flywire	PLP222	PLP222	PLP222			PLP222	PLP222
FBbt:20001723	adult posterior lateral protocerebrum neuron 223	flywire	PLP223	PLP223	PLP223				
FBbt:20001728	adult posterior lateral protocerebrum neuron 228	flywire	PLP228	PLP228	PLP228			PLP228	PLP228
FBbt:20001729	adult posterior lateral protocerebrum neuron 229	flywire	PLP229	PLP229	PLP229			PLP229	PLP229
FBbt:20001730	adult posterior lateral protocerebrum neuron 230	flywire	PLP230	PLP230	PLP230			PLP230	PLP230
FBbt:20001731	adult posterior lateral protocerebrum neuron 231	flywire	PLP231	PLP231	PLP231		PLP231	PLP231	PLP231
FBbt:20001732	adult posterior lateral protocerebrum neuron 232	flywire	PLP232	PLP232	PLP232			PLP232	PLP232
FBbt:20001734	adult posterior lateral protocerebrum neuron 234	flywire	PLP234	PLP234	PLP234				PLP234
FBbt:20001737	adult posterior lateral protocerebrum neuron 237	flywire	PLP237	PLP237	PLP237				PLP237
FBbt:20001739	adult posterior lateral protocerebrum neuron 239	flywire	PLP239	PLP239	PLP239			PLP239	PLP239
FBbt:20001740	adult posterior lateral protocerebrum neuron 240	flywire	PLP240	LTe61	PLP240				LTe61
FBbt:20001741	adult posterior lateral protocerebrum neuron 241	flywire	PLP241	PLP241	PLP241			PLP241	PLP241
FBbt:20001743	adult posterior lateral protocerebrum neuron 243	flywire	PLP243	PLP243	PLP243			PLP243	PLP243
FBbt:20001745	adult posterior lateral protocerebrum neuron 245	flywire	PLP245	PLP245	PLP245		PLP245	PLP245	PLP245
FBbt:20001746	adult posterior lateral protocerebrum neuron 246	flywire	PLP246	PLP246	PLP246		PLP246	PLP246	PLP246
FBbt:20001747	adult posterior lateral protocerebrum neuron 247	flywire	PLP247	PLP247	PLP247		PLP247	PLP247	PLP247
FBbt:20001748	adult posterior lateral protocerebrum neuron 248	flywire	PLP248	PLP248	PLP248		PLP248	PLP248	PLP248
FBbt:20001749	adult posterior lateral protocerebrum neuron 249	flywire	PLP249	PLP249	PLP249			PLP249	PLP249
FBbt:20001750	adult posterior lateral protocerebrum neuron 250	flywire	PLP250	PLP250	PLP250		PLP250	PLP250	PLP250
FBbt:20001752	adult posterior lateral protocerebrum neuron 252	flywire	PLP252	PLP252	PLP252			PLP252	PLP252
FBbt:20001754	adult posterior lateral protocerebrum neuron 254	flywire	PLP254	PLP254	PLP254			PLP254	PLP254
FBbt:20001756	adult posterior slope neuron 001	flywire	PS001	PS001	PS001			PS001	
FBbt:20001757	adult posterior slope neuron 002	flywire	PS002	PS002	PS002			PS002	PS002
FBbt:20001759	adult posterior slope neuron 004	flywire	PS004		PS004			PS004	
FBbt:20001760	adult posterior slope neuron 005	flywire	PS005	PS005	PS005_a|PS005_b|PS005_c|PS005_d|PS005_e|PS005_f			PS005_e|PS005_c|PS005_a|PS005_f|PS005_d|PS005_b	PS005
FBbt:20001762	adult posterior slope neuron 007	flywire	PS007	PS007	PS007			PS007	PS007
FBbt:20001763	adult posterior slope neuron 008	flywire	PS008	PS008	PS008_a|PS008_b			PS008_a3|PS008_a4|PS008_b|PS008_a2|PS008_a1	PS008
FBbt:20001765	adult posterior slope neuron 010	flywire	PS010	PS010	PS010			PS010	PS010
FBbt:20001766	adult posterior slope neuron 011	flywire	PS011	PS011	PS011			PS011	PS011
FBbt:20001768	adult posterior slope neuron 013	flywire	PS013	PS013	PS013			PS013	PS013
FBbt:20001769	adult posterior slope neuron 014	flywire	PS014		PS014				
FBbt:20001770	adult posterior slope neuron 015	flywire	PS015		PS015				
FBbt:20001772	adult posterior slope neuron 017	flywire	PS017		PS017				
FBbt:20001773	adult posterior slope neuron 018	flywire	PS018		PS018			PS018_a|PS018_b	
FBbt:20001774	adult posterior slope neuron 019	flywire	PS019	PS019	PS019			PS019	PS019
FBbt:20001775	adult posterior slope neuron 020	flywire	PS020	PS020	PS020			PS020	PS020
FBbt:20001776	adult posterior slope neuron 021	flywire	PS021	PS021	PS021			PS021	PS021
FBbt:20001777	adult posterior slope neuron 022	flywire	PS022	PS022	PS022			PS022	PS022
FBbt:20001780	adult posterior slope neuron 025	flywire	PS025	PS025	PS025			PS025	PS025
FBbt:20001781	adult posterior slope neuron 026	flywire	PS026	PS026	PS026			PS026	PS026
FBbt:20001782	adult posterior slope neuron 027	flywire	PS027	PS027	PS027			PS027	PS027
FBbt:20001783	adult posterior slope neuron 028	flywire	PS028		PS028				
FBbt:20001784	adult posterior slope neuron 029	flywire	PS029	PS029	PS029			PS029	PS029
FBbt:20001785	adult posterior slope neuron 030	flywire	PS030	PS030	PS030			PS030	PS030
FBbt:20001786	adult posterior slope neuron 031	flywire	PS031	PS031	PS031			PS031	PS031
FBbt:20001789	adult posterior slope neuron 034	flywire	PS034	PS034	PS034			PS034	PS034
FBbt:20001792	adult posterior slope neuron 037	flywire	PS037	PS037	PS037			PS037	PS037
FBbt:20001793	adult posterior slope neuron 038	flywire	PS038		PS038			PS038	
FBbt:20001794	adult posterior slope neuron 039	flywire	PS039		PS039				
FBbt:20001796	adult posterior slope neuron 041	flywire	PS041	PS041	PS041			PS041	PS041
FBbt:20001801	adult posterior slope neuron 046	flywire	PS046	PS046	PS046			PS046	PS046
FBbt:20001802	adult posterior slope neuron 047	flywire	PS047		PS047		PS047	PS047_b|PS047_a	
FBbt:20001803	adult posterior slope neuron 048	flywire	PS048		PS048			PS048_a|PS048_b	
FBbt:20001804	adult posterior slope neuron 049	flywire	PS049	PS049	PS049			PS049	PS049
FBbt:20001805	adult posterior slope neuron 050	flywire	PS050	PS050	PS050			PS050	PS050
FBbt:20001806	adult posterior slope neuron 051	flywire	PS051	PS051	PS051			PS051	PS051
FBbt:20001807	adult posterior slope neuron 052	flywire	PS052	PS052	PS052			PS052	PS052
FBbt:20001808	adult posterior slope neuron 053	flywire	PS053	PS053	PS053			PS053	PS053
FBbt:20001809	adult posterior slope neuron 054	flywire	PS054	PS054	PS054			PS054	PS054
FBbt:20001810	adult posterior slope neuron 055	flywire	PS055	PS055	PS055			PS055	PS055
FBbt:20001812	adult posterior slope neuron 057	flywire	PS057	PS057	PS057			PS057	PS057
FBbt:20001813	adult posterior slope neuron 058	flywire	PS058	PS058	PS058		PS058	PS058	PS058
FBbt:20001814	adult posterior slope neuron 059	flywire	PS059	PS059	PS059			PS059	PS059
FBbt:20001816	adult posterior slope neuron 061	flywire	PS061	PS061	PS061			PS061	PS061
FBbt:20001817	adult posterior slope neuron 062	flywire	PS062	PS062	PS062			PS062	PS062
FBbt:20001818	adult posterior slope neuron 063	flywire	PS063	PS063	PS063			PS063	PS063
FBbt:20001820	adult posterior slope neuron 065	flywire	PS065	PS065	PS065			PS065	PS065
FBbt:20001822	adult posterior slope neuron 067	flywire	PS067	DNb07	PS067				DNb07
FBbt:20001823	adult posterior slope neuron 068	flywire	PS068	PS068	PS068			PS068	PS068
FBbt:20001829	adult posterior slope neuron 074	flywire	PS074	PS074	PS074			PS074	PS074
FBbt:20001831	adult posterior slope neuron 076	flywire	PS076	PS076	PS076			PS076	PS076
FBbt:20001835	adult posterior slope neuron 080	flywire	PS080	PS080	PS080			PS080	PS080
FBbt:20001838	adult posterior slope neuron 083	flywire	PS083		PS083			PS083_b|PS083_c|PS083_a	
FBbt:20001841	adult posterior slope neuron 086	flywire	PS086	PS086	PS086				PS086
FBbt:20001842	adult posterior slope neuron 087	flywire	PS087	PS087	PS087			PS087	PS087
FBbt:20001843	adult posterior slope neuron 088	flywire	PS088	PS088	PS088			PS088	PS088
FBbt:20001844	adult posterior slope neuron 089	flywire	PS089	PS089	PS089			PS089	PS089
FBbt:20001845	adult posterior slope neuron 090	flywire	PS090		PS090			PS090	
FBbt:20001846	adult posterior slope neuron 091	flywire	PS091	PS091	PS091			PS091	PS091
FBbt:20001847	adult posterior slope neuron 092	flywire	PS092	PS092	PS092			PS092	PS092
FBbt:20001848	adult posterior slope neuron 093	flywire	PS093	PS093	PS093			PS093	PS093
FBbt:20001849	adult posterior slope neuron 094	flywire	PS094		PS094			PS094	
FBbt:20001850	adult posterior slope neuron 095	flywire	PS095	PS095	PS095			PS095	PS095
FBbt:20001851	adult posterior slope neuron 096	flywire	PS096	PS096	PS096_a|PS096_b|PS096_c			PS096	PS096
FBbt:20001852	adult posterior slope neuron 097	flywire	PS097	PS097	PS097			PS097	PS097
FBbt:20001853	adult posterior slope neuron 098	flywire	PS098	PS098	PS098			PS098	PS098
FBbt:20001854	adult posterior slope neuron 099	flywire	PS099		PS099			PS099_b|PS099_a	
FBbt:20001855	adult posterior slope neuron 100	flywire	PS100	PS100	PS100			PS100	PS100
FBbt:20001861	adult posterior slope neuron 106	flywire	PS106	PS106	PS106			PS106	PS106
FBbt:20001862	adult posterior slope neuron 107	flywire	PS107	PS107	PS107			PS107	PS107
FBbt:20001863	adult posterior slope neuron 108	flywire	PS108	PS108	PS108			PS108	PS108
FBbt:20001864	adult posterior slope neuron 109	flywire	PS109	PS109	PS109			PS109	PS109
FBbt:20001866	adult posterior slope neuron 111	flywire	PS111	SMPp&v1A_H01	PS111			PS111	SMPp&v1A_H01
FBbt:20001867	adult posterior slope neuron 112	flywire	PS112	PS112	PS112			PS112	PS112
FBbt:20001868	adult posterior slope neuron 113	flywire	PS113	DNp63	PS113				DNp63
FBbt:20001869	adult posterior slope neuron 114	flywire	PS114	PS114	PS114			PS114	PS114
FBbt:20001870	adult posterior slope neuron 115	flywire	PS115	PS115	PS115			PS115	PS115
FBbt:20001871	adult posterior slope neuron 116	flywire	PS116	PS116	PS116			PS116	PS116
FBbt:20001872	adult posterior slope neuron 117	flywire	PS117		PS117			PS117_a|PS117_b	
FBbt:20001873	adult posterior slope neuron 118	flywire	PS118	PS118	PS118			PS118	PS118
FBbt:20001879	adult posterior slope neuron 124	flywire	PS124	PS124	PS124			PS124	PS124
FBbt:20001881	adult posterior slope neuron 126	flywire	PS126	PS126	PS126			PS126	PS126
FBbt:20001882	adult posterior slope neuron 127	flywire	PS127	PS127	PS127			PS127	PS127
FBbt:20001892	adult posterior slope neuron 137	flywire	PS137	PS137	PS137			PS137	PS137
FBbt:20001893	adult posterior slope neuron 138	flywire	PS138	PS138	PS138			PS138	PS138
FBbt:20001895	adult posterior slope neuron 140	flywire	PS140	PS140	PS140			PS140	PS140
FBbt:20001901	adult posterior slope neuron 146	flywire	PS146	PS146	PS146			PS146	PS146
FBbt:20001905	adult posterior slope neuron 150	flywire	PS150	PS150	PS150			PS150	PS150
FBbt:20001908	adult posterior slope neuron 153	flywire	PS153	PS153	PS153			PS153	PS153
FBbt:20001911	adult posterior slope neuron 156	flywire	PS156	PS156	PS156			PS156	PS156
FBbt:20001912	adult posterior slope neuron 157	flywire	PS157	PS157	PS157			PS157	PS157
FBbt:20001913	adult posterior slope neuron 158	flywire	PS158	PS158	PS158			PS158	PS158
FBbt:20001914	adult posterior slope neuron 159	flywire	PS159	PS159	PS159			PS159	PS159
FBbt:20001915	adult posterior slope neuron 160	flywire	PS160	PS160	PS160			PS160	PS160
FBbt:20001916	adult posterior slope neuron 161	flywire	PS161	PS161	PS161			PS161	PS161
FBbt:20001918	adult posterior slope neuron 163	flywire	PS163	DNp54	PS163				DNp54
FBbt:20001924	adult posterior slope neuron 169	flywire	PS169	DNp53	PS169				DNp53
FBbt:20001925	adult posterior slope neuron 170	flywire	PS170	PS170	PS170			PS170	PS170
FBbt:20001926	adult posterior slope neuron 171	flywire	PS171	PS171	PS171			PS171	PS171
FBbt:20001927	adult posterior slope neuron 172	flywire	PS172	PS172	PS172			PS172	PS172
FBbt:20001928	adult posterior slope neuron 173	flywire	PS173	PS173	PS173			PS173	PS173
FBbt:20001929	adult posterior slope neuron 174	flywire	PS174	PS174	PS174			PS174	PS174
FBbt:20001930	adult posterior slope neuron 175	flywire	PS175	PS175	PS175			PS175	PS175
FBbt:20001931	adult posterior slope neuron 176	flywire	PS176	PS176	PS176			PS176	
FBbt:20001932	adult posterior slope neuron 177	flywire	PS177	PS177	PS177			PS177	PS177
FBbt:20001933	adult posterior slope neuron 178	flywire	PS178	PS178	PS178			PS178	PS178
FBbt:20001935	adult posterior slope neuron 180	flywire	PS180	PS180	PS180			PS180	PS180
FBbt:20001936	adult posterior slope neuron 181	flywire	PS181	PS181	PS181			PS181	PS181
FBbt:20001937	adult posterior slope neuron 182	flywire	PS182	PS182	PS182		PS182	PS182	PS182
FBbt:20001938	adult posterior slope neuron 183	flywire	PS183	PS183	PS183			PS183	PS183
FBbt:20001940	adult posterior slope neuron 185	flywire	PS185		PS185			PS185	
FBbt:20001941	adult posterior slope neuron 186	flywire	PS186	PS186	PS186			PS186	PS186
FBbt:20001942	adult posterior slope neuron 187	flywire	PS187	PS187	PS187			PS187	PS187
FBbt:20001943	adult posterior slope neuron 188	flywire	PS188		PS188			PS188	
FBbt:20001946	adult posterior slope neuron 191	flywire	PS191		PS191			PS191	
FBbt:20001947	adult posterior slope neuron 192	flywire	PS192	PS192	PS192			PS192	PS192
FBbt:20001948	adult posterior slope neuron 193	flywire	PS193		PS193			PS193	
FBbt:20001949	adult posterior slope neuron 194	flywire	PS194	PS194	PS194			PS194	PS194
FBbt:20001950	adult posterior slope neuron 195	flywire	PS195	DNp57	PS195				DNp57
FBbt:20001951	adult posterior slope neuron 196	flywire	PS196		PS196			PS196_a|PS196_b	
FBbt:20001953	adult posterior slope neuron 198	flywire	PS198		PS198				
FBbt:20001954	adult posterior slope neuron 199	flywire	PS199	PS199	PS199			PS199	PS199
FBbt:20001955	adult posterior slope neuron 200	flywire	PS200	PS200	PS200			PS200	PS200
FBbt:20001957	adult posterior slope neuron 202	flywire	PS202	PS202	PS202			PS202	PS202
FBbt:20001958	adult posterior slope neuron 203	flywire	PS203		PS203			PS203	
FBbt:20001963	adult posterior slope neuron 208	flywire	PS208		PS208			PS208	
FBbt:20001964	adult posterior slope neuron 209	flywire	PS209	PS209	PS209			PS209	PS209
FBbt:20001965	adult posterior slope neuron 210	flywire	PS210	PS210	PS210			PS210	
FBbt:20001968	adult posterior slope neuron 213	flywire	PS213	PS213	PS213			PS213	PS213
FBbt:20001969	adult posterior slope neuron 214	flywire	PS214	PS214	PS214			PS214	PS214
FBbt:20001970	adult posterior slope neuron 215	flywire	PS215	PS215	PS215			PS215	PS215
FBbt:20001972	adult posterior slope neuron 217	flywire	PS217	PS217	PS217			PS217	PS217
FBbt:20001975	adult posterior slope neuron 220	flywire	PS220	PS220	PS220			PS220	PS220
FBbt:20001976	adult posterior slope neuron 221	flywire	PS221	PS221	PS221			PS221	PS221
FBbt:20001977	adult posterior slope neuron 222	flywire	PS222		PS222				
FBbt:20001979	adult posterior slope neuron 224	flywire	PS224	PS224	PS224			PS224	PS224
FBbt:20001980	adult posterior slope neuron 225	flywire	PS225		PS225			DNpe008	PS225
FBbt:20001981	adult posterior slope neuron 226	flywire	PS226		PS226				
FBbt:20001982	adult posterior slope neuron 227	flywire	PS227		PS227				
FBbt:20001983	adult posterior slope neuron 228	flywire	PS228		PS228				
FBbt:20001986	adult posterior slope neuron 231	flywire	PS231	PS231	PS231			PS231	PS231
FBbt:20001987	adult posterior slope neuron 232	flywire	PS232	PS232	PS232			PS232	PS232
FBbt:20001988	adult posterior slope neuron 233	flywire	PS233	PS233	PS233			PS233	PS233
FBbt:20001989	adult posterior slope neuron 234	flywire	PS234	PS234	PS234		PS234	PS234	PS234
FBbt:20001991	adult posterior slope neuron 236	flywire	PS236	DNp40	PS236				
FBbt:20001992	adult posterior slope neuron 237	flywire	PS237	PS237	PS237			PS237	PS237
FBbt:20001993	adult posterior slope neuron 238	flywire	PS238	PS238	PS238		PS238	PS238	PS238
FBbt:20001994	adult posterior slope neuron 239	flywire	PS239	PS239	PS239			PS239	PS239
FBbt:20001996	adult posterior slope neuron 241	flywire	PS241		PS241			PS241	
FBbt:20001997	adult posterior slope neuron 242	flywire	PS242	PS242	PS242			PS242	PS242
FBbt:20002002	adult posterior slope neuron 247	flywire	PS247	PS247	PS247			PS247	PS247
FBbt:20002003	adult posterior slope neuron 248	flywire	PS248	PS248	PS248			PS248	PS248
FBbt:20002004	adult posterior slope neuron 249	flywire	PS249	PS249	PS249			PS249	PS249
FBbt:20002006	adult posterior slope neuron 251	flywire	PS251	PS251	PS251				PS251
FBbt:20002007	adult posterior slope neuron 252	flywire	PS252	PS252	PS252			PS252	PS252
FBbt:20002008	adult posterior slope neuron 253	flywire	PS253	PS253	PS253			PS253	PS253
FBbt:20002015	adult posterior slope neuron 260	flywire	PS260	PS260	PS260			PS260	PS260
FBbt:20002016	adult posterior slope neuron 261	flywire	PS261		PS261			PS261	
FBbt:20002017	adult posterior slope neuron 262	flywire	PS262	PS262	PS262			PS262	PS262
FBbt:20002018	adult posterior slope neuron 263	flywire	PS263	PS263	PS263			PS263	PS263
FBbt:20002020	adult posterior slope neuron 265	flywire	PS265	PS265	PS265			PS265	PS265
FBbt:20002026	adult posterior slope neuron 271	flywire	PS271		PS271				
FBbt:20002028	adult posterior slope neuron 273	flywire	PS273		PS273			LoVP25	
FBbt:20002029	adult posterior slope neuron 274	flywire	PS274	PS274	PS274			PS274	PS274
FBbt:20002031	adult posterior slope neuron 276	flywire	PS276	PS276	PS276			PS276	PS276
FBbt:20002034	adult posterior slope neuron 279	flywire	PS279	PS279	PS279			PS279	PS279
FBbt:20002035	adult posterior slope neuron 280	flywire	PS280	PS280	PS280			PS280	PS280
FBbt:20002046	adult posterior slope neuron 291	flywire	PS291	PS291	PS291			PS291	PS291
FBbt:20002047	adult posterior slope neuron 292	flywire	PS292	PS292	PS292			PS292	PS292
FBbt:20002048	adult posterior slope neuron 293	flywire	PS293		PS293				
FBbt:20002051	adult posterior slope neuron 296	flywire	PS296		PS296			DNp51,DNpe019	
FBbt:20002052	adult posterior slope neuron 297	flywire	PS297	DNp39	PS297				DNp39
FBbt:20002054	adult posterior slope neuron 299	flywire	PS299	AN_multi_28	PS299				
FBbt:20002055	adult posterior slope neuron 300	flywire	PS300	PS300	PS300			PS300	PS300
FBbt:20002058	adult posterior slope neuron 303	flywire	PS303	PS303	PS303			PS303	PS303
FBbt:20002059	adult posterior ventrolateral protocerebrum neuron 001	flywire	PVLP001	PVLP001	PVLP001		PVLP001	PVLP001	
FBbt:20002060	adult posterior ventrolateral protocerebrum neuron 002	flywire	PVLP002	PVLP002	PVLP002			PVLP002	PVLP002
FBbt:20002061	adult posterior ventrolateral protocerebrum neuron 003	flywire	PVLP003	PVLP003	PVLP003			PVLP003	PVLP003
FBbt:20002064	adult posterior ventrolateral protocerebrum neuron 006	flywire	PVLP006	PVLP006	PVLP006				PVLP006
FBbt:20002065	adult posterior ventrolateral protocerebrum neuron 007	flywire	PVLP007	PVLP007	PVLP007			PVLP007	PVLP007
FBbt:20002066	adult posterior ventrolateral protocerebrum neuron 008	flywire	PVLP008	PVLP008	PVLP008_a|PVLP008_b|PVLP008_c			PVLP008_c|PVLP008_a2|PVLP008_b|PVLP008_a3|PVLP008_a4|PVLP008_a1	PVLP008
FBbt:20002067	adult posterior ventrolateral protocerebrum neuron 009	flywire	PVLP009	PVLP009	PVLP009			PVLP009	PVLP009
FBbt:20002068	adult posterior ventrolateral protocerebrum neuron 010	flywire	PVLP010	PVLP010	PVLP010			PVLP010	PVLP010
FBbt:20002069	adult posterior ventrolateral protocerebrum neuron 011	flywire	PVLP011	PVLP011	PVLP011			PVLP011	PVLP011
FBbt:20002070	adult posterior ventrolateral protocerebrum neuron 012	flywire	PVLP012	PVLP012	PVLP012			PVLP012	PVLP012
FBbt:20002071	adult posterior ventrolateral protocerebrum neuron 013	flywire	PVLP013	PVLP013	PVLP013		PVLP013	PVLP013	PVLP013
FBbt:20002072	adult posterior ventrolateral protocerebrum neuron 014	flywire	PVLP014	PVLP014	PVLP014			PVLP014	PVLP014
FBbt:20002073	adult posterior ventrolateral protocerebrum neuron 015	flywire	PVLP015	PVLP015	PVLP015			PVLP015	PVLP015
FBbt:20002074	adult posterior ventrolateral protocerebrum neuron 016	flywire	PVLP016	PVLP016	PVLP016			PVLP016	PVLP016
FBbt:20002075	adult posterior ventrolateral protocerebrum neuron 017	flywire	PVLP017	PVLP017	PVLP017			PVLP017	PVLP017
FBbt:20002076	adult posterior ventrolateral protocerebrum neuron 018	flywire	PVLP018	PVLP018	PVLP018			PVLP018	PVLP018
FBbt:20002077	adult posterior ventrolateral protocerebrum neuron 019	flywire	PVLP019	PVLP019	PVLP019			PVLP019	PVLP019
FBbt:20002078	adult posterior ventrolateral protocerebrum neuron 020	flywire	PVLP020	PVLP020	PVLP020			PVLP020	PVLP020
FBbt:20002079	adult posterior ventrolateral protocerebrum neuron 021	flywire	PVLP021	PVLP021	PVLP021			PVLP021	PVLP021
FBbt:20002080	adult posterior ventrolateral protocerebrum neuron 022	flywire	PVLP022	PVLP022	PVLP022			PVLP022	PVLP022
FBbt:20002082	adult posterior ventrolateral protocerebrum neuron 024	flywire	PVLP024	PVLP024	PVLP024			PVLP024	PVLP024
FBbt:20002083	adult posterior ventrolateral protocerebrum neuron 025	flywire	PVLP025	PVLP025	PVLP025		PVLP025	PVLP025	PVLP025
FBbt:20002085	adult posterior ventrolateral protocerebrum neuron 027	flywire	PVLP027	PVLP027	PVLP027			PVLP027	PVLP027
FBbt:20002086	adult posterior ventrolateral protocerebrum neuron 028	flywire	PVLP028	PVLP028	PVLP028			PVLP028	PVLP028
FBbt:20002088	adult posterior ventrolateral protocerebrum neuron 030	flywire	PVLP030	PVLP030	PVLP030			PVLP030	PVLP030
FBbt:20002091	adult posterior ventrolateral protocerebrum neuron 033	flywire	PVLP033	PVLP033	PVLP033			PVLP033	PVLP033
FBbt:20002094	adult posterior ventrolateral protocerebrum neuron 036	flywire	PVLP036	PVLP036	PVLP036			PVLP036	PVLP036
FBbt:20002095	adult posterior ventrolateral protocerebrum neuron 037	flywire	PVLP037	PVLP037	PVLP037		PVLP037	PVLP037	
FBbt:20002106	adult posterior ventrolateral protocerebrum neuron 048	flywire	PVLP048	PVLP048	PVLP048			PVLP048	PVLP048
FBbt:20002107	adult posterior ventrolateral protocerebrum neuron 049	flywire	PVLP049	PVLP049	PVLP049			PVLP049	PVLP049
FBbt:20002118	adult posterior ventrolateral protocerebrum neuron 060	flywire	PVLP060	PVLP060	PVLP060			PVLP060	PVLP060
FBbt:20002119	adult posterior ventrolateral protocerebrum neuron 061	flywire	PVLP061	PVLP061	PVLP061		PVLP061	PVLP061	PVLP061
FBbt:20002120	adult posterior ventrolateral protocerebrum neuron 062	flywire	PVLP062	PVLP062	PVLP062			PVLP062	PVLP062
FBbt:20002123	adult posterior ventrolateral protocerebrum neuron 065	flywire	PVLP065	PVLP065	PVLP065			PVLP065	PVLP065
FBbt:20002127	adult posterior ventrolateral protocerebrum neuron 069	flywire	PVLP069	PVLP069	PVLP069			PVLP069	PVLP069
FBbt:20002128	adult posterior ventrolateral protocerebrum neuron 070	flywire	PVLP070	PVLP070	PVLP070		PVLP070	PVLP070	PVLP070
FBbt:20002132	adult posterior ventrolateral protocerebrum neuron 074	flywire	PVLP074	PVLP074	PVLP074			PVLP074	PVLP074
FBbt:20002134	adult posterior ventrolateral protocerebrum neuron 076	flywire	PVLP076	PVLP076	PVLP076			PVLP076	PVLP076
FBbt:20002138	adult posterior ventrolateral protocerebrum neuron 080	flywire	PVLP080		PVLP080			PVLP080_b|PVLP080_a	
FBbt:20002139	adult posterior ventrolateral protocerebrum neuron 081	flywire	PVLP081	PVLP081	PVLP081			PVLP081	PVLP081
FBbt:20002140	adult posterior ventrolateral protocerebrum neuron 082	flywire	PVLP082		PVLP082			PVLP082	
FBbt:20002142	adult posterior ventrolateral protocerebrum neuron 084	flywire	PVLP084	PVLP084	PVLP084			PVLP084	PVLP084
FBbt:20002146	adult posterior ventrolateral protocerebrum neuron 088	flywire	PVLP088	PVLP088	PVLP088			PVLP088	PVLP088
FBbt:20002147	adult posterior ventrolateral protocerebrum neuron 089	flywire	PVLP089	PVLP089	PVLP089			PVLP089	PVLP089
FBbt:20002148	adult posterior ventrolateral protocerebrum neuron 090	flywire	PVLP090	PVLP090	PVLP090			PVLP090	
FBbt:20002150	adult posterior ventrolateral protocerebrum neuron 092	flywire	PVLP092	PVLP092	PVLP092			PVLP092	PVLP092
FBbt:20002151	adult posterior ventrolateral protocerebrum neuron 093	flywire	PVLP093	PVLP093	PVLP093			PVLP093	PVLP093
FBbt:20002152	adult posterior ventrolateral protocerebrum neuron 094	flywire	PVLP094	PVLP094	PVLP094		PVLP094	PVLP094	PVLP094
FBbt:20002153	adult posterior ventrolateral protocerebrum neuron 095	flywire	PVLP095	CB0154	PVLP095			CB0154	CB0154
FBbt:20002154	adult posterior ventrolateral protocerebrum neuron 096	flywire	PVLP096	CB0385	PVLP096			PVLP096	CB0385
FBbt:20002155	adult posterior ventrolateral protocerebrum neuron 097	flywire	PVLP097	PVLP097	PVLP097_a|PVLP097_b		PVLP097	PVLP097	PVLP097
FBbt:20002156	adult posterior ventrolateral protocerebrum neuron 098	flywire	PVLP098	CB0732	PVLP098			PVLP098	CB0732
FBbt:20002157	adult posterior ventrolateral protocerebrum neuron 099	flywire	PVLP099	PVLP099	PVLP099			PVLP099	PVLP099
FBbt:20002158	adult posterior ventrolateral protocerebrum neuron 100	flywire	PVLP100	PVLP100	PVLP100		PVLP100	PVLP100	PVLP100
FBbt:20002159	adult posterior ventrolateral protocerebrum neuron 101	flywire	PVLP101		PVLP101			PVLP101	
FBbt:20002160	adult posterior ventrolateral protocerebrum neuron 102	flywire	PVLP102	PVLP102	PVLP102			PVLP102	PVLP102
FBbt:20002161	adult posterior ventrolateral protocerebrum neuron 103	flywire	PVLP103	PVLP103	PVLP103			PVLP103	PVLP103
FBbt:20002162	adult posterior ventrolateral protocerebrum neuron 104	flywire	PVLP104	PVLP104	PVLP104			PVLP104	PVLP104
FBbt:20002163	adult posterior ventrolateral protocerebrum neuron 105	flywire	PVLP105	PVLP105	PVLP105			PVLP105	PVLP105
FBbt:20002164	adult posterior ventrolateral protocerebrum neuron 106	flywire	PVLP106	PVLP106	PVLP106		PVLP106	PVLP106	PVLP106
FBbt:20002165	adult posterior ventrolateral protocerebrum neuron 107	flywire	PVLP107	PVLP107	PVLP107			PVLP107	PVLP107
FBbt:20002166	adult posterior ventrolateral protocerebrum neuron 108	flywire	PVLP108	PVLP108	PVLP108			PVLP108	PVLP108
FBbt:20002167	adult posterior ventrolateral protocerebrum neuron 109	flywire	PVLP109	PVLP109	PVLP109			PVLP109	PVLP109
FBbt:20002169	adult posterior ventrolateral protocerebrum neuron 111	flywire	PVLP111	PVLP111	PVLP111			PVLP111	PVLP111
FBbt:20002170	adult posterior ventrolateral protocerebrum neuron 112	flywire	PVLP112		PVLP112			PVLP112	
FBbt:20002171	adult posterior ventrolateral protocerebrum neuron 113	flywire	PVLP113	PVLP113	PVLP113			PVLP113	PVLP113
FBbt:20002172	adult posterior ventrolateral protocerebrum neuron 114	flywire	PVLP114	PVLP114	PVLP114			PVLP114	PVLP114
FBbt:20002173	adult posterior ventrolateral protocerebrum neuron 115	flywire	PVLP115	PVLP115	PVLP115			PVLP115	PVLP115
FBbt:20002175	adult posterior ventrolateral protocerebrum neuron 117	flywire	PVLP117	DNp45	PVLP117				DNp45
FBbt:20002176	adult posterior ventrolateral protocerebrum neuron 118	flywire	PVLP118	PVLP118	PVLP118			PVLP118	PVLP118
FBbt:20002177	adult posterior ventrolateral protocerebrum neuron 119	flywire	PVLP119	DNp103	PVLP119				DNp103
FBbt:20002178	adult posterior ventrolateral protocerebrum neuron 120	flywire	PVLP120	PVLP120	PVLP120		PVLP120	PVLP120	PVLP120
FBbt:20002179	adult posterior ventrolateral protocerebrum neuron 121	flywire	PVLP121	PVLP121	PVLP121			PVLP121	PVLP121
FBbt:20002180	adult posterior ventrolateral protocerebrum neuron 122	flywire	PVLP122		PVLP122			PVLP122	
FBbt:20002181	adult posterior ventrolateral protocerebrum neuron 123	flywire	PVLP123		PVLP123			PVLP123	
FBbt:20002182	adult posterior ventrolateral protocerebrum neuron 124	flywire	PVLP124	PVLP124	PVLP124			PVLP124	PVLP124
FBbt:20002186	adult posterior ventrolateral protocerebrum neuron 128	flywire	PVLP128	PVLP128	PVLP128			PVLP128	PVLP128
FBbt:20002188	adult posterior ventrolateral protocerebrum neuron 130	flywire	PVLP130	PVLP130	PVLP130			PVLP130	PVLP130
FBbt:20002191	adult posterior ventrolateral protocerebrum neuron 133	flywire	PVLP133	PVLP133	PVLP133_a|PVLP133_b|PVLP133_c			PVLP133	PVLP133
FBbt:20002192	adult posterior ventrolateral protocerebrum neuron 134	flywire	PVLP134	PVLP134	PVLP134			PVLP134	PVLP134
FBbt:20002193	adult posterior ventrolateral protocerebrum neuron 135	flywire	PVLP135	PVLP135	PVLP135			PVLP135	PVLP135
FBbt:20002194	adult posterior ventrolateral protocerebrum neuron 136	flywire	PVLP136		PVLP136				
FBbt:20002195	adult posterior ventrolateral protocerebrum neuron 137	flywire	PVLP137	PVLP137	PVLP137			PVLP137	PVLP137
FBbt:20002196	adult posterior ventrolateral protocerebrum neuron 138	flywire	PVLP138	PVLP138	PVLP138			PVLP138	PVLP138
FBbt:20002197	adult posterior ventrolateral protocerebrum neuron 139	flywire	PVLP139	PVLP139	PVLP139		PVLP139	PVLP139	PVLP139
FBbt:20002198	adult posterior ventrolateral protocerebrum neuron 140	flywire	PVLP140	PVLP140	PVLP140			PVLP140	PVLP140
FBbt:20002199	adult posterior ventrolateral protocerebrum neuron 141	flywire	PVLP141	PVLP141	PVLP141			PVLP141	PVLP141
FBbt:20002201	adult posterior ventrolateral protocerebrum neuron 143	flywire	PVLP143	PVLP143	PVLP143			PVLP143	PVLP143
FBbt:20002202	adult posterior ventrolateral protocerebrum neuron 144	flywire	PVLP144	PVLP144	PVLP144			PVLP144	PVLP144
FBbt:20002206	adult posterior ventrolateral protocerebrum neuron 148	flywire	PVLP148	PVLP148	PVLP148			PVLP148	PVLP148
FBbt:20002207	adult posterior ventrolateral protocerebrum neuron 149	flywire	PVLP149	PVLP149	PVLP149			PVLP149	PVLP149
FBbt:20002208	adult posterior ventrolateral protocerebrum neuron 150	flywire	PVLP150	PVLP150	PVLP150			PVLP150	PVLP150
FBbt:20002209	adult posterior ventrolateral protocerebrum neuron 151	flywire	PVLP151	PVLP151	PVLP151			PVLP151	PVLP151
FBbt:20002216	adult saddle neuron 007	flywire	SAD007	SAD007	SAD007			SAD007	SAD007
FBbt:20002217	adult saddle neuron 008	flywire	SAD008	SAD008	SAD008			SAD008	SAD008
FBbt:20002218	adult saddle neuron 009	flywire	SAD009	SAD009	SAD009			SAD009	SAD009
FBbt:20002219	adult saddle neuron 010	flywire	SAD010	SAD010	SAD010			SAD010	SAD010
FBbt:20002221	adult saddle neuron 012	flywire	SAD012	SAD012	SAD012			SAD012	SAD012
FBbt:20002222	adult saddle neuron 013	flywire	SAD013	SAD013	SAD013			SAD013	SAD013
FBbt:20002223	adult saddle neuron 014	flywire	SAD014	SAD014	SAD014			SAD014	SAD014
FBbt:20002225	adult saddle neuron 016	flywire	SAD016	SAD016	SAD016				SAD016
FBbt:20002226	adult saddle neuron 017	flywire	SAD017	SAD017	SAD017				
FBbt:20002232	adult saddle neuron 023	flywire	SAD023	SAD023	SAD023			SAD023	SAD023
FBbt:20002239	adult saddle neuron 030	flywire	SAD030	SAD030	SAD030			SAD030	SAD030
FBbt:20002243	adult saddle neuron 034	flywire	SAD034	SAD034	SAD034			SAD034	SAD034
FBbt:20002244	adult saddle neuron 035	flywire	SAD035	SAD035	SAD035			SAD035	SAD035
FBbt:20002245	adult saddle neuron 036	flywire	SAD036	SAD036	SAD036			SAD036	SAD036
FBbt:20002248	adult saddle neuron 039	flywire	SAD039		SAD039				
FBbt:20002249	adult saddle neuron 040	flywire	SAD040	SAD040	SAD040			SAD040	SAD040
FBbt:20002252	adult saddle neuron 043	flywire	SAD043	SAD043	SAD043		SAD043	SAD043	SAD043
FBbt:20002253	adult saddle neuron 044	flywire	SAD044	SAD044	SAD044			SAD044	SAD044
FBbt:20002256	adult saddle neuron 047	flywire	SAD047	SAD047	SAD047			SAD047	SAD047
FBbt:20002258	adult saddle neuron 049	flywire	SAD049	SAD049	SAD049			SAD049	SAD049
FBbt:20002279	adult saddle neuron 070	flywire	SAD070	SAD070	SAD070		SAD070	SAD070	SAD070
FBbt:20002280	adult saddle neuron 071	flywire	SAD071	VESa2_H04	SAD071			SAD071	VESa2_H04
FBbt:20002281	adult saddle neuron 072	flywire	SAD072	SAD072	SAD072			SAD072	SAD072
FBbt:20002283	adult saddle neuron 074	flywire	SAD074	SAD074	SAD074			SAD074	SAD074
FBbt:20002284	adult saddle neuron 075	flywire	SAD075	SAD075	SAD075			SAD075	SAD075
FBbt:20002285	adult saddle neuron 076	flywire	SAD076	SAD076	SAD076			SAD076	SAD076
FBbt:20002289	adult saddle neuron 080	flywire	SAD080	SAD080	SAD080			SAD080	SAD080
FBbt:20002291	adult saddle neuron 082	flywire	SAD082	SAD082	SAD082			SAD082	SAD082
FBbt:20002293	adult saddle neuron 084	flywire	SAD084	SAD084	SAD084			SAD084	SAD084
FBbt:20002294	adult saddle neuron 085	flywire	SAD085	SAD085	SAD085			SAD085	SAD085
FBbt:20002303	adult saddle neuron 094	flywire	SAD094	SAD094	SAD094			SAD094	SAD094
FBbt:20002304	adult saddle neuron 095	flywire	SAD095		SAD095				
FBbt:20002308	adult superior intermediate protocerebrum neuron 004	flywire	SIP004	AOTUv3B_P06	SIP004			SIP004	AOTUv3B_P06
FBbt:20002309	adult superior intermediate protocerebrum neuron 005	flywire	SIP005	SIP005	SIP005			SIP005	SIP005
FBbt:20002310	adult superior intermediate protocerebrum neuron 006	flywire	SIP006	SIP006	SIP006			SIP006	SIP006
FBbt:20002315	adult superior intermediate protocerebrum neuron 011	flywire	SIP011		SIP011			SIP011	
FBbt:20002316	adult superior intermediate protocerebrum neuron 012	flywire	SIP012		SIP012				
FBbt:20002317	adult superior intermediate protocerebrum neuron 013	flywire	SIP013		SIP013			SIP013	
FBbt:20002319	adult superior intermediate protocerebrum neuron 015	flywire	SIP015	SIP015	SIP015			SIP015	SIP015
FBbt:20002321	adult superior intermediate protocerebrum neuron 017	flywire	SIP017	SIP017	SIP017			SIP017	SIP017
FBbt:20002322	adult superior intermediate protocerebrum neuron 018	flywire	SIP018	SIP018	SIP018			SIP018	SIP018
FBbt:20002323	adult superior intermediate protocerebrum neuron 019	flywire	SIP019	SIP019	SIP019			SIP019	SIP019
FBbt:20002324	adult superior intermediate protocerebrum neuron 020	flywire	SIP020	SIP020	SIP020			SIP020_a|SIP020_b|SIP020_c	SIP020
FBbt:20002326	adult superior intermediate protocerebrum neuron 022	flywire	SIP022	SIP022	SIP022			SIP022	SIP022
FBbt:20002328	adult superior intermediate protocerebrum neuron 024	flywire	SIP024	SIP024	SIP024			SIP024	SIP024
FBbt:20002329	adult superior intermediate protocerebrum neuron 025	flywire	SIP025	SIP025	SIP025			SIP025	SIP025
FBbt:20002331	adult superior intermediate protocerebrum neuron 027	flywire	SIP027	SIP027	SIP027			SIP027	SIP027
FBbt:20002332	adult superior intermediate protocerebrum neuron 028	flywire	SIP028	SIP028	SIP028			SIP028	SIP028
FBbt:20002333	adult superior intermediate protocerebrum neuron 029	flywire	SIP029	SIP029	SIP029			SIP029	SIP029
FBbt:20002335	adult superior intermediate protocerebrum neuron 031	flywire	SIP031	SIP031	SIP031			SIP031	SIP031
FBbt:20002337	adult superior intermediate protocerebrum neuron 033	flywire	SIP033	SIP033	SIP033			SIP033	SIP033
FBbt:20002338	adult superior intermediate protocerebrum neuron 034	flywire	SIP034	SIP034	SIP034			SIP034	SIP034
FBbt:20002345	adult superior intermediate protocerebrum neuron 041	flywire	SIP041	SIP041	SIP041			SIP041	SIP041
FBbt:20002350	adult superior intermediate protocerebrum neuron 046	flywire	SIP046	SIP046	SIP046			SIP046	SIP046
FBbt:20002351	adult superior intermediate protocerebrum neuron 047	flywire	SIP047		SIP047			SIP047	
FBbt:20002356	adult superior intermediate protocerebrum neuron 052	flywire	SIP052	SIP052	SIP052			SIP052	SIP052
FBbt:20002357	adult superior intermediate protocerebrum neuron 053	flywire	SIP053		SIP053			SIP053	
FBbt:20002365	adult superior intermediate protocerebrum neuron 061	flywire	SIP061	SIP061	SIP061				SIP061
FBbt:20002368	adult superior intermediate protocerebrum neuron 064	flywire	SIP064	SIP064	SIP064			SIP064	SIP064
FBbt:20002369	adult superior intermediate protocerebrum neuron 065	flywire	SIP065	SIP065	SIP065			SIP065	SIP065
FBbt:20002370	adult superior intermediate protocerebrum neuron 066	flywire	SIP066	SIP066	SIP066			SIP066	SIP066
FBbt:20002371	adult superior intermediate protocerebrum neuron 067	flywire	SIP067	SIP067	SIP067			SIP067	SIP067
FBbt:20002373	adult superior intermediate protocerebrum neuron 069	flywire	SIP069	SIP069	SIP069			SIP069	SIP069
FBbt:20002377	adult superior intermediate protocerebrum neuron 073	flywire	SIP073	SIP073	SIP073			SIP073	SIP073
FBbt:20002380	adult superior intermediate protocerebrum neuron 076	flywire	SIP076	SIP076	SIP076			SIP076	SIP076
FBbt:20002385	adult superior intermediate protocerebrum neuron 081	flywire	SIP081	SIP081	SIP081			SIP081	SIP081
FBbt:20002390	adult superior intermediate protocerebrum neuron 086	flywire	SIP086	SIP086	SIP086			SIP086	SIP086
FBbt:20002391	adult superior intermediate protocerebrum neuron 087	flywire	SIP087	SIP087	SIP087			SIP087	SIP087
FBbt:20002392	adult superior intermediate protocerebrum neuron 088	flywire	SIP088	SIP088	SIP088			SIP088	SIP088
FBbt:20002393	adult superior intermediate protocerebrum neuron 089	flywire	SIP089	SIP089	SIP089			SIP089	SIP089
FBbt:20002394	adult superior intermediate protocerebrum neuron 090	flywire	SIP090	SIP090	SIP090			SIP090	SIP090
FBbt:20002395	adult superior lateral protocerebrum neuron 001	flywire	SLP001	SLP001	SLP001			SLP001	SLP001
FBbt:20002397	adult superior lateral protocerebrum neuron 003	flywire	SLP003	SLP003	SLP003			SLP003	SLP003
FBbt:20002398	adult superior lateral protocerebrum neuron 004	flywire	SLP004	SLP004	SLP004			SLP004	SLP004
FBbt:20002399	adult superior lateral protocerebrum neuron 005	flywire	SLP005	SLP005	SLP005				SLP005
FBbt:20002400	adult superior lateral protocerebrum neuron 006	flywire	SLP006	SLP006	SLP006			SLP006	SLP006
FBbt:20002401	adult superior lateral protocerebrum neuron 007	flywire	SLP007		SLP007			SLP007	
FBbt:20002402	adult superior lateral protocerebrum neuron 008	flywire	SLP008	SLP008	SLP008			SLP008	SLP008
FBbt:20002405	adult superior lateral protocerebrum neuron 011	flywire	SLP011	SLP011	SLP011			SLP011	SLP011
FBbt:20002406	adult superior lateral protocerebrum neuron 012	flywire	SLP012	SLP012	SLP012			SLP012	SLP012
FBbt:20002410	adult superior lateral protocerebrum neuron 016	flywire	SLP016	SLP016	SLP016			SLP016	SLP016
FBbt:20002411	adult superior lateral protocerebrum neuron 017	flywire	SLP017	SLP017	SLP017			SLP017	
FBbt:20002413	adult superior lateral protocerebrum neuron 019	flywire	SLP019	SLP019	SLP019			SLP019	SLP019
FBbt:20002418	adult superior lateral protocerebrum neuron 024	flywire	SLP024		SLP024_a|SLP024_b|SLP024_c			SLP024	
FBbt:20002419	adult superior lateral protocerebrum neuron 025	flywire	SLP025		SLP025			SLP025	
FBbt:20002420	adult superior lateral protocerebrum neuron 026	flywire	SLP026	SLP026	SLP026			SLP026	SLP026
FBbt:20002421	adult superior lateral protocerebrum neuron 027	flywire	SLP027	SLP027	SLP027			SLP027	SLP027
FBbt:20002422	adult superior lateral protocerebrum neuron 028	flywire	SLP028		SLP028			SLP028	
FBbt:20002424	adult superior lateral protocerebrum neuron 030	flywire	SLP030	SLP030	SLP030			SLP030	SLP030
FBbt:20002425	adult superior lateral protocerebrum neuron 031	flywire	SLP031	SLP031	SLP031			SLP031	SLP031
FBbt:20002426	adult superior lateral protocerebrum neuron 032	flywire	SLP032	SLP032	SLP032			SLP032	SLP032
FBbt:20002427	adult superior lateral protocerebrum neuron 033	flywire	SLP033	SLP033	SLP033			SLP033	SLP033
FBbt:20002428	adult superior lateral protocerebrum neuron 034	flywire	SLP034	SLP034	SLP034			SLP034	SLP034
FBbt:20002441	adult superior lateral protocerebrum neuron 047	flywire	SLP047	SLP047	SLP047		SLP047	SLP047	SLP047
FBbt:20002442	adult superior lateral protocerebrum neuron 048	flywire	SLP048	SLP048	SLP048			SLP048	SLP048
FBbt:20002450	adult superior lateral protocerebrum neuron 056	flywire	SLP056	SLP056	SLP056		SLP056	SLP056	SLP056
FBbt:20002451	adult superior lateral protocerebrum neuron 057	flywire	SLP057	SLP057	SLP057			SLP057	SLP057
FBbt:20002453	adult superior lateral protocerebrum neuron 059	flywire	SLP059	SLP059	SLP059		SLP059	SLP059	SLP059
FBbt:20002454	adult superior lateral protocerebrum neuron 060	flywire	SLP060	SLP060	SLP060			SLP060	SLP060
FBbt:20002455	adult superior lateral protocerebrum neuron 061	flywire	SLP061	SLP061	SLP061		SLP061	SLP061	SLP061
FBbt:20002456	adult superior lateral protocerebrum neuron 062	flywire	SLP062	SLP062	SLP062			SLP062	SLP062
FBbt:20002458	adult superior lateral protocerebrum neuron 064	flywire	SLP064	SLP064	SLP064			SLP064	SLP064
FBbt:20002459	adult superior lateral protocerebrum neuron 065	flywire	SLP065	SLP065	SLP065			SLP065	SLP065
FBbt:20002460	adult superior lateral protocerebrum neuron 066	flywire	SLP066	SLP066	SLP066			SLP066	SLP066
FBbt:20002461	adult superior lateral protocerebrum neuron 067	flywire	SLP067	SLP067	SLP067			SLP067	SLP067
FBbt:20002462	adult superior lateral protocerebrum neuron 068	flywire	SLP068	SLP068	SLP068			SLP068	SLP068
FBbt:20002463	adult superior lateral protocerebrum neuron 069	flywire	SLP069	SLP069	SLP069			SLP069	SLP069
FBbt:20002464	adult superior lateral protocerebrum neuron 070	flywire	SLP070	SLP070	SLP070			SLP070	SLP070
FBbt:20002465	adult superior lateral protocerebrum neuron 071	flywire	SLP071	SLP071	SLP071			SLP071	SLP071
FBbt:20002466	adult superior lateral protocerebrum neuron 072	flywire	SLP072	SLP072	SLP072			SLP072	SLP072
FBbt:20002467	adult superior lateral protocerebrum neuron 073	flywire	SLP073	SLP073	SLP073			SLP073	SLP073
FBbt:20002468	adult superior lateral protocerebrum neuron 074	flywire	SLP074	SLP074	SLP074			SLP074	SLP074
FBbt:20002469	adult superior lateral protocerebrum neuron 075	flywire	SLP075	SLP075	SLP075			SLP075	SLP075
FBbt:20002470	adult superior lateral protocerebrum neuron 076	flywire	SLP076	SLP076	SLP076			SLP076	SLP076
FBbt:20002471	adult superior lateral protocerebrum neuron 077	flywire	SLP077	SLP077	SLP077			SLP077	SLP077
FBbt:20002473	adult superior lateral protocerebrum neuron 079	flywire	SLP079	SLP079	SLP079			SLP079	SLP079
FBbt:20002474	adult superior lateral protocerebrum neuron 080	flywire	SLP080	SLP080	SLP080			SLP080	SLP080
FBbt:20002477	adult superior lateral protocerebrum neuron 083	flywire	SLP083	SLP083	SLP083			SLP083	SLP083
FBbt:20002495	adult superior lateral protocerebrum neuron 101	flywire	SLP101	SLP101	SLP101			SLP101	SLP101
FBbt:20002496	adult superior lateral protocerebrum neuron 102	flywire	SLP102	SLP102	SLP102			SLP102	SLP102
FBbt:20002497	adult superior lateral protocerebrum neuron 103	flywire	SLP103	SLP103	SLP103			SLP103	SLP103
FBbt:20002500	adult superior lateral protocerebrum neuron 106	flywire	SLP106	SLP106	SLP106			SLP106	SLP106
FBbt:20002512	adult superior lateral protocerebrum neuron 118	flywire	SLP118	SLP118	SLP118			SLP118	SLP118
FBbt:20002513	adult superior lateral protocerebrum neuron 119	flywire	SLP119	SLP119	SLP119			SLP119	SLP119
FBbt:20002514	adult superior lateral protocerebrum neuron 120	flywire	SLP120	SLP120	SLP120			SLP120	SLP120
FBbt:20002516	adult superior lateral protocerebrum neuron 122	flywire	SLP122	SLP122	SLP122			SLP122	SLP122
FBbt:20002520	adult superior lateral protocerebrum neuron 126	flywire	SLP126	SLP126	SLP126			SLP126	SLP126
FBbt:20002522	adult superior lateral protocerebrum neuron 128	flywire	SLP128	SLP128	SLP128			SLP128	SLP128
FBbt:20002524	adult superior lateral protocerebrum neuron 130	flywire	SLP130	SLP130	SLP130		SLP130	SLP130	SLP130
FBbt:20002525	adult superior lateral protocerebrum neuron 131	flywire	SLP131	SLP131	SLP131			SLP131	SLP131
FBbt:20002526	adult superior lateral protocerebrum neuron 132	flywire	SLP132	SLP132	SLP132			SLP132	SLP132
FBbt:20002528	adult superior lateral protocerebrum neuron 134	flywire	SLP134	SLP134	SLP134			SLP134	SLP134
FBbt:20002530	adult superior lateral protocerebrum neuron 136	flywire	SLP136	SLP136	SLP136			SLP136	SLP136
FBbt:20002531	adult superior lateral protocerebrum neuron 137	flywire	SLP137	SLP137	SLP137			SLP137	SLP137
FBbt:20002543	adult superior lateral protocerebrum neuron 149	flywire	SLP149	SLP149	SLP149			SLP149	SLP149
FBbt:20002544	adult superior lateral protocerebrum neuron 150	flywire	SLP150	SLP150	SLP150			SLP150	SLP150
FBbt:20002545	adult superior lateral protocerebrum neuron 151	flywire	SLP151	SLP151	SLP151			SLP151	SLP151
FBbt:20002546	adult superior lateral protocerebrum neuron 152	flywire	SLP152	SLP152	SLP152			SLP152	SLP152
FBbt:20002547	adult superior lateral protocerebrum neuron 153	flywire	SLP153	SLP153	SLP153			SLP153	
FBbt:20002549	adult superior lateral protocerebrum neuron 155	flywire	SLP155	SLP155	SLP155			SLP155	SLP155
FBbt:20002551	adult superior lateral protocerebrum neuron 157	flywire	SLP157	SLP157	SLP157			SLP157	SLP157
FBbt:20002552	adult superior lateral protocerebrum neuron 158	flywire	SLP158	SLP158	SLP158			SLP158	SLP158
FBbt:20002553	adult superior lateral protocerebrum neuron 159	flywire	SLP159		SLP159				
FBbt:20002554	adult superior lateral protocerebrum neuron 160	flywire	SLP160	SLP160	SLP160			SLP160	SLP160
FBbt:20002556	adult superior lateral protocerebrum neuron 162	flywire	SLP162		SLP162			SLP162	
FBbt:20002563	adult superior lateral protocerebrum neuron 169	flywire	SLP169		SLP169				
FBbt:20002564	adult superior lateral protocerebrum neuron 170	flywire	SLP170	SLP170	SLP170			SLP170	SLP170
FBbt:20002578	adult superior lateral protocerebrum neuron 184	flywire	SLP184	SLP184	SLP184		SLP184	SLP184	SLP184
FBbt:20002582	adult superior lateral protocerebrum neuron 188	flywire	SLP188	SLP188	SLP188_a|SLP188_b			SLP188	SLP188
FBbt:20002583	adult superior lateral protocerebrum neuron 189	flywire	SLP189	SLP189	SLP189_a|SLP189_b			SLP189_b|SLP189|SLP189_a	SLP189
FBbt:20002596	adult superior lateral protocerebrum neuron 202	flywire	SLP202	SLP202	SLP202			SLP202	
FBbt:20002598	adult superior lateral protocerebrum neuron 204	flywire	SLP204	SLP204	SLP204			SLP204	
FBbt:20002600	adult superior lateral protocerebrum neuron 206	flywire	SLP206	SLP206	SLP206		SLP206	SLP206	SLP206
FBbt:20002601	adult superior lateral protocerebrum neuron 207	flywire	SLP207	SLP207	SLP207		SLP207	SLP207	SLP207
FBbt:20002602	adult superior lateral protocerebrum neuron 208	flywire	SLP208	SLP208	SLP208		SLP208	SLP208	SLP208
FBbt:20002603	adult superior lateral protocerebrum neuron 209	flywire	SLP209	SLP209	SLP209		SLP209	SLP209	SLP209
FBbt:20002604	adult superior lateral protocerebrum neuron 210	flywire	SLP210	SLP210	SLP210			SLP210	SLP210
FBbt:20002605	adult superior lateral protocerebrum neuron 211	flywire	SLP211	SLP211	SLP211			SLP211	SLP211
FBbt:20002606	adult superior lateral protocerebrum neuron 212	flywire	SLP212		SLP212			SLP212_a|SLP212_b|SLP212_c	
FBbt:20002607	adult superior lateral protocerebrum neuron 213	flywire	SLP213	SLP213	SLP213				SLP213
FBbt:20002608	adult superior lateral protocerebrum neuron 214	flywire	SLP214	SLP214	SLP214			SLP214	SLP214
FBbt:20002609	adult superior lateral protocerebrum neuron 215	flywire	SLP215	SLP215	SLP215			SLP215	SLP215
FBbt:20002610	adult superior lateral protocerebrum neuron 216	flywire	SLP216	SLP216	SLP216			SLP216	SLP216
FBbt:20002615	adult superior lateral protocerebrum neuron 221	flywire	SLP221	SLP221	SLP221			SLP221	SLP221
FBbt:20002616	adult superior lateral protocerebrum neuron 222	flywire	SLP222	SLP222	SLP222			SLP222	SLP222
FBbt:20002617	adult superior lateral protocerebrum neuron 223	flywire	SLP223	SLP223	SLP223			SLP223	SLP223
FBbt:20002618	adult superior lateral protocerebrum neuron 224	flywire	SLP224	SLP224	SLP224			SLP224	SLP224
FBbt:20002620	adult superior lateral protocerebrum neuron 226	flywire	SLP226	SLP226	SLP226				SLP226
FBbt:20002621	adult superior lateral protocerebrum neuron 227	flywire	SLP227	SLP227	SLP227			SLP227	SLP227
FBbt:20002622	adult superior lateral protocerebrum neuron 228	flywire	SLP228	SLP228	SLP228			SLP228	SLP228
FBbt:20002624	adult superior lateral protocerebrum neuron 230	flywire	SLP230	SLP230	SLP230		SLP230	SLP230	SLP230
FBbt:20002625	adult superior lateral protocerebrum neuron 231	flywire	SLP231	SLP231	SLP231			SLP231	
FBbt:20002629	adult superior lateral protocerebrum neuron 235	flywire	SLP235	SLP235	SLP235			SLP235	SLP235
FBbt:20002630	adult superior lateral protocerebrum neuron 236	flywire	SLP236	SLP236	SLP236			SLP236	SLP236
FBbt:20002631	adult superior lateral protocerebrum neuron 237	flywire	SLP237	SLP237	SLP237			SLP237	SLP237
FBbt:20002632	adult superior lateral protocerebrum neuron 238	flywire	SLP238	SLP238	SLP238			SLP238	SLP238
FBbt:20002633	adult superior lateral protocerebrum neuron 239	flywire	SLP239	SLP239	SLP239			SLP239	SLP239
FBbt:20002635	adult superior lateral protocerebrum neuron 241	flywire	SLP241	SLP241	SLP241			SLP241	SLP241
FBbt:20002636	adult superior lateral protocerebrum neuron 242	flywire	SLP242	SLP242	SLP242			SLP242	SLP242
FBbt:20002637	adult superior lateral protocerebrum neuron 243	flywire	SLP243	VESa2_P01	SLP243			SLP243	VESa2_P01
FBbt:20002638	adult superior lateral protocerebrum neuron 244	flywire	SLP244	SLP244	SLP244			SLP244	SLP244
FBbt:20002640	adult superior lateral protocerebrum neuron 246	flywire	SLP246	SLP246	SLP246			SLP246	SLP246
FBbt:20002641	adult superior lateral protocerebrum neuron 247	flywire	SLP247	SLP247	SLP247			SLP247	SLP247
FBbt:20002642	adult superior lateral protocerebrum neuron 248	flywire	SLP248	SLP248	SLP248			SLP248	SLP248
FBbt:20002644	adult superior lateral protocerebrum neuron 250	flywire	SLP250		SLP250		SLP250	SLP250	
FBbt:20002649	adult superior lateral protocerebrum neuron 255	flywire	SLP255	SLP255	SLP255			SLP255	SLP255
FBbt:20002650	adult superior lateral protocerebrum neuron 256	flywire	SLP256	SLP256	SLP256			SLP256	SLP256
FBbt:20002651	adult superior lateral protocerebrum neuron 257	flywire	SLP257	SLP257	SLP257			SLP257	
FBbt:20002652	adult superior lateral protocerebrum neuron 258	flywire	SLP258	SLP258	SLP258			SLP258	SLP258
FBbt:20002659	adult superior lateral protocerebrum neuron 265	flywire	SLP265		SLP265			SLP265	
FBbt:20002663	adult superior lateral protocerebrum neuron 269	flywire	SLP269	SLP269	SLP269			SLP269	SLP269
FBbt:20002664	adult superior lateral protocerebrum neuron 270	flywire	SLP270	SLP270	SLP270			SLP270	SLP270
FBbt:20002667	adult superior lateral protocerebrum neuron 273	flywire	SLP273	SLP273	SLP273			SLP273	SLP273
FBbt:20002668	adult superior lateral protocerebrum neuron 274	flywire	SLP274	SLP274	SLP274			SLP274	SLP274
FBbt:20002669	adult superior lateral protocerebrum neuron 275	flywire	SLP275	SLP275	SLP275			SLP275	SLP275
FBbt:20002672	adult superior lateral protocerebrum neuron 278	flywire	SLP278	SLP278	SLP278			SLP278	SLP278
FBbt:20002673	adult superior lateral protocerebrum neuron 279	flywire	SLP279	SLP279	SLP279			SLP279	SLP279
FBbt:20002675	adult superior lateral protocerebrum neuron 281	flywire	SLP281	SLP281	SLP281			SLP281	SLP281
FBbt:20002679	adult superior lateral protocerebrum neuron 285	flywire	SLP285	SLP285	SLP285			SLP285	SLP285
FBbt:20002680	adult superior lateral protocerebrum neuron 286	flywire	SLP286	SLP286	SLP286			SLP286	SLP286
FBbt:20002681	adult superior lateral protocerebrum neuron 287	flywire	SLP287	SLP287	SLP287			SLP287	SLP287
FBbt:20002682	adult superior lateral protocerebrum neuron 288	flywire	SLP288		SLP288			SLP288	
FBbt:20002683	adult superior lateral protocerebrum neuron 289	flywire	SLP289	SLP289	SLP289			SLP289	SLP289
FBbt:20002684	adult superior lateral protocerebrum neuron 290	flywire	SLP290	SLP290	SLP290			SLP290	SLP290
FBbt:20002685	adult superior lateral protocerebrum neuron 291	flywire	SLP291	SLP291	SLP291			SLP291	SLP291
FBbt:20002689	adult superior lateral protocerebrum neuron 295	flywire	SLP295		SLP295			SLP295	
FBbt:20002692	adult superior lateral protocerebrum neuron 298	flywire	SLP298	SLP298	SLP298			SLP298	SLP298
FBbt:20002694	adult superior lateral protocerebrum neuron 300	flywire	SLP300		SLP300			SLP300	
FBbt:20002696	adult superior lateral protocerebrum neuron 302	flywire	SLP302		SLP302			SLP302	
FBbt:20002698	adult superior lateral protocerebrum neuron 304	flywire	SLP304		SLP304			SLP304	
FBbt:20002699	adult superior lateral protocerebrum neuron 305	flywire	SLP305	SLP305	SLP305			SLP305	
FBbt:20002701	adult superior lateral protocerebrum neuron 307	flywire	SLP307	SLP307	SLP307			SLP307	SLP307
FBbt:20002702	adult superior lateral protocerebrum neuron 308	flywire	SLP308		SLP308			SLP308	
FBbt:20002706	adult superior lateral protocerebrum neuron 312	flywire	SLP312	SLP312	SLP312			SLP312	SLP312
FBbt:20002707	adult superior lateral protocerebrum neuron 313	flywire	SLP313	SLP313	SLP313			SLP313	SLP313
FBbt:20002708	adult superior lateral protocerebrum neuron 314	flywire	SLP314	SLP314	SLP314			SLP314	SLP314
FBbt:20002713	adult superior lateral protocerebrum neuron 319	flywire	SLP319	SLP319	SLP319			SLP319	SLP319
FBbt:20002715	adult superior lateral protocerebrum neuron 321	flywire	SLP321	SLP321	SLP321			SLP321	SLP321
FBbt:20002734	adult superior lateral protocerebrum neuron 340	flywire	SLP340	SLP340	SLP340			SLP340	SLP340
FBbt:20002738	adult superior lateral protocerebrum neuron 344	flywire	SLP344	SLP344	SLP344			SLP344	SLP344
FBbt:20002739	adult superior lateral protocerebrum neuron 345	flywire	SLP345	SLP345	SLP345			SLP345	SLP345
FBbt:20002749	adult superior lateral protocerebrum neuron 355	flywire	SLP355	SLP355	SLP355			SLP355	SLP355
FBbt:20002750	adult superior lateral protocerebrum neuron 356	flywire	SLP356		SLP356			SLP356	
FBbt:20002751	adult superior lateral protocerebrum neuron 357	flywire	SLP357		SLP357			LoVP70|LoVP51	
FBbt:20002752	adult superior lateral protocerebrum neuron 358	flywire	SLP358	SLP358	SLP358			SLP358	SLP358
FBbt:20002753	adult superior lateral protocerebrum neuron 359	flywire	SLP359	SLP359	SLP359		SLP359	SLP359	SLP359
FBbt:20002757	adult superior lateral protocerebrum neuron 363	flywire	SLP363	SLP363	SLP363		SLP363	SLP363	SLP363
FBbt:20002758	adult superior lateral protocerebrum neuron 364	flywire	SLP364	SLP364	SLP364		SLP364	SLP364	SLP364
FBbt:20002759	adult superior lateral protocerebrum neuron 365	flywire	SLP365	SLP365	SLP365			SLP365	SLP365
FBbt:20002760	adult superior lateral protocerebrum neuron 366	flywire	SLP366	SLP366	SLP366			SLP366	SLP366
FBbt:20002762	adult superior lateral protocerebrum neuron 368	flywire	SLP368	SLP368	SLP368		SLP368	SLP368	SLP368
FBbt:20002767	adult superior lateral protocerebrum neuron 373	flywire	SLP373	SLP373	SLP373			SLP373	SLP373
FBbt:20002768	adult superior lateral protocerebrum neuron 374	flywire	SLP374	SLP374	SLP374			SLP374	SLP374
FBbt:20002769	adult superior lateral protocerebrum neuron 375	flywire	SLP375	SLP375	SLP375			SLP375	SLP375
FBbt:20002770	adult superior lateral protocerebrum neuron 376	flywire	SLP376	SLP376	SLP376			SLP376	SLP376
FBbt:20002771	adult superior lateral protocerebrum neuron 377	flywire	SLP377	SLP377	SLP377			SLP377	SLP377
FBbt:20002772	adult superior lateral protocerebrum neuron 378	flywire	SLP378	SLP378	SLP378			SLP378	SLP378
FBbt:20002773	adult superior lateral protocerebrum neuron 379	flywire	SLP379	SLP379	SLP379			SLP379	SLP379
FBbt:20002774	adult superior lateral protocerebrum neuron 380	flywire	SLP380	SLP380	SLP380			SLP380	SLP380
FBbt:20002775	adult superior lateral protocerebrum neuron 381	flywire	SLP381	SLP381	SLP381			SLP381	SLP381
FBbt:20002776	adult superior lateral protocerebrum neuron 382	flywire	SLP382	SLP382	SLP382			SLP382	SLP382
FBbt:20002777	adult superior lateral protocerebrum neuron 383	flywire	SLP383	SLP383	SLP383			SLP383	SLP383
FBbt:20002778	adult superior lateral protocerebrum neuron 384	flywire	SLP384	SLP384	SLP384			SLP384	SLP384
FBbt:20002779	adult superior lateral protocerebrum neuron 385	flywire	SLP385	SLP385	SLP385			SLP385	SLP385
FBbt:20002780	adult superior lateral protocerebrum neuron 386	flywire	SLP386	SLP386	SLP386			SLP386	SLP386
FBbt:20002781	adult superior lateral protocerebrum neuron 387	flywire	SLP387	SLP387	SLP387			SLP387	SLP387
FBbt:20002782	adult superior lateral protocerebrum neuron 388	flywire	SLP388	SLP388	SLP388			SLP388	SLP388
FBbt:20002783	adult superior lateral protocerebrum neuron 389	flywire	SLP389	SLP389	SLP389			SLP389	SLP389
FBbt:20002784	adult superior lateral protocerebrum neuron 390	flywire	SLP390	SLP390	SLP390			SLP390	SLP390
FBbt:20002785	adult superior lateral protocerebrum neuron 391	flywire	SLP391	SLP391	SLP391			SLP391	SLP391
FBbt:20002786	adult superior lateral protocerebrum neuron 392	flywire	SLP392	SLP392	SLP392			SLP392	SLP392
FBbt:20002787	adult superior lateral protocerebrum neuron 393	flywire	SLP393	SLP393	SLP393			SLP393	SLP393
FBbt:20002789	adult superior lateral protocerebrum neuron 395	flywire	SLP395	SLP395	SLP395			SLP395	SLP395
FBbt:20002790	adult superior lateral protocerebrum neuron 396	flywire	SLP396	SLP396	SLP396			SLP396	SLP396
FBbt:20002791	adult superior lateral protocerebrum neuron 397	flywire	SLP397	SLP397	SLP397			SLP397	SLP397
FBbt:20002792	adult superior lateral protocerebrum neuron 398	flywire	SLP398		SLP398			SLP398	
FBbt:20002794	adult superior lateral protocerebrum neuron 400	flywire	SLP400		SLP400			SLP400	
FBbt:20002797	adult superior lateral protocerebrum neuron 403	flywire	SLP403	SLP403	SLP403			SLP403	SLP403
FBbt:20002798	adult superior lateral protocerebrum neuron 404	flywire	SLP404	SLP404	SLP404			SLP404	SLP404
FBbt:20002799	adult superior lateral protocerebrum neuron 405	flywire	SLP405	SLP405	SLP405_a|SLP405_b|SLP405_c			SLP405_b|SLP405_a|SLP405|SLP405_c	SLP405
FBbt:20002800	adult superior lateral protocerebrum neuron 406	flywire	SLP406	SLP406	SLP406			SLP406	SLP406
FBbt:20002805	adult superior lateral protocerebrum neuron 411	flywire	SLP411	SLP411	SLP411			SLP411	SLP411
FBbt:20002806	adult superior lateral protocerebrum neuron 412	flywire	SLP412		SLP412			SLP412_a|SLP412_b	
FBbt:20002815	adult superior lateral protocerebrum neuron 421	flywire	SLP421	SLP421	SLP421			SLP421	SLP421
FBbt:20002827	adult superior lateral protocerebrum neuron 433	flywire	SLP433	SLP433	SLP433			SLP433	SLP433
FBbt:20002829	adult superior lateral protocerebrum neuron 435	flywire	SLP435	SLP435	SLP435			SLP435	SLP435
FBbt:20002831	adult superior lateral protocerebrum neuron 437	flywire	SLP437	SLP437	SLP437			SLP437	SLP437
FBbt:20002832	adult superior lateral protocerebrum neuron 438	flywire	SLP438	SLP438	SLP438			SLP438	SLP438
FBbt:20002833	adult superior lateral protocerebrum neuron 439	flywire	SLP439	SLPpm3_P03	SLP439			SLP439	SLPpm3_P03
FBbt:20002834	adult superior lateral protocerebrum neuron 440	flywire	SLP440	SLPpm3_H02	SLP440			SLP440	SLPpm3_H02
FBbt:20002835	adult superior lateral protocerebrum neuron 441	flywire	SLP441	SLPpm3_S01	SLP441			SLP441	SLPpm3_S01
FBbt:20002836	adult superior lateral protocerebrum neuron 442	flywire	SLP442	SLPpm3_P02	SLP442			SLP442	SLPpm3_P02
FBbt:20002837	adult superior lateral protocerebrum neuron 443	flywire	SLP443	SLP443	SLP443			SLP443	SLP443
FBbt:20002838	adult superior lateral protocerebrum neuron 444	flywire	SLP444	SLP444	SLP444			SLP444	SLP444
FBbt:20002841	adult superior lateral protocerebrum neuron 447	flywire	SLP447	SLP447	SLP447			SLP447	SLP447
FBbt:20002844	adult superior lateral protocerebrum neuron 450	flywire	SLP450	SLP450	SLP450			SLP450	SLP450
FBbt:20002845	adult superior lateral protocerebrum neuron 451	flywire	SLP451		SLP451			SLP451	
FBbt:20002849	adult superior lateral protocerebrum neuron 455	flywire	SLP455	SLP455	SLP455			SLP455	SLP455
FBbt:20002850	adult superior lateral protocerebrum neuron 456	flywire	SLP456	SLP456	SLP456			SLP456	SLP456
FBbt:20002851	adult superior lateral protocerebrum neuron 457	flywire	SLP457	SLP457	SLP457			SLP457	SLP457
FBbt:20002852	adult superior lateral protocerebrum neuron 458	flywire	SLP458	SLP458	SLP458			SLP458	SLP458
FBbt:20002853	adult superior lateral protocerebrum neuron 459	flywire	SLP459	SLP459	SLP459			SLP459	SLP459
FBbt:20002856	adult superior lateral protocerebrum neuron 462	flywire	SLP462	SLP462	SLP462			SLP462	SLP462
FBbt:20002857	adult superior lateral protocerebrum neuron 463	flywire	SLP463		SLP463			SLP463	SLP463
FBbt:20002858	adult superior lateral protocerebrum neuron 464	flywire	SLP464	SLP464	SLP464			SLP464	SLP464
FBbt:20002859	adult superior lateral protocerebrum neuron 465	flywire	SLP465		SLP465			SLP465	
FBbt:20002861	adult superior lateral protocerebrum neuron 467	flywire	SLP467		SLP467			SLP467	
FBbt:20002863	adult superior medial protocerebrum neuron 001	flywire	SMP001	SMP001	SMP001			SMP001	SMP001
FBbt:20002868	adult superior medial protocerebrum neuron 006	flywire	SMP006	SMP006	SMP006			SMP006	SMP006
FBbt:20002870	adult superior medial protocerebrum neuron 008	flywire	SMP008	SMP008	SMP008			SMP008	SMP008
FBbt:20002872	adult superior medial protocerebrum neuron 010	flywire	SMP010	SMP010	SMP010			SMP010	SMP010
FBbt:20002873	adult superior medial protocerebrum neuron 011	flywire	SMP011		SMP011			SMP011_a|SMP011_b	
FBbt:20002874	adult superior medial protocerebrum neuron 012	flywire	SMP012	SMP012	SMP012			SMP012	SMP012
FBbt:20002875	adult superior medial protocerebrum neuron 013	flywire	SMP013	AOTUv3B_M01	SMP013			SMP013	AOTUv3B_M01
FBbt:20002876	adult superior medial protocerebrum neuron 014	flywire	SMP014	SMP014	SMP014			SMP014	SMP014
FBbt:20002877	adult superior medial protocerebrum neuron 015	flywire	SMP015	SMP015	SMP015			SMP015	SMP015
FBbt:20002878	adult superior medial protocerebrum neuron 016	flywire	SMP016		SMP016_a|SMP016_b			SMP016_a|SMP016_b	
FBbt:20002880	adult superior medial protocerebrum neuron 018	flywire	SMP018	SMP018	SMP018_a|SMP018_b|SMP018_c			SMP018	SMP018
FBbt:20002881	adult superior medial protocerebrum neuron 019	flywire	SMP019	SMP019	SMP019			SMP019	SMP019
FBbt:20002882	adult superior medial protocerebrum neuron 020	flywire	SMP020	SMP020	SMP020			SMP020	SMP020
FBbt:20002883	adult superior medial protocerebrum neuron 021	flywire	SMP021	SMP021	SMP021			SMP021	SMP021
FBbt:20002884	adult superior medial protocerebrum neuron 022	flywire	SMP022		SMP022			SMP022	
FBbt:20002887	adult superior medial protocerebrum neuron 025	flywire	SMP025		SMP025			SMP025	
FBbt:20002888	adult superior medial protocerebrum neuron 026	flywire	SMP026	SMP026	SMP026			SMP026	SMP026
FBbt:20002889	adult superior medial protocerebrum neuron 027	flywire	SMP027	SMP027	SMP027			SMP027	SMP027
FBbt:20002890	adult superior medial protocerebrum neuron 028	flywire	SMP028	SMP028	SMP028			SMP028	SMP028
FBbt:20002891	adult superior medial protocerebrum neuron 029	flywire	SMP029	SMP029	SMP029				SMP029
FBbt:20002892	adult superior medial protocerebrum neuron 030	flywire	SMP030	SMP030	SMP030			SMP030	SMP030
FBbt:20002893	adult superior medial protocerebrum neuron 031	flywire	SMP031	SMP031	SMP031			SMP031	SMP031
FBbt:20002895	adult superior medial protocerebrum neuron 033	flywire	SMP033	SMP033	SMP033			SMP033	SMP033
FBbt:20002896	adult superior medial protocerebrum neuron 034	flywire	SMP034	SMP034	SMP034			SMP034	SMP034
FBbt:20002897	adult superior medial protocerebrum neuron 035	flywire	SMP035	SMP035	SMP035			SMP035	SMP035
FBbt:20002898	adult superior medial protocerebrum neuron 036	flywire	SMP036	SMP036	SMP036			SMP036	SMP036
FBbt:20002899	adult superior medial protocerebrum neuron 037	flywire	SMP037	SMP037	SMP037			SMP037	SMP037
FBbt:20002900	adult superior medial protocerebrum neuron 038	flywire	SMP038	SMP038	SMP038			SMP038	SMP038
FBbt:20002901	adult superior medial protocerebrum neuron 039	flywire	SMP039	SMP039	SMP039			SMP039	SMP039
FBbt:20002902	adult superior medial protocerebrum neuron 040	flywire	SMP040	SMP040	SMP040			SMP040	SMP040
FBbt:20002903	adult superior medial protocerebrum neuron 041	flywire	SMP041	SMP041	SMP041			SMP041	SMP041
FBbt:20002904	adult superior medial protocerebrum neuron 042	flywire	SMP042	SMP042	SMP042			SMP042	SMP042
FBbt:20002905	adult superior medial protocerebrum neuron 043	flywire	SMP043	SMP043	SMP043			SMP043	SMP043
FBbt:20002906	adult superior medial protocerebrum neuron 044	flywire	SMP044	SMP044	SMP044			SMP044	SMP044
FBbt:20002907	adult superior medial protocerebrum neuron 045	flywire	SMP045	SMP045	SMP045			SMP045	SMP045
FBbt:20002908	adult superior medial protocerebrum neuron 046	flywire	SMP046	SMP046	SMP046			SMP046	SMP046
FBbt:20002909	adult superior medial protocerebrum neuron 047	flywire	SMP047	SMP047	SMP047			SMP047	SMP047
FBbt:20002910	adult superior medial protocerebrum neuron 048	flywire	SMP048	SMP048	SMP048			SMP048	SMP048
FBbt:20002912	adult superior medial protocerebrum neuron 050	flywire	SMP050	SMP050	SMP050			SMP050	SMP050
FBbt:20002913	adult superior medial protocerebrum neuron 051	flywire	SMP051	SMP051	SMP051			SMP051	SMP051
FBbt:20002915	adult superior medial protocerebrum neuron 053	flywire	SMP053	SMP053	SMP053			SMP053	SMP053
FBbt:20002916	adult superior medial protocerebrum neuron 054	flywire	SMP054	SMP054	SMP054			SMP054	SMP054
FBbt:20002917	adult superior medial protocerebrum neuron 055	flywire	SMP055	SMP055	SMP055			SMP055	SMP055
FBbt:20002918	adult superior medial protocerebrum neuron 056	flywire	SMP056	SMP056	SMP056			SMP056	SMP056
FBbt:20002919	adult superior medial protocerebrum neuron 057	flywire	SMP057	SMP057	SMP057			SMP057	SMP057
FBbt:20002920	adult superior medial protocerebrum neuron 058	flywire	SMP058	SMP058	SMP058			SMP058	SMP058
FBbt:20002921	adult superior medial protocerebrum neuron 059	flywire	SMP059	SMP059	SMP059			SMP059	SMP059
FBbt:20002927	adult superior medial protocerebrum neuron 065	flywire	SMP065	SMP065	SMP065			SMP065	SMP065
FBbt:20002928	adult superior medial protocerebrum neuron 066	flywire	SMP066	SMP066	SMP066			SMP066	SMP066
FBbt:20002929	adult superior medial protocerebrum neuron 067	flywire	SMP067	SMP067	SMP067			SMP067	SMP067
FBbt:20002930	adult superior medial protocerebrum neuron 068	flywire	SMP068	SMP068	SMP068			SMP068	SMP068
FBbt:20002931	adult superior medial protocerebrum neuron 069	flywire	SMP069	SMP069	SMP069			SMP069	SMP069
FBbt:20002937	adult superior medial protocerebrum neuron 075	flywire	SMP075		SMP075			SMP075	
FBbt:20002939	adult superior medial protocerebrum neuron 077	flywire	SMP077	SMP077	SMP077			SMP077	SMP077
FBbt:20002941	adult superior medial protocerebrum neuron 079	flywire	SMP079	SMP079	SMP079			SMP079	SMP079
FBbt:20002942	adult superior medial protocerebrum neuron 080	flywire	SMP080	SMP080	SMP080			SMP080	SMP080
FBbt:20002943	adult superior medial protocerebrum neuron 081	flywire	SMP081	SMP081	SMP081			SMP081	SMP081
FBbt:20002945	adult superior medial protocerebrum neuron 083	flywire	SMP083	SMP083	SMP083			SMP083	SMP083
FBbt:20002946	adult superior medial protocerebrum neuron 084	flywire	SMP084	SMP084	SMP084			SMP084	SMP084
FBbt:20002947	adult superior medial protocerebrum neuron 085	flywire	SMP085	SMP085	SMP085			SMP085	SMP085
FBbt:20002949	adult superior medial protocerebrum neuron 087	flywire	SMP087	SMP087	SMP087			SMP087	SMP087
FBbt:20002951	adult superior medial protocerebrum neuron 089	flywire	SMP089	SMP089	SMP089			SMP089	SMP089
FBbt:20002952	adult superior medial protocerebrum neuron 090	flywire	SMP090	SMP090	SMP090			SMP090	SMP090
FBbt:20002953	adult superior medial protocerebrum neuron 091	flywire	SMP091	SMP091	SMP091			SMP091	SMP091
FBbt:20002954	adult superior medial protocerebrum neuron 092	flywire	SMP092	SMP092	SMP092			SMP092	SMP092
FBbt:20002955	adult superior medial protocerebrum neuron 093	flywire	SMP093	SMP093	SMP093			SMP093	SMP093
FBbt:20002957	adult superior medial protocerebrum neuron 095	flywire	SMP095	SMP095	SMP095			SMP095	SMP095
FBbt:20002958	adult superior medial protocerebrum neuron 096	flywire	SMP096	SMP096	SMP096			SMP096	SMP096
FBbt:20002964	adult superior medial protocerebrum neuron 102	flywire	SMP102	SMP102	SMP102			SMP102	SMP102
FBbt:20002965	adult superior medial protocerebrum neuron 103	flywire	SMP103	SMP103	SMP103				SMP103
FBbt:20002968	adult superior medial protocerebrum neuron 106	flywire	SMP106	SMP106	SMP106			SMP106	SMP106
FBbt:20002970	adult superior medial protocerebrum neuron 108	flywire	SMP108	SMP108	SMP108			SMP108	SMP108
FBbt:20002971	adult superior medial protocerebrum neuron 109	flywire	SMP109	SMP109	SMP109			SMP109	SMP109
FBbt:20002972	adult superior medial protocerebrum neuron 110	flywire	SMP110		SMP110			SMP110	
FBbt:20002973	adult superior medial protocerebrum neuron 111	flywire	SMP111	SMP111	SMP111			SMP111	SMP111
FBbt:20002974	adult superior medial protocerebrum neuron 112	flywire	SMP112	SMP112	SMP112			SMP112	SMP112
FBbt:20002976	adult superior medial protocerebrum neuron 114	flywire	SMP114	SMP114	SMP114			SMP114	SMP114
FBbt:20002977	adult superior medial protocerebrum neuron 115	flywire	SMP115	SMP115	SMP115			SMP115	SMP115
FBbt:20002978	adult superior medial protocerebrum neuron 116	flywire	SMP116	SMP116	SMP116			SMP116	SMP116
FBbt:20002981	adult superior medial protocerebrum neuron 119	flywire	SMP119	SMP119	SMP119			SMP119	SMP119
FBbt:20002982	adult superior medial protocerebrum neuron 120	flywire	SMP120		SMP120			SMP120	
FBbt:20002983	adult superior medial protocerebrum neuron 121	flywire	SMP121	SMP121	SMP121				SMP121
FBbt:20002984	adult superior medial protocerebrum neuron 122	flywire	SMP122	SMP122	SMP122			SMP122	SMP122
FBbt:20002985	adult superior medial protocerebrum neuron 123	flywire	SMP123		SMP123			SMP123	
FBbt:20002986	adult superior medial protocerebrum neuron 124	flywire	SMP124	SMP124	SMP124			SMP124	SMP124
FBbt:20002990	adult superior medial protocerebrum neuron 128	flywire	SMP128	SMP128	SMP128			SMP128	SMP128
FBbt:20003005	adult superior medial protocerebrum neuron 143	flywire	SMP143	SMP143	SMP143			SMP143	SMP143
FBbt:20003007	adult superior medial protocerebrum neuron 145	flywire	SMP145		SMP145			SMP145	
FBbt:20003008	adult superior medial protocerebrum neuron 146	flywire	SMP146	SMP146	SMP146			SMP146	SMP146
FBbt:20003009	adult superior medial protocerebrum neuron 147	flywire	SMP147	SMP147	SMP147			SMP147	SMP147
FBbt:20003010	adult superior medial protocerebrum neuron 148	flywire	SMP148	AOTUv1A_T01	SMP148			SMP148	AOTUv1A_T01
FBbt:20003013	adult superior medial protocerebrum neuron 151	flywire	SMP151	SMP151	SMP151			SMP151	SMP151
FBbt:20003014	adult superior medial protocerebrum neuron 152	flywire	SMP152	SMP152	SMP152			SMP152	SMP152
FBbt:20003015	adult superior medial protocerebrum neuron 153	flywire	SMP153		SMP153			SMP153_a|SMP153_b	
FBbt:20003017	adult superior medial protocerebrum neuron 155	flywire	SMP155	SMP155	SMP155			SMP155	SMP155
FBbt:20003018	adult superior medial protocerebrum neuron 156	flywire	SMP156	SMP156	SMP156			SMP156	SMP156
FBbt:20003019	adult superior medial protocerebrum neuron 157	flywire	SMP157	SMP157	SMP157			SMP157	SMP157
FBbt:20003020	adult superior medial protocerebrum neuron 158	flywire	SMP158	SMP158	SMP158			SMP158	SMP158
FBbt:20003021	adult superior medial protocerebrum neuron 159	flywire	SMP159	SMP159	SMP159			SMP159	SMP159
FBbt:20003022	adult superior medial protocerebrum neuron 160	flywire	SMP160	SMP160	SMP160			SMP160	SMP160
FBbt:20003023	adult superior medial protocerebrum neuron 161	flywire	SMP161	SMP161	SMP161			SMP161	SMP161
FBbt:20003024	adult superior medial protocerebrum neuron 162	flywire	SMP162		SMP162			SMP162	
FBbt:20003025	adult superior medial protocerebrum neuron 163	flywire	SMP163	SMP163	SMP163			SMP163	SMP163
FBbt:20003026	adult superior medial protocerebrum neuron 164	flywire	SMP164	SMP164	SMP164			SMP164	SMP164
FBbt:20003027	adult superior medial protocerebrum neuron 165	flywire	SMP165	SMP165	SMP165			SMP165	SMP165
FBbt:20003030	adult superior medial protocerebrum neuron 168	flywire	SMP168	SMP168	SMP168			SMP168	SMP168
FBbt:20003031	adult superior medial protocerebrum neuron 169	flywire	SMP169	SMP169	SMP169			SMP169	SMP169
FBbt:20003032	adult superior medial protocerebrum neuron 170	flywire	SMP170	SMP170	SMP170			SMP170	SMP170
FBbt:20003033	adult superior medial protocerebrum neuron 171	flywire	SMP171	SMP171	SMP171			SMP171	SMP171
FBbt:20003034	adult superior medial protocerebrum neuron 172	flywire	SMP172	SMP172	SMP172			SMP172	SMP172
FBbt:20003035	adult superior medial protocerebrum neuron 173	flywire	SMP173	SMP173	SMP173				SMP173
FBbt:20003036	adult superior medial protocerebrum neuron 174	flywire	SMP174	SMP174	SMP174			SMP174	SMP174
FBbt:20003037	adult superior medial protocerebrum neuron 175	flywire	SMP175	SMP175	SMP175			SMP175	SMP175
FBbt:20003038	adult superior medial protocerebrum neuron 176	flywire	SMP176	SMP176	SMP176			SMP176	SMP176
FBbt:20003039	adult superior medial protocerebrum neuron 177	flywire	SMP177	SMP177	SMP177			SMP177	SMP177
FBbt:20003040	adult superior medial protocerebrum neuron 178	flywire	SMP178	SMP178	SMP178			SMP178	SMP178
FBbt:20003041	adult superior medial protocerebrum neuron 179	flywire	SMP179	SMP179	SMP179			SMP179	SMP179
FBbt:20003042	adult superior medial protocerebrum neuron 180	flywire	SMP180	SMP180	SMP180			SMP180	SMP180
FBbt:20003043	adult superior medial protocerebrum neuron 181	flywire	SMP181	SMP181	SMP181			SMP181	SMP181
FBbt:20003044	adult superior medial protocerebrum neuron 182	flywire	SMP182	SMP182	SMP182			SMP182	SMP182
FBbt:20003045	adult superior medial protocerebrum neuron 183	flywire	SMP183	SMP183	SMP183			SMP183	SMP183
FBbt:20003046	adult superior medial protocerebrum neuron 184	flywire	SMP184	SMP184	SMP184			SMP184	SMP184
FBbt:20003047	adult superior medial protocerebrum neuron 185	flywire	SMP185	SMP185	SMP185			SMP185	SMP185
FBbt:20003048	adult superior medial protocerebrum neuron 186	flywire	SMP186	SMP186	SMP186			SMP186	SMP186
FBbt:20003049	adult superior medial protocerebrum neuron 187	flywire	SMP187	SMP187	SMP187			SMP187	SMP187
FBbt:20003050	adult superior medial protocerebrum neuron 188	flywire	SMP188	SMP188	SMP188			SMP188	SMP188
FBbt:20003051	adult superior medial protocerebrum neuron 189	flywire	SMP189	SMP189	SMP189			SMP189	SMP189
FBbt:20003052	adult superior medial protocerebrum neuron 190	flywire	SMP190	SMP190	SMP190			SMP190	SMP190
FBbt:20003053	adult superior medial protocerebrum neuron 191	flywire	SMP191	SMP191	SMP191			SMP191	SMP191
FBbt:20003054	adult superior medial protocerebrum neuron 192	flywire	SMP192	SMP192	SMP192			SMP192	SMP192
FBbt:20003055	adult superior medial protocerebrum neuron 193	flywire	SMP193		SMP193			SMP193	
FBbt:20003056	adult superior medial protocerebrum neuron 194	flywire	SMP194	SMP194	SMP194			SMP194	SMP194
FBbt:20003060	adult superior medial protocerebrum neuron 198	flywire	SMP198	SMP198	SMP198			SMP198	SMP198
FBbt:20003061	adult superior medial protocerebrum neuron 199	flywire	SMP199	SMP199	SMP199			SMP199	SMP199
FBbt:20003062	adult superior medial protocerebrum neuron 200	flywire	SMP200	SMP200	SMP200		SMP200	SMP200	SMP200
FBbt:20003063	adult superior medial protocerebrum neuron 201	flywire	SMP201	SMP201	SMP201			SMP201	SMP201
FBbt:20003064	adult superior medial protocerebrum neuron 202	flywire	SMP202	SMP202	SMP202			SMP202	SMP202
FBbt:20003065	adult superior medial protocerebrum neuron 203	flywire	SMP203	SMP203	SMP203			SMP203	SMP203
FBbt:20003066	adult superior medial protocerebrum neuron 204	flywire	SMP204	SMP204	SMP204			SMP204	SMP204
FBbt:20003069	adult superior medial protocerebrum neuron 207	flywire	SMP207	SMP207	SMP207			SMP207	SMP207
FBbt:20003070	adult superior medial protocerebrum neuron 208	flywire	SMP208	SMP208	SMP208			SMP208	SMP208
FBbt:20003072	adult superior medial protocerebrum neuron 210	flywire	SMP210	SMP210	SMP210			SMP210	SMP210
FBbt:20003077	adult superior medial protocerebrum neuron 215	flywire	SMP215		SMP215			SMP215	
FBbt:20003091	adult superior medial protocerebrum neuron 229	flywire	SMP229		SMP229			SMP229	SMP229
FBbt:20003096	adult superior medial protocerebrum neuron 234	flywire	SMP234	SMP234	SMP234			SMP234	SMP234
FBbt:20003097	adult superior medial protocerebrum neuron 235	flywire	SMP235	SMP235	SMP235			SMP235	SMP235
FBbt:20003099	adult superior medial protocerebrum neuron 237	flywire	SMP237	SMP237	SMP237			SMP237	SMP237
FBbt:20003100	adult superior medial protocerebrum neuron 238	flywire	SMP238	SMP238	SMP238			SMP238	SMP238
FBbt:20003101	adult superior medial protocerebrum neuron 239	flywire	SMP239	SMP239	SMP239			SMP239	SMP239
FBbt:20003102	adult superior medial protocerebrum neuron 240	flywire	SMP240	SMP240	SMP240			SMP240	SMP240
FBbt:20003107	adult superior medial protocerebrum neuron 245	flywire	SMP245	SMP245	SMP245			SMP245	SMP245
FBbt:20003108	adult superior medial protocerebrum neuron 246	flywire	SMP246	SMP246	SMP246			SMP246	SMP246
FBbt:20003110	adult superior medial protocerebrum neuron 248	flywire	SMP248		SMP248			SMP248_b|SMP248_d|SMP248_a|SMP248_c	
FBbt:20003111	adult superior medial protocerebrum neuron 249	flywire	SMP249	SMP249	SMP249			SMP249	SMP249
FBbt:20003112	adult superior medial protocerebrum neuron 250	flywire	SMP250	SMP250	SMP250			SMP250	SMP250
FBbt:20003113	adult superior medial protocerebrum neuron 251	flywire	SMP251	SMP251	SMP251			SMP251	SMP251
FBbt:20003114	adult superior medial protocerebrum neuron 252	flywire	SMP252	SMP252	SMP252			SMP252	SMP252
FBbt:20003115	adult superior medial protocerebrum neuron 253	flywire	SMP253	SMP253	SMP253			SMP253	SMP253
FBbt:20003116	adult superior medial protocerebrum neuron 254	flywire	SMP254	SMP254	SMP254			SMP254	SMP254
FBbt:20003117	adult superior medial protocerebrum neuron 255	flywire	SMP255	SMP255	SMP255			SMP255	SMP255
FBbt:20003118	adult superior medial protocerebrum neuron 256	flywire	SMP256	SMP256	SMP256			SMP256	SMP256
FBbt:20003119	adult superior medial protocerebrum neuron 257	flywire	SMP257	SMP257	SMP257			SMP257	SMP257
FBbt:20003123	adult superior medial protocerebrum neuron 261	flywire	SMP261	SMP261	SMP261			SMP261	SMP261
FBbt:20003124	adult superior medial protocerebrum neuron 262	flywire	SMP262	SMP262	SMP262			SMP262	SMP262
FBbt:20003128	adult superior medial protocerebrum neuron 266	flywire	SMP266	SMP266	SMP266			SMP266	SMP266
FBbt:20003131	adult superior medial protocerebrum neuron 269	flywire	SMP269	SMP269	SMP269			SMP269	SMP269
FBbt:20003133	adult superior medial protocerebrum neuron 271	flywire	SMP271	SMP271	SMP271			SMP271	SMP271
FBbt:20003134	adult superior medial protocerebrum neuron 272	flywire	SMP272	SMP272	SMP272			SMP272	SMP272
FBbt:20003135	adult superior medial protocerebrum neuron 273	flywire	SMP273	SMP273	SMP273			SMP273	SMP273
FBbt:20003138	adult superior medial protocerebrum neuron 276	flywire	SMP276	SMP276	SMP276			SMP276	SMP276
FBbt:20003139	adult superior medial protocerebrum neuron 277	flywire	SMP277	SMP277	SMP277			SMP277	SMP277
FBbt:20003140	adult superior medial protocerebrum neuron 278	flywire	SMP278		SMP278			SMP278	
FBbt:20003142	adult superior medial protocerebrum neuron 280	flywire	SMP280	SMP280	SMP280			SMP280	SMP280
FBbt:20003143	adult superior medial protocerebrum neuron 281	flywire	SMP281	SMP281	SMP281			SMP281	SMP281
FBbt:20003144	adult superior medial protocerebrum neuron 282	flywire	SMP282	SMP282	SMP282			SMP282	SMP282
FBbt:20003145	adult superior medial protocerebrum neuron 283	flywire	SMP283	SMP283	SMP283			SMP283	SMP283
FBbt:20003146	adult superior medial protocerebrum neuron 284	flywire	SMP284		SMP284			SMP284_b|SMP284_a	
FBbt:20003147	adult superior medial protocerebrum neuron 285	flywire	SMP285	SMP285	SMP285			SMP285	SMP285
FBbt:20003148	adult superior medial protocerebrum neuron 286	flywire	SMP286	SMP286	SMP286			SMP286	SMP286
FBbt:20003153	adult superior medial protocerebrum neuron 291	flywire	SMP291	SMP291	SMP291			SMP291	SMP291
FBbt:20003155	adult superior medial protocerebrum neuron 293	flywire	SMP293		SMP293			SMP293	
FBbt:20003160	adult superior medial protocerebrum neuron 298	flywire	SMP298	SMP298	SMP298				SMP298
FBbt:20003169	adult superior medial protocerebrum neuron 307	flywire	SMP307	SMP307	SMP307			SMP307	SMP307
FBbt:20003173	adult superior medial protocerebrum neuron 311	flywire	SMP311	SMP311	SMP311			SMP311	SMP311
FBbt:20003174	adult superior medial protocerebrum neuron 312	flywire	SMP312	SMP312	SMP312			SMP312	SMP312
FBbt:20003175	adult superior medial protocerebrum neuron 313	flywire	SMP313	SMP313	SMP313			SMP313	SMP313
FBbt:20003176	adult superior medial protocerebrum neuron 314	flywire	SMP314		SMP314			SMP314	
FBbt:20003177	adult superior medial protocerebrum neuron 315	flywire	SMP315	SMP315	SMP315			SMP315	SMP315
FBbt:20003179	adult superior medial protocerebrum neuron 317	flywire	SMP317		SMP317			SMP317	
FBbt:20003180	adult superior medial protocerebrum neuron 318	flywire	SMP318	SMP318	SMP318				SMP318
FBbt:20003181	adult superior medial protocerebrum neuron 319	flywire	SMP319	SMP319	SMP319			SMP319	SMP319
FBbt:20003182	adult superior medial protocerebrum neuron 320	flywire	SMP320		SMP320			SMP320	
FBbt:20003185	adult superior medial protocerebrum neuron 323	flywire	SMP323	SMP323	SMP323			SMP323	SMP323
FBbt:20003186	adult superior medial protocerebrum neuron 324	flywire	SMP324		SMP324			SMP324	
FBbt:20003188	adult superior medial protocerebrum neuron 326	flywire	SMP326		SMP326			SMP326	
FBbt:20003190	adult superior medial protocerebrum neuron 328	flywire	SMP328		SMP328			SMP328_c|SMP328_a|SMP328_b	
FBbt:20003191	adult superior medial protocerebrum neuron 329	flywire	SMP329	SMP329	SMP329			SMP329	SMP329
FBbt:20003192	adult superior medial protocerebrum neuron 330	flywire	SMP330		SMP330			SMP330	
FBbt:20003193	adult superior medial protocerebrum neuron 331	flywire	SMP331		SMP331			SMP331	
FBbt:20003194	adult superior medial protocerebrum neuron 332	flywire	SMP332		SMP332			SMP332	
FBbt:20003195	adult superior medial protocerebrum neuron 333	flywire	SMP333	SMP333	SMP333			SMP333	SMP333
FBbt:20003196	adult superior medial protocerebrum neuron 334	flywire	SMP334	SMP334	SMP334			SMP334	SMP334
FBbt:20003197	adult superior medial protocerebrum neuron 335	flywire	SMP335	SMP335	SMP335			SMP335	SMP335
FBbt:20003198	adult superior medial protocerebrum neuron 336	flywire	SMP336	SMPp&v1A_S03	SMP336			SMP336	SMPp&v1A_S03
FBbt:20003199	adult superior medial protocerebrum neuron 337	flywire	SMP337	SMP337	SMP337			SMP337	SMP337
FBbt:20003201	adult superior medial protocerebrum neuron 339	flywire	SMP339	SMP339	SMP339			SMP339	SMP339
FBbt:20003202	adult superior medial protocerebrum neuron 340	flywire	SMP340	SMP340	SMP340			SMP340	SMP340
FBbt:20003203	adult superior medial protocerebrum neuron 341	flywire	SMP341	SMP341	SMP341			SMP341	SMP341
FBbt:20003204	adult superior medial protocerebrum neuron 342	flywire	SMP342	SMP342	SMP342			SMP342	SMP342
FBbt:20003206	adult superior medial protocerebrum neuron 344	flywire	SMP344		SMP344			SMP344	
FBbt:20003207	adult superior medial protocerebrum neuron 345	flywire	SMP345	SMP345	SMP345			SMP345	SMP345
FBbt:20003208	adult superior medial protocerebrum neuron 346	flywire	SMP346	SMP346	SMP346			SMP346	SMP346
FBbt:20003210	adult superior medial protocerebrum neuron 348	flywire	SMP348		SMP348			SMP348	
FBbt:20003215	adult superior medial protocerebrum neuron 353	flywire	SMP353	SMP353	SMP353			SMP353	SMP353
FBbt:20003217	adult superior medial protocerebrum neuron 355	flywire	SMP355	SMP355	SMP355			SMP355	
FBbt:20003219	adult superior medial protocerebrum neuron 357	flywire	SMP357	SMP357	SMP357			SMP357	SMP357
FBbt:20003221	adult superior medial protocerebrum neuron 359	flywire	SMP359	SMP359	SMP359|SMP359_a|SMP359_b			SMP359	SMP359
FBbt:20003222	adult superior medial protocerebrum neuron 360	flywire	SMP360	SMP360	SMP360			SMP360	SMP360
FBbt:20003223	adult superior medial protocerebrum neuron 361	flywire	SMP361		SMP361			SMP361	
FBbt:20003224	adult superior medial protocerebrum neuron 362	flywire	SMP362	SMP362	SMP362			SMP362	SMP362
FBbt:20003230	adult superior medial protocerebrum neuron 368	flywire	SMP368	SMP368	SMP368			SMP368	SMP368
FBbt:20003231	adult superior medial protocerebrum neuron 369	flywire	SMP369	SMP369	SMP369			SMP369	SMP369
FBbt:20003232	adult superior medial protocerebrum neuron 370	flywire	SMP370	SMP370	SMP370			SMP370	SMP370
FBbt:20003233	adult superior medial protocerebrum neuron 371	flywire	SMP371	SMP371	SMP371			SMP371_a|SMP371_b	SMP371
FBbt:20003234	adult superior medial protocerebrum neuron 372	flywire	SMP372	SMP372	SMP372			SMP372	SMP372
FBbt:20003235	adult superior medial protocerebrum neuron 373	flywire	SMP373	SMP373	SMP373			SMP373	SMP373
FBbt:20003237	adult superior medial protocerebrum neuron 375	flywire	SMP375	SMP375	SMP375			SMP375	SMP375
FBbt:20003238	adult superior medial protocerebrum neuron 376	flywire	SMP376	SMP376	SMP376			SMP376	SMP376
FBbt:20003241	adult superior medial protocerebrum neuron 379	flywire	SMP379	SMP379	SMP379			SMP379	SMP379
FBbt:20003243	adult superior medial protocerebrum neuron 381	flywire	SMP381	SMP381	SMP381			SMP381_b|SMP381_a|SMP381_c	SMP381
FBbt:20003245	adult superior medial protocerebrum neuron 383	flywire	SMP383	SMP383	SMP383			SMP383	SMP383
FBbt:20003246	adult superior medial protocerebrum neuron 384	flywire	SMP384	SMP384	SMP384			SMP384	SMP384
FBbt:20003247	adult superior medial protocerebrum neuron 385	flywire	SMP385	SMP385	SMP385			SMP385	SMP385
FBbt:20003248	adult superior medial protocerebrum neuron 386	flywire	SMP386	SMP386	SMP386			SMP386	SMP386
FBbt:20003249	adult superior medial protocerebrum neuron 387	flywire	SMP387	SMP387	SMP387			SMP387	SMP387
FBbt:20003250	adult superior medial protocerebrum neuron 388	flywire	SMP388	SMP388	SMP388			SMP388	SMP388
FBbt:20003251	adult superior medial protocerebrum neuron 389	flywire	SMP389		SMP389			SMP389_b|SMP389_c|SMP389_a	
FBbt:20003252	adult superior medial protocerebrum neuron 390	flywire	SMP390	SMP390	SMP390			SMP390	SMP390
FBbt:20003254	adult superior medial protocerebrum neuron 392	flywire	SMP392	SMP392	SMP392			SMP392	SMP392
FBbt:20003255	adult superior medial protocerebrum neuron 393	flywire	SMP393		SMP393			SMP393	
FBbt:20003259	adult superior medial protocerebrum neuron 397	flywire	SMP397	SMP397	SMP397			SMP397	SMP397
FBbt:20003260	adult superior medial protocerebrum neuron 398	flywire	SMP398	SMP398	SMP398			SMP398_a|SMP398_b	SMP398
FBbt:20003261	adult superior medial protocerebrum neuron 399	flywire	SMP399		SMP399			SMP399_a|SMP399_c|SMP399_b	
FBbt:20003266	adult superior medial protocerebrum neuron 404	flywire	SMP404		SMP404			SMP404	
FBbt:20003267	adult superior medial protocerebrum neuron 405	flywire	SMP405	SMP405	SMP405			SMP405	SMP405
FBbt:20003268	adult superior medial protocerebrum neuron 406	flywire	SMP406	SMP406	SMP406			SMP406_c|SMP406_a|SMP406_e|SMP406_b|SMP406_d	SMP406
FBbt:20003269	adult superior medial protocerebrum neuron 407	flywire	SMP407	SMP407	SMP407			SMP407	SMP407
FBbt:20003271	adult superior medial protocerebrum neuron 409	flywire	SMP409	SMP409	SMP409			SMP409	SMP409
FBbt:20003272	adult superior medial protocerebrum neuron 410	flywire	SMP410	SMP410	SMP410			SMP410	SMP410
FBbt:20003273	adult superior medial protocerebrum neuron 411	flywire	SMP411		SMP411			SMP411	SMP411
FBbt:20003275	adult superior medial protocerebrum neuron 413	flywire	SMP413	SMP413	SMP413			SMP413	SMP413
FBbt:20003278	adult superior medial protocerebrum neuron 416	flywire	SMP416	SMP416	SMP416			SMP416	SMP416
FBbt:20003280	adult superior medial protocerebrum neuron 418	flywire	SMP418	SMP418	SMP418			SMP418	SMP418
FBbt:20003281	adult superior medial protocerebrum neuron 419	flywire	SMP419	SMP419	SMP419			SMP419	SMP419
FBbt:20003282	adult superior medial protocerebrum neuron 420	flywire	SMP420	SMP420	SMP420			SMP420	SMP420
FBbt:20003283	adult superior medial protocerebrum neuron 421	flywire	SMP421	SMP421	SMP421			SMP421	SMP421
FBbt:20003284	adult superior medial protocerebrum neuron 422	flywire	SMP422	SMP422	SMP422			SMP422	SMP422
FBbt:20003285	adult superior medial protocerebrum neuron 423	flywire	SMP423	SMP423	SMP423			SMP423	SMP423
FBbt:20003286	adult superior medial protocerebrum neuron 424	flywire	SMP424	SMP424	SMP424			SMP424	SMP424
FBbt:20003287	adult superior medial protocerebrum neuron 425	flywire	SMP425	SMP425	SMP425			SMP425	SMP425
FBbt:20003289	adult superior medial protocerebrum neuron 427	flywire	SMP427	SMP427	SMP427			SMP427	SMP427
FBbt:20003290	adult superior medial protocerebrum neuron 428	flywire	SMP428	SMP428	SMP428			SMP428_a|SMP428_b	SMP428
FBbt:20003291	adult superior medial protocerebrum neuron 429	flywire	SMP429	SMP429	SMP429			SMP429	SMP429
FBbt:20003303	adult superior medial protocerebrum neuron 441	flywire	SMP441	SMP441	SMP441			SMP441	SMP441
FBbt:20003304	adult superior medial protocerebrum neuron 442	flywire	SMP442	SMP442	SMP442			SMP442	SMP442
FBbt:20003305	adult superior medial protocerebrum neuron 443	flywire	SMP443	SMPp&v1A_S02	SMP443			SMP443	SMPp&v1A_S02
FBbt:20003306	adult superior medial protocerebrum neuron 444	flywire	SMP444	SMP444	SMP444			SMP444	SMP444
FBbt:20003307	adult superior medial protocerebrum neuron 445	flywire	SMP445	SMP445	SMP445			SMP445	SMP445
FBbt:20003308	adult superior medial protocerebrum neuron 446	flywire	SMP446		SMP446			SMP446	
FBbt:20003309	adult superior medial protocerebrum neuron 447	flywire	SMP447	SMP447	SMP447			SMP447	SMP447
FBbt:20003310	adult superior medial protocerebrum neuron 448	flywire	SMP448	SMP448	SMP448			SMP448	SMP448
FBbt:20003313	adult superior medial protocerebrum neuron 451	flywire	SMP451		SMP451			SMP451	
FBbt:20003314	adult superior medial protocerebrum neuron 452	flywire	SMP452	SMP452	SMP452			SMP452	SMP452
FBbt:20003317	adult superior medial protocerebrum neuron 455	flywire	SMP455	SMP455	SMP455			SMP455	SMP455
FBbt:20003318	adult superior medial protocerebrum neuron 456	flywire	SMP456	SMP456	SMP456			SMP456	SMP456
FBbt:20003319	adult superior medial protocerebrum neuron 457	flywire	SMP457	SMP457	SMP457			SMP457	SMP457
FBbt:20003320	adult superior medial protocerebrum neuron 458	flywire	SMP458	SMP458	SMP458			SMP458	SMP458
FBbt:20003321	adult superior medial protocerebrum neuron 459	flywire	SMP459	SMP459	SMP459			SMP459	SMP459
FBbt:20003322	adult superior medial protocerebrum neuron 460	flywire	SMP460	SMP460	SMP460			SMP460	
FBbt:20003323	adult superior medial protocerebrum neuron 461	flywire	SMP461	SMP461	SMP461			SMP461	SMP461
FBbt:20003324	adult superior medial protocerebrum neuron 462	flywire	SMP462	DNp48	SMP462				DNp48
FBbt:20003331	adult superior medial protocerebrum neuron 469	flywire	SMP469		SMP469			SMP469	
FBbt:20003332	adult superior medial protocerebrum neuron 470	flywire	SMP470	SMP470	SMP470			SMP470	SMP470
FBbt:20003333	adult superior medial protocerebrum neuron 471	flywire	SMP471	SMP471	SMP471			SMP471	SMP471
FBbt:20003338	adult superior medial protocerebrum neuron 476	flywire	SMP476	SMP476	SMP476			SMP476	SMP476
FBbt:20003339	adult superior medial protocerebrum neuron 477	flywire	SMP477	SMP477	SMP477			SMP477	SMP477
FBbt:20003340	adult superior medial protocerebrum neuron 478	flywire	SMP478	DNpe047	SMP478				
FBbt:20003344	adult superior medial protocerebrum neuron 482	flywire	SMP482	SMP482	SMP482			SMP482	SMP482
FBbt:20003354	adult superior medial protocerebrum neuron 492	flywire	SMP492	SMP492	SMP492			SMP492	SMP492
FBbt:20003355	adult superior medial protocerebrum neuron 493	flywire	SMP493	SMP493	SMP493			SMP493	SMP493
FBbt:20003356	adult superior medial protocerebrum neuron 494	flywire	SMP494	SMP494	SMP494			SMP494	SMP494
FBbt:20003357	adult superior medial protocerebrum neuron 495	flywire	SMP495		SMP495			SMP495_a|SMP495_c|SMP495_b	
FBbt:20003358	adult superior medial protocerebrum neuron 496	flywire	SMP496	SMP496	SMP496			SMP496	SMP496
FBbt:20003365	adult superior medial protocerebrum neuron 503	flywire	SMP503	SMP503	SMP503			SMP503	SMP503
FBbt:20003366	adult superior medial protocerebrum neuron 504	flywire	SMP504	SMP504	SMP504			SMP504	SMP504
FBbt:20003367	adult superior medial protocerebrum neuron 505	flywire	SMP505	SMP505	SMP505			SMP505	SMP505
FBbt:20003368	adult superior medial protocerebrum neuron 506	flywire	SMP506	SMP506	SMP506			SMP506	SMP506
FBbt:20003369	adult superior medial protocerebrum neuron 507	flywire	SMP507	SMP507	SMP507			SMP507	SMP507
FBbt:20003371	adult superior medial protocerebrum neuron 509	flywire	SMP509		SMP509			SMP509	
FBbt:20003372	adult superior medial protocerebrum neuron 510	flywire	SMP510		SMP510			SMP510	
FBbt:20003373	adult superior medial protocerebrum neuron 511	flywire	SMP511	SMP511	SMP511			SMP511	SMP511
FBbt:20003374	adult superior medial protocerebrum neuron 512	flywire	SMP512	SMP512	SMP512			SMP512	SMP512
FBbt:20003375	adult superior medial protocerebrum neuron 513	flywire	SMP513	SMP513	SMP513			SMP513	SMP513
FBbt:20003376	adult superior medial protocerebrum neuron 514	flywire	SMP514	SMP514	SMP514			SMP514	SMP514
FBbt:20003377	adult superior medial protocerebrum neuron 515	flywire	SMP515	SMP515	SMP515				SMP515
FBbt:20003378	adult superior medial protocerebrum neuron 516	flywire	SMP516		SMP516			SMP516	
FBbt:20003382	adult superior medial protocerebrum neuron 520	flywire	SMP520		SMP520			SMP520	
FBbt:20003383	adult superior medial protocerebrum neuron 521	flywire	SMP521	SMP521	SMP521			SMP521	SMP521
FBbt:20003384	adult superior medial protocerebrum neuron 522	flywire	SMP522	SMP522	SMP522			SMP522	SMP522
FBbt:20003387	adult superior medial protocerebrum neuron 525	flywire	SMP525	SMP525	SMP525			SMP525	SMP525
FBbt:20003388	adult superior medial protocerebrum neuron 526	flywire	SMP526	SMP526	SMP526			SMP526	SMP526
FBbt:20003389	adult superior medial protocerebrum neuron 527	flywire	SMP527	SMP527	SMP527		SMP527	SMP527	SMP527
FBbt:20003390	adult superior medial protocerebrum neuron 528	flywire	SMP528	SMP528	SMP528		SMP528	SMP528	SMP528
FBbt:20003391	adult superior medial protocerebrum neuron 529	flywire	SMP529	SMP529	SMP529			SMP529	SMP529
FBbt:20003393	adult superior medial protocerebrum neuron 531	flywire	SMP531	SMP531	SMP531			SMP531	SMP531
FBbt:20003395	adult superior medial protocerebrum neuron 533	flywire	SMP533	SMP533	SMP533			SMP533	SMP533
FBbt:20003396	adult superior medial protocerebrum neuron 534	flywire	SMP534		SMP534				
FBbt:20003397	adult superior medial protocerebrum neuron 535	flywire	SMP535	SMP535	SMP535			SMP535	SMP535
FBbt:20003402	adult superior medial protocerebrum neuron 540	flywire	SMP540	SMP540	SMP540			SMP540	SMP540
FBbt:20003403	adult superior medial protocerebrum neuron 541	flywire	SMP541	SMP541	SMP541			SMP541	SMP541
FBbt:20003404	adult superior medial protocerebrum neuron 542	flywire	SMP542	SMP542	SMP542			SMP542	SMP542
FBbt:20003405	adult superior medial protocerebrum neuron 543	flywire	SMP543	SMP543	SMP543			SMP543	SMP543
FBbt:20003406	adult superior medial protocerebrum neuron 544	flywire	SMP544		SMP544			SMP544	SMP544
FBbt:20003407	adult superior medial protocerebrum neuron 545	flywire	SMP545	SMP545	SMP545			SMP545	SMP545
FBbt:20003410	adult superior medial protocerebrum neuron 548	flywire	SMP548	SLPpm3_P04	SMP548			SMP548	SLPpm3_P04
FBbt:20003411	adult superior medial protocerebrum neuron 549	flywire	SMP549	SMP549	SMP549			SMP549	SMP549
FBbt:20003412	adult superior medial protocerebrum neuron 550	flywire	SMP550	SMP550	SMP550			SMP550	SMP550
FBbt:20003413	adult superior medial protocerebrum neuron 551	flywire	SMP551	SLPpm3_H01	SMP551			SMP551	SLPpm3_H01
FBbt:20003414	adult superior medial protocerebrum neuron 552	flywire	SMP552	SMP552	SMP552			SMP552	SMP552
FBbt:20003415	adult superior medial protocerebrum neuron 553	flywire	SMP553	SMP553	SMP553			SMP553	SMP553
FBbt:20003416	adult superior medial protocerebrum neuron 554	flywire	SMP554	SMP554	SMP554			SMP554	SMP554
FBbt:20003420	adult superior medial protocerebrum neuron 558	flywire	SMP558	SMP558	SMP558			aIPg9	SMP558
FBbt:20003423	adult superior medial protocerebrum neuron 561	flywire	SMP561	SMP561	SMP561			SMP561	
FBbt:20003424	adult superior medial protocerebrum neuron 562	flywire	SMP562	SMP562	SMP562			SMP562	SMP562
FBbt:20003427	adult superior medial protocerebrum neuron 565	flywire	SMP565	SMP565	SMP565			SMP565	SMP565
FBbt:20003428	adult superior medial protocerebrum neuron 566	flywire	SMP566		SMP566			SMP566	
FBbt:20003429	adult superior medial protocerebrum neuron 567	flywire	SMP567	SMP567	SMP567			SMP567	SMP567
FBbt:20003430	adult superior medial protocerebrum neuron 568	flywire	SMP568	SMP568	SMP568_a|SMP568_b|SMP568_c|SMP568_d			SMP568_a|SMP568_b|SMP568_d|SMP568_c	SMP568
FBbt:20003431	adult superior medial protocerebrum neuron 569	flywire	SMP569		SMP569			SMP569	
FBbt:20003432	adult superior medial protocerebrum neuron 570	flywire	SMP570		SMP570			SMP570	
FBbt:20003433	adult superior medial protocerebrum neuron 571	flywire	SMP571	SMP571	SMP571			SMP571	SMP571
FBbt:20003434	adult superior medial protocerebrum neuron 572	flywire	SMP572	SMP572	SMP572			SMP572	SMP572
FBbt:20003435	adult superior medial protocerebrum neuron 573	flywire	SMP573	SMP573	SMP573			SMP573	SMP573
FBbt:20003439	adult superior medial protocerebrum neuron 577	flywire	SMP577	SMP577	SMP577			SMP577	SMP577
FBbt:20003440	adult superior medial protocerebrum neuron 578	flywire	SMP578	SMP578	SMP578			SMP578	SMP578
FBbt:20003442	adult superior medial protocerebrum neuron 580	flywire	SMP580	SMP580	SMP580		SMP580	SMP580	SMP580
FBbt:20003444	adult superior medial protocerebrum neuron 582	flywire	SMP582	SMP582	SMP582			SMP582	SMP582
FBbt:20003447	adult superior medial protocerebrum neuron 585	flywire	SMP585		SMP585				
FBbt:20003448	adult superior medial protocerebrum neuron 586	flywire	SMP586	SMP586	SMP586			SMP586	SMP586
FBbt:20003449	adult superior medial protocerebrum neuron 587	flywire	SMP587	SMPp&v1B_M02	SMP587			SMPp&v1B_M02	SMPp&v1B_M02
FBbt:20003450	adult superior medial protocerebrum neuron 588	flywire	SMP588	SMP588	SMP588			SMP588	SMP588
FBbt:20003451	adult superior medial protocerebrum neuron 589	flywire	SMP589	SMP589	SMP589			SMP589	SMP589
FBbt:20003455	adult superior medial protocerebrum neuron 593	flywire	SMP593	SMP593	SMP593			SMP593	SMP593
FBbt:20003456	adult superior medial protocerebrum neuron 594	flywire	SMP594	SMP594	SMP594		SMP594	SMP594	SMP594
FBbt:20003457	adult superior medial protocerebrum neuron 595	flywire	SMP595	SMP595	SMP595			SMP595	SMP595
FBbt:20003458	adult superior medial protocerebrum neuron 596	flywire	SMP596	SMP596	SMP596			SMP596	SMP596
FBbt:20003459	adult superior medial protocerebrum neuron 597	flywire	SMP597	SMP597	SMP597			SMP597	SMP597
FBbt:20003460	adult superior medial protocerebrum neuron 598	flywire	SMP598	SMP598	SMP598			SMP598	SMP598
FBbt:20003462	adult superior medial protocerebrum neuron 600	flywire	SMP600	SMP600	SMP600			SMP600	SMP600
FBbt:20003465	adult superior medial protocerebrum neuron 603	flywire	SMP603	SMP603	SMP603			SMP603	SMP603
FBbt:20003466	adult superior medial protocerebrum neuron 604	flywire	SMP604	SMP604	SMP604			SMP604	SMP604
FBbt:20003467	adult vest neuron 001	flywire	VES001	VES001	VES001			VES001	VES001
FBbt:20003468	adult vest neuron 002	flywire	VES002	VES002	VES002			VES002	VES002
FBbt:20003469	adult vest neuron 003	flywire	VES003	VES003	VES003			VES003	VES003
FBbt:20003470	adult vest neuron 004	flywire	VES004	VES004	VES004			VES004	VES004
FBbt:20003471	adult vest neuron 005	flywire	VES005	VES005	VES005			VES005	VES005
FBbt:20003472	adult vest neuron 006	flywire	VES006		VES006				
FBbt:20003473	adult vest neuron 007	flywire	VES007	VES007	VES007			VES007	VES007
FBbt:20003475	adult vest neuron 009	flywire	VES009		VES009				
FBbt:20003476	adult vest neuron 010	flywire	VES010	VES010	VES010			VES010	VES010
FBbt:20003477	adult vest neuron 011	flywire	VES011	VES011	VES011			VES011	VES011
FBbt:20003478	adult vest neuron 012	flywire	VES012	VES012	VES012			VES012	VES012
FBbt:20003479	adult vest neuron 013	flywire	VES013	VES013	VES013			VES013	VES013
FBbt:20003480	adult vest neuron 014	flywire	VES014	VES014	VES014			VES014	VES014
FBbt:20003482	adult vest neuron 016	flywire	VES016	VES016	VES016			VES016	VES016
FBbt:20003483	adult vest neuron 017	flywire	VES017	VES017	VES017			VES017	
FBbt:20003484	adult vest neuron 018	flywire	VES018	VES018	VES018			VES018	VES018
FBbt:20003485	adult vest neuron 019	flywire	VES019	VES019	VES019			VES019	VES019
FBbt:20003486	adult vest neuron 020	flywire	VES020	VES020	VES020			VES020	VES020
FBbt:20003487	adult vest neuron 021	flywire	VES021	VES021	VES021			VES021	VES021
FBbt:20003488	adult vest neuron 022	flywire	VES022		VES022			VES022	
FBbt:20003489	adult vest neuron 023	flywire	VES023	VES023	VES023			VES023	VES023
FBbt:20003490	adult vest neuron 024	flywire	VES024		VES024			VES024_a|VES024_b	
FBbt:20003491	adult vest neuron 025	flywire	VES025	VES025	VES025			VES025	VES025
FBbt:20003493	adult vest neuron 027	flywire	VES027	VES027	VES027			VES027	VES027
FBbt:20003496	adult vest neuron 030	flywire	VES030	VES030	VES030			VES030	VES030
FBbt:20003505	adult vest neuron 039	flywire	VES039	VES039	VES039			VES039	VES039
FBbt:20003506	adult vest neuron 040	flywire	VES040	VES040	VES040			VES040	VES040
FBbt:20003507	adult vest neuron 041	flywire	VES041	VES041	VES041			VES041	VES041
FBbt:20003509	adult vest neuron 043	flywire	VES043	VES043	VES043			VES043	VES043
FBbt:20003510	adult vest neuron 044	flywire	VES044		VES044				
FBbt:20003511	adult vest neuron 045	flywire	VES045	VES045	VES045			VES045	VES045
FBbt:20003512	adult vest neuron 046	flywire	VES046	VES046	VES046			VES046	VES046
FBbt:20003513	adult vest neuron 047	flywire	VES047	VES047	VES047			VES047	VES047
FBbt:20003514	adult vest neuron 048	flywire	VES048	VES048	VES048			VES048	VES048
FBbt:20003515	adult vest neuron 049	flywire	VES049	VES049	VES049			VES049	VES049
FBbt:20003516	adult vest neuron 050	flywire	VES050	VES050	VES050			VES050	VES050
FBbt:20003519	adult vest neuron 053	flywire	VES053	VES053	VES053			VES053	VES053
FBbt:20003520	adult vest neuron 054	flywire	VES054	VES054	VES054			VES054	VES054
FBbt:20003521	adult vest neuron 055	flywire	VES055	DNp56	VES055				DNp56
FBbt:20003522	adult vest neuron 056	flywire	VES056	VES056	VES056			VES056	VES056
FBbt:20003523	adult vest neuron 057	flywire	VES057	VES057	VES057			VES057	VES057
FBbt:20003524	adult vest neuron 058	flywire	VES058	VES058	VES058			VES058	VES058
FBbt:20003525	adult vest neuron 059	flywire	VES059	VES059	VES059			VES059	VES059
FBbt:20003526	adult vest neuron 060	flywire	VES060	VES060	VES060				VES060
FBbt:20003527	adult vest neuron 061	flywire	VES061		VES061				
FBbt:20003529	adult vest neuron 063	flywire	VES063		VES063			VES063	
FBbt:20003530	adult vest neuron 064	flywire	VES064	VES064	VES064			VES064	VES064
FBbt:20003531	adult vest neuron 065	flywire	VES065	VES065	VES065			VES065	VES065
FBbt:20003532	adult vest neuron 066	flywire	VES066	VES066	VES066				VES066
FBbt:20003533	adult vest neuron 067	flywire	VES067	VES067	VES067			VES067	VES067
FBbt:20003536	adult vest neuron 070	flywire	VES070	VES070	VES070			VES070	VES070
FBbt:20003537	adult vest neuron 071	flywire	VES071	VES071	VES071			VES071	VES071
FBbt:20003538	adult vest neuron 072	flywire	VES072	VES072	VES072			VES072	VES072
FBbt:20003539	adult vest neuron 073	flywire	VES073	VES073	VES073			VES073	VES073
FBbt:20003540	adult vest neuron 074	flywire	VES074	VES074	VES074			VES074	VES074
FBbt:20003541	adult vest neuron 075	flywire	VES075	VES075	VES075			VES075	VES075
FBbt:20003542	adult vest neuron 076	flywire	VES076	VES076	VES076			VES076	VES076
FBbt:20003543	adult vest neuron 077	flywire	VES077	VES077	VES077			VES077	VES077
FBbt:20003544	adult vest neuron 078	flywire	VES078	VES078	VES078			VES078	VES078
FBbt:20003545	adult vest neuron 079	flywire	VES079	VES079	VES079			VES079	VES079
FBbt:20003548	adult vest neuron 082	flywire	VES082		VES082				
FBbt:20003549	adult vest neuron 083	flywire	VES083		VES083				
FBbt:20003552	adult wedge neuron 002	flywire	WED002		WED002			WED002	
FBbt:20003554	adult wedge neuron 004	flywire	WED004	WED004	WED004			WED004	WED004
FBbt:20003556	adult wedge neuron 006	flywire	WED006	WED006	WED006			WED006	WED006
FBbt:20003557	adult wedge neuron 007	flywire	WED007	WED007	WED007		WED007	WED007	WED007
FBbt:20003558	adult wedge neuron 008	flywire	WED008	WED008	WED008			WED008	WED008
FBbt:20003560	adult wedge neuron 010	flywire	WED010	WED010	WED010			WED010	WED010
FBbt:20003561	adult wedge neuron 011	flywire	WED011	WED011	WED011			WED011	WED011
FBbt:20003562	adult wedge neuron 012	flywire	WED012	WED012	WED012			WED012	WED012
FBbt:20003563	adult wedge neuron 013	flywire	WED013	WED013	WED013			WED013	WED013
FBbt:20003564	adult wedge neuron 014	flywire	WED014	WED014	WED014			WED014	WED014
FBbt:20003565	adult wedge neuron 015	flywire	WED015	WED015	WED015			WED015	WED015
FBbt:20003566	adult wedge neuron 016	flywire	WED016	WED016	WED016			WED016	WED016
FBbt:20003567	adult wedge neuron 017	flywire	WED017	WED017	WED017			WED017	WED017
FBbt:20003568	adult wedge neuron 018	flywire	WED018	WED018	WED018			WED018	WED018
FBbt:20003573	adult wedge neuron 023	flywire	WED023	WED023	WED023			WED023	WED023
FBbt:20003574	adult wedge neuron 024	flywire	WED024	WED024	WED024			WED024	WED024
FBbt:20003575	adult wedge neuron 025	flywire	WED025	WED025	WED025			WED025	WED025
FBbt:20003576	adult wedge neuron 026	flywire	WED026	WED026	WED026			WED026|WED26	WED026
FBbt:20003578	adult wedge neuron 028	flywire	WED028	WED028	WED028			WED028	WED028
FBbt:20003579	adult wedge neuron 029	flywire	WED029	WED029	WED029			WED029	WED029
FBbt:20003581	adult wedge neuron 031	flywire	WED031	WED031	WED031			WED031	WED031
FBbt:20003582	adult wedge neuron 032	flywire	WED032	WED032	WED032			WED032	WED032
FBbt:20003583	adult wedge neuron 033	flywire	WED033	WED033	WED033_a|WED033_b			WED033	WED033
FBbt:20003587	adult wedge neuron 037	flywire	WED037	WED037	WED037			WED037	
FBbt:20003588	adult wedge neuron 038	flywire	WED038		WED038			WED038	
FBbt:20003589	adult wedge neuron 039	flywire	WED039	WED039	WED039			WED039	WED039
FBbt:20003590	adult wedge neuron 040	flywire	WED040	WED040	WED040_a|WED040_b|WED040_c			WED040_b|WED040_c|WED040_a	WED040
FBbt:20003591	adult wedge neuron 041	flywire	WED041		WED041			WED041	
FBbt:20003594	adult wedge neuron 044	flywire	WED044	WED044	WED044			WED044	
FBbt:20003595	adult wedge neuron 045	flywire	WED045	WED045	WED045		WED045	WED045	WED045
FBbt:20003596	adult wedge neuron 046	flywire	WED046	WED046	WED046			WED046	WED046
FBbt:20003601	adult wedge neuron 051	flywire	WED051	WED051	WED051			WED051	WED051
FBbt:20003606	adult wedge neuron 056	flywire	WED056	WED056	WED056			WED056	WED056
FBbt:20003607	adult wedge neuron 057	flywire	WED057	WED057	WED057			WED057	WED057
FBbt:20003610	adult wedge neuron 060	flywire	WED060	WED060	WED060			WED060	WED060
FBbt:20003611	adult wedge neuron 061	flywire	WED061	WED061	WED061			WED061	WED061
FBbt:20003619	adult wedge neuron 069	flywire	WED069	WED069	WED069			WED069	WED069
FBbt:20003620	adult wedge neuron 070	flywire	WED070	WED070	WED070			WED070	WED070
FBbt:20003621	adult wedge neuron 071	flywire	WED071	WED071	WED071			WED071	WED071
FBbt:20003622	adult wedge neuron 072	flywire	WED072	WED072	WED072			WED072	WED072
FBbt:20003625	adult wedge neuron 075	flywire	WED075	WED075	WED075			WED075	WED075
FBbt:20003626	adult wedge neuron 076	flywire	WED076	WED076	WED076		WED076	WED076	WED076
FBbt:20003631	adult wedge neuron 081	flywire	WED081	WED081	WED081			WED081	WED081
FBbt:20003632	adult wedge neuron 082	flywire	WED082	WED082	WED082			WED082	WED082
FBbt:20003635	adult wedge neuron 085	flywire	WED085	WED085	WED085			WED085	WED085
FBbt:20003639	adult wedge neuron 089	flywire	WED089	WED089	WED089			WED089	
FBbt:20003642	adult wedge neuron 092	flywire	WED092		WED092			WED092	
FBbt:20003644	adult wedge neuron 094	flywire	WED094		WED094			WED094	
FBbt:20003645	adult wedge neuron 095	flywire	WED095	WED095	WED095			WED095	WED095
FBbt:20003646	adult wedge neuron 096	flywire	WED096		WED096			WED096	
FBbt:20003647	adult wedge neuron 097	flywire	WED097	WED097	WED097			WED097	WED097
FBbt:20003648	adult wedge neuron 098	flywire	WED098	WED098	WED098			WED098	WED098
FBbt:20003649	adult wedge neuron 099	flywire	WED099	WED099	WED099			WED099	WED099
FBbt:20003650	adult wedge neuron 100	flywire	WED100	WED100	WED100			WED100	WED100
FBbt:20003651	adult wedge neuron 101	flywire	WED101	WED101	WED101			WED101	WED101
FBbt:20003654	adult wedge neuron 104	flywire	WED104	WED104	WED104			WED104	WED104
FBbt:20003655	adult wedge neuron 105	flywire	WED105		WED105				
FBbt:20003657	adult wedge neuron 107	flywire	WED107	WED107	WED107			WED107	WED107
FBbt:20003658	adult wedge neuron 108	flywire	WED108	WED108	WED108			WED108	WED108
FBbt:20003664	adult wedge neuron 114	flywire	WED114	WED114	WED114			WED114	WED114
FBbt:20003666	adult wedge neuron 116	flywire	WED116	WED116	WED116			WED116	WED116
FBbt:20003669	adult wedge neuron 119	flywire	WED119	WED119	WED119			WED119	WED119
FBbt:20003670	adult wedge neuron 120	flywire	WED120	WED120	WED120				
FBbt:20003671	adult wedge neuron 121	flywire	WED121	WED121	WED121			WED121	WED121
FBbt:20003672	adult wedge neuron 122	flywire	WED122	WED122	WED122			WED122	WED122
FBbt:20003674	adult wedge neuron 124	flywire	WED124	WED124	WED124			WED124	WED124
FBbt:20003675	adult wedge neuron 125	flywire	WED125	WED125	WED125			WED125	WED125
FBbt:20003677	adult wedge neuron 127	flywire	WED127	WED127	WED127			WED127	WED127
FBbt:20003680	adult wedge neuron 130	flywire	WED130	WED130	WED130			WED130	WED130
FBbt:20003694	adult wedge neuron 144	flywire	WED144	WED144	WED144			WED144	WED144
FBbt:20003695	adult wedge neuron 145	flywire	WED145	WED145	WED145			WED145	WED145
FBbt:20003696	adult wedge neuron 146	flywire	WED146		WED146			WED146_a|WED146_c|WED146_b	
FBbt:20003701	adult wedge neuron 151	flywire	WED151	WED151	WED151			WED151	WED151
FBbt:20003702	adult wedge neuron 152	flywire	WED152	WED152	WED152			WED152	WED152
FBbt:20003703	adult wedge neuron 153	flywire	WED153	WED153	WED153			WED153	WED153
FBbt:20003705	adult wedge neuron 155	flywire	WED155		WED155			WED155	
FBbt:20003711	adult wedge neuron 161	flywire	WED161	WED161	WED161_a|WED161_b			WED161	WED161
FBbt:20003712	adult wedge neuron 162	flywire	WED162	WED162	WED162			WED162	WED162
FBbt:20003713	adult wedge neuron 163	flywire	WED163		WED163			WED163	WED163
FBbt:20003714	adult wedge neuron 164	flywire	WED164		WED164			WED164	
FBbt:20003715	adult wedge neuron 165	flywire	WED165	WED165	WED165			WED165	WED165
FBbt:20003718	adult wedge neuron 168	flywire	WED168	WED168	WED168			WED168	WED168
FBbt:20003724	adult wedge neuron 174	flywire	WED174	WED174	WED174				
FBbt:20003730	adult wedge neuron 180	flywire	WED180	DNp55	WED180				DNp55
FBbt:20003731	adult wedge neuron 181	flywire	WED181	WED181	WED181			WED181	WED181
FBbt:20003732	adult wedge neuron 182	flywire	WED182	WED182	WED182			WED182	WED182
FBbt:20003789	adult multiglomerular antennal lobe projection neuron type 3 adPN	flywire	M_adPNm3	M_adPNm3	M_adPNm3			M_adPNm3	M_adPNm3
FBbt:20003792	adult multiglomerular antennal lobe projection neuron type 6 adPN	flywire	M_adPNm6	M_adPNm6	M_adPNm6				M_adPNm6
FBbt:20003793	adult multiglomerular antennal lobe projection neuron type 7 adPN	flywire	M_adPNm7	M_adPNm7	M_adPNm7			M_adPNm7	M_adPNm7
FBbt:20003794	adult multiglomerular antennal lobe projection neuron type 8 adPN	flywire	M_adPNm8	M_adPNm8	M_adPNm8			M_adPNm8	M_adPNm8
FBbt:20003795	adult multiglomerular antennal lobe projection neuron type 19 l2PN	flywire	M_l2PN10t19		M_l2PN10t19			M_l2PN10t19	
FBbt:20003796	adult multiglomerular antennal lobe projection neuron type 20 l2PN	flywire	M_l2PNl20	M_l2PNl20	M_l2PNl20			M_l2PNl20	M_l2PNl20
FBbt:20003797	adult multiglomerular antennal lobe projection neuron type 21 l2PN	flywire	M_l2PNl21	M_l2PNl21	M_l2PNl21			M_l2PNl21	M_l2PNl21
FBbt:20003798	adult multiglomerular antennal lobe projection neuron type 22 l2PN	flywire	M_l2PNl22	M_l2PNl22	M_l2PNl22			M_l2PNl22	M_l2PNl22
FBbt:20003799	adult multiglomerular antennal lobe projection neuron type 14 l2PN	flywire	M_l2PNm14	M_l2PNm14	M_l2PNm14			M_l2PNm14	M_l2PNm14
FBbt:20003800	adult multiglomerular antennal lobe projection neuron type 15 l2PN	flywire	M_l2PNm15	M_l2PNm15	M_l2PNm15			M_l2PNm15	M_l2PNm15
FBbt:20003801	adult multiglomerular antennal lobe projection neuron type 16 l2PN	flywire	M_l2PNm16	M_l2PNm16	M_l2PNm16			M_l2PNm16	M_l2PNm16
FBbt:20003802	adult multiglomerular antennal lobe projection neuron type 11C lPN	flywire	M_lPNm11C	M_lPNm11C	M_lPNm11C			M_lPNm11C	M_lPNm11C
FBbt:20003805	adult multiglomerular antennal lobe projection neuron type 24 lvPN	flywire	M_lvPNm24	M_lvPNm24	M_lvPNm24			M_lvPNm24	M_lvPNm24
FBbt:20003806	adult multiglomerular antennal lobe projection neuron type 25 lvPN	flywire	M_lvPNm25	M_lvPNm25	M_lvPNm25			M_lvPNm25	M_lvPNm25
FBbt:20003807	adult multiglomerular antennal lobe projection neuron type 26 lvPN	flywire	M_lvPNm26	M_lvPNm26	M_lvPNm26			M_lvPNm26	M_lvPNm26
FBbt:20003808	adult multiglomerular antennal lobe projection neuron type 27 lvPN	flywire	M_lvPNm27	M_lvPNm27	M_lvPNm27			M_lvPNm27	M_lvPNm27
FBbt:20003809	adult multiglomerular antennal lobe projection neuron type 28 lvPN	flywire	M_lvPNm28	M_lvPNm28	M_lvPNm28			M_lvPNm28	M_lvPNm28
FBbt:20003810	adult multiglomerular antennal lobe projection neuron type 29 lvPN	flywire	M_lvPNm29	M_lvPNm29	M_lvPNm29			M_lvPNm29	M_lvPNm29
FBbt:20003812	adult multiglomerular antennal lobe projection neuron type 31 lvPN	flywire	M_lvPNm31	M_lvPNm31	M_lvPNm31			M_lvPNm31	M_lvPNm31
FBbt:20003816	adult multiglomerular antennal lobe projection neuron type 35 lvPN	flywire	M_lvPNm35	M_lvPNm35	M_lvPNm35			M_lvPNm35	M_lvPNm35
FBbt:20003817	adult multiglomerular antennal lobe projection neuron type 37 lvPN	flywire	M_lvPNm37	M_lvPNm37	M_lvPNm37			M_lvPNm37	M_lvPNm37
FBbt:20003818	adult multiglomerular antennal lobe projection neuron type 39 lvPN	flywire	M_lvPNm39	M_lvPNm39	M_lvPNm39			M_lvPNm39	M_lvPNm39
FBbt:20003819	adult multiglomerular antennal lobe projection neuron type 40 lvPN	flywire	M_lvPNm40	M_lvPNm40	M_lvPNm40			M_lvPNm40	M_lvPNm40
FBbt:20003820	adult multiglomerular antennal lobe projection neuron type 41 lvPN	flywire	M_lvPNm41	M_lvPNm41	M_lvPNm41			M_lvPNm41	M_lvPNm41
FBbt:20003821	adult multiglomerular antennal lobe projection neuron type 42 lvPN	flywire	M_lvPNm42	M_lvPNm42	M_lvPNm42			M_lvPNm42	M_lvPNm42
FBbt:20003822	adult multiglomerular antennal lobe projection neuron type 43 lvPN	flywire	M_lvPNm43	M_lvPNm43	M_lvPNm43			M_lvPNm43	M_lvPNm43
FBbt:20003823	adult multiglomerular antennal lobe projection neuron type 44 lvPN	flywire	M_lvPNm44	M_lvPNm44	M_lvPNm44			M_lvPNm44	M_lvPNm44
FBbt:20003825	adult multiglomerular antennal lobe projection neuron type 46 lvPN	flywire	M_lvPNm46	M_lvPNm46	M_lvPNm46			M_lvPNm46	M_lvPNm46
FBbt:20003826	adult multiglomerular antennal lobe projection neuron type 47 lvPN	flywire	M_lvPNm47	M_lvPNm47	M_lvPNm47			M_lvPNm47	M_lvPNm47
FBbt:20003827	adult multiglomerular antennal lobe projection neuron type 50 vPN	flywire	M_vPNml50	M_vPNml50	M_vPNml50			M_vPNml50	M_vPNml50
FBbt:20003828	adult multiglomerular antennal lobe projection neuron type 51 vPN	flywire	M_vPNml51	M_vPNml51	M_vPNml51			M_vPNml51	M_vPNml51
FBbt:20003830	adult multiglomerular antennal lobe projection neuron type 53 vPN	flywire	M_vPNml53	M_vPNml53	M_vPNml53			M_vPNml53	M_vPNml53
FBbt:20003831	adult multiglomerular antennal lobe projection neuron type 54 vPN	flywire	M_vPNml54	M_vPNml54	M_vPNml54			M_vPNml54	M_vPNml54
FBbt:20003832	adult multiglomerular antennal lobe projection neuron type 55 vPN	flywire	M_vPNml55	M_vPNml55	M_vPNml55			M_vPNml55	M_vPNml55
FBbt:20003834	adult multiglomerular antennal lobe projection neuron type 57 vPN	flywire	M_vPNml57	M_vPNml57	M_vPNml57			M_vPNml57	M_vPNml57
FBbt:20003838	adult multiglomerular antennal lobe projection neuron type 63 vPN	flywire	M_vPNml63	M_vPNml63	M_vPNml63			M_vPNml63	M_vPNml63
FBbt:20003839	adult multiglomerular antennal lobe projection neuron type 64 vPN	flywire	M_vPNml64	M_vPNml64	M_vPNml64				M_vPNml64
FBbt:20003840	adult multiglomerular antennal lobe projection neuron type 65 vPN	flywire	M_vPNml65	M_vPNml65	M_vPNml65			M_vPNml65	M_vPNml65
FBbt:20003842	adult multiglomerular antennal lobe projection neuron type 67 vPN	flywire	M_vPNml67	M_vPNml67	M_vPNml67			M_vPNml67	M_vPNml67
FBbt:20003843	adult multiglomerular antennal lobe projection neuron type 68 vPN	flywire	M_vPNml68		M_vPNml68			M_vPNml68	
FBbt:20003844	adult multiglomerular antennal lobe projection neuron type 69 vPN	flywire	M_vPNml69	M_vPNml69	M_vPNml69			M_vPNml69	M_vPNml69
FBbt:20003847	adult multiglomerular antennal lobe projection neuron type 72 vPN	flywire	M_vPNml72	M_vPNml72	M_vPNml72			M_vPNml72	M_vPNml72
FBbt:20003855	adult multiglomerular antennal lobe projection neuron type 80 vPN	flywire	M_vPNml80	M_vPNml80	M_vPNml80			M_vPNml80	M_vPNml80
FBbt:20003859	adult multiglomerular antennal lobe projection neuron type 84 vPN	flywire	M_vPNml84	M_vPNml84	M_vPNml84			M_vPNml84	M_vPNml84
FBbt:20003865	adult CB0004 neuron	flywire	CB0004	CB0004				GNG314	
FBbt:20003866	adult CB0005 neuron	flywire	CB0005	CB0005				GNG594	CB0005
FBbt:20003867	adult CB0007 neuron	flywire	CB0007	CB0007					CB0007
FBbt:20003869	adult CB0009 neuron	flywire	CB0009	CB0009				GNG011	CB0009
FBbt:20003870	adult CB0010 neuron	flywire	CB0010	CB0010				GNG300	CB0010
FBbt:20003871	adult CB0011 neuron	flywire	CB0011	CB0011				GNG141	CB0011
FBbt:20003872	adult CB0013 neuron	flywire	CB0013	CB0013				GNG127	CB0013
FBbt:20003873	adult CB0014 neuron	flywire	CB0014	CB0014				GNG593	CB0014
FBbt:20003874	adult CB0015 neuron	flywire	CB0015	CB0015				PRW074	CB0015
FBbt:20003875	adult CB0016 neuron	flywire	CB0016	CB0016				GNG592	CB0016
FBbt:20003876	adult CB0017 neuron	flywire	CB0017	CB0017				GNG067	CB0017
FBbt:20003877	adult CB0018 neuron	flywire	CB0018	CB0018				FLA019	CB0018
FBbt:20003878	adult CB0019 neuron	flywire	CB0019	CB0019				GNG591	CB0019
FBbt:20003879	adult CB0020 neuron	flywire	CB0020	CB0020				GNG154	CB0020
FBbt:20003880	adult CB0021 neuron	flywire	CB0021	CB0021				PS304	CB0021
FBbt:20003881	adult CB0022 neuron	flywire	CB0022	CB0022				GNG088	CB0022
FBbt:20003882	adult CB0023 neuron	flywire	CB0023	CB0023				SLP470	CB0023
FBbt:20003883	adult CB0024 neuron	flywire	CB0024	CB0024				CB0024	
FBbt:20003884	adult CB0025 neuron	flywire	CB0025	CB0025				GNG312	CB0025
FBbt:20003885	adult CB0026 neuron	flywire	CB0026	CB0026				PRW073	CB0026
FBbt:20003886	adult CB0027 neuron	flywire	CB0027	CB0027					
FBbt:20003887	adult CB0029 neuron	flywire	CB0029	CB0029				CB0029	CB0029
FBbt:20003888	adult CB0030 neuron	flywire	CB0030	CB0030				GNG590	CB0030
FBbt:20003889	adult CB0031 neuron	flywire	CB0031	CB0031				GNG079	CB0031
FBbt:20003890	adult CB0032 neuron	flywire	CB0032	CB0032				PRW072	CB0032
FBbt:20003891	adult CB0033 neuron	flywire	CB0033	CB0033				WED208	CB0033
FBbt:20003892	adult CB0034 neuron	flywire	CB0034	CB0034				GNG161	CB0034
FBbt:20003893	adult CB0035 neuron	flywire	CB0035	CB0035				GNG185	CB0035
FBbt:20003894	adult CB0036 neuron	flywire	CB0036	CB0036				GNG589	CB0036
FBbt:20003896	adult CB0039 neuron	flywire	CB0039	CB0039				GNG587	CB0039
FBbt:20003897	adult CB0040 neuron	flywire	CB0040	CB0040				GNG105	CB0040
FBbt:20003898	adult CB0041 neuron	flywire	CB0041	CB0041				GNG032	CB0041
FBbt:20003900	adult CB0046 neuron	flywire	CB0046	CB0046				CB0046	CB0046
FBbt:20003901	adult CB0047 neuron	flywire	CB0047	CB0047				GNG586	CB0047
FBbt:20003902	adult CB0048 neuron	flywire	CB0048	CB0048				GNG026	CB0048
FBbt:20003903	adult CB0049 neuron	flywire	CB0049	CB0049				GNG315	CB0049
FBbt:20003904	adult CB0050 neuron	flywire	CB0050	CB0050					CB0050
FBbt:20003905	adult CB0051 neuron	flywire	CB0051	CB0051				GNG585	CB0051
FBbt:20003906	adult CB0053 neuron	flywire	CB0053	CB0053				PLP259	CB0053
FBbt:20003907	adult CB0055 neuron	flywire	CB0055	CB0055				GNG116	CB0055
FBbt:20003908	adult CB0056 neuron	flywire	CB0056	CB0056					CB0056
FBbt:20003909	adult CB0057 neuron	flywire	CB0057	CB0057				GNG584	CB0057
FBbt:20003910	adult CB0058 neuron	flywire	CB0058	CB0058				GNG282	CB0058
FBbt:20003911	adult CB0059 neuron	flywire	CB0059	CB0059				GNG121	CB0059
FBbt:20003912	adult CB0060 neuron	flywire	CB0060	CB0060				GNG101	CB0060
FBbt:20003913	adult CB0061 neuron	flywire	CB0061	CB0061				CB0061	CB0061
FBbt:20003915	adult CB0064 neuron	flywire	CB0064	CB0064					CB0064
FBbt:20003916	adult CB0065 neuron	flywire	CB0065	CB0065				GNG583	CB0065
FBbt:20003917	adult CB0066 neuron	flywire	CB0066	CB0066				SMP745	CB0066
FBbt:20003918	adult CB0067 neuron	flywire	CB0067	CB0067				GNG582	CB0067
FBbt:20003919	adult CB0069 neuron	flywire	CB0069	CB0069				GNG160	CB0069
FBbt:20003920	adult CB0070 neuron	flywire	CB0070	CB0070				GNG254	CB0070
FBbt:20003921	adult CB0071 neuron	flywire	CB0071	CB0071				PRW071	CB0071
FBbt:20003922	adult CB0072 neuron	flywire	CB0072	CB0072				GNG013	CB0072
FBbt:20003923	adult CB0073 neuron	flywire	CB0073	CB0073				WED210	CB0073
FBbt:20003924	adult CB0074 neuron	flywire	CB0074	CB0074				PRW070	CB0074
FBbt:20003925	adult CB0075 neuron	flywire	CB0075	CB0075				FLA018	CB0075
FBbt:20003926	adult CB0076 neuron	flywire	CB0076	CB0076				GNG581	CB0076
FBbt:20003927	adult CB0078 neuron	flywire	CB0078	CB0078				PRW069	CB0078
FBbt:20003928	adult CB0079 neuron	flywire	CB0079	CB0079				CB0079	CB0079
FBbt:20003929	adult CB0080 neuron	flywire	CB0080	CB0080				GNG580	CB0080
FBbt:20003930	adult CB0082 neuron	flywire	CB0082	CB0082				GNG579	CB0082
FBbt:20003931	adult CB0083 neuron	flywire	CB0083	CB0083				GNG284	CB0083
FBbt:20003932	adult CB0084 neuron	flywire	CB0084	CB0084				CB0084	
FBbt:20003933	adult CB0086 neuron	flywire	CB0086	CB0086				CB0086	CB0086
FBbt:20003934	adult CB0087 neuron	flywire	CB0087	CB0087				GNG578	CB0087
FBbt:20003935	adult CB0088 neuron	flywire	CB0088	CB0088				GNG665	CB0088
FBbt:20003936	adult CB0089 neuron	flywire	CB0089	CB0089				AVLP615	CB0089
FBbt:20003937	adult CB0090 neuron	flywire	CB0090	CB0090				CB0090	CB0090
FBbt:20003938	adult CB0091 neuron	flywire	CB0091	CB0091				GNG126	CB0091
FBbt:20003939	adult CB0094 neuron	flywire	CB0094	CB0094					CB0094
FBbt:20003940	adult CB0095 neuron	flywire	CB0095	CB0095				GNG577	CB0095
FBbt:20003941	adult CB0096 neuron	flywire	CB0096	CB0096				AVLP599|AVLP601	CB0096
FBbt:20003942	adult CB0097 neuron	flywire	CB0097	CB0097				GNG576	CB0097
FBbt:20003943	adult CB0098 neuron	flywire	CB0098	CB0098				GNG575	CB0098
FBbt:20003944	adult CB0099 neuron	flywire	CB0099	CB0099				GNG152	CB0099
FBbt:20003945	adult CB0100 neuron	flywire	CB0100	CB0100					CB0100
FBbt:20003946	adult CB0101 neuron	flywire	CB0101	CB0101				AVLP613	CB0101
FBbt:20003947	adult CB0102 neuron	flywire	CB0102	CB0102					CB0102
FBbt:20003948	adult CB0103 neuron	flywire	CB0103	CB0103				CB0103	
FBbt:20003949	adult CB0104 neuron	flywire	CB0104	CB0104				SAD107	CB0104
FBbt:20003950	adult CB0106 neuron	flywire	CB0106	CB0106				GNG046	CB0106
FBbt:20003951	adult CB0107 neuron	flywire	CB0107	CB0107					CB0107
FBbt:20003952	adult CB0108 neuron	flywire	CB0108	CB0108				GNG574	CB0108
FBbt:20003953	adult CB0109 neuron	flywire	CB0109	CB0109				GNG102	CB0109
FBbt:20003955	adult CB0113 neuron	flywire	CB0113	CB0113				GNG324	CB0113
FBbt:20003956	adult CB0114 neuron	flywire	CB0114	CB0114				GNG291	CB0114
FBbt:20003957	adult CB0115 neuron	flywire	CB0115	CB0115				CB0115	CB0115
FBbt:20003959	adult CB0117 neuron	flywire	CB0117	CB0117				GNG573	CB0117
FBbt:20003960	adult CB0118 neuron	flywire	CB0118	CB0118				GNG042	CB0118
FBbt:20003961	adult CB0121 neuron	flywire	CB0121	CB0121				CB0121	CB0121
FBbt:20003962	adult CB0122 neuron	flywire	CB0122	CB0122				CB0122	CB0122
FBbt:20003963	adult CB0124 neuron	flywire	CB0124	CB0124				GNG572	CB0124
FBbt:20003964	adult CB0125 neuron	flywire	CB0125	CB0125				AVLP608	CB0125
FBbt:20003965	adult CB0126 neuron	flywire	CB0126	CB0126					CB0126
FBbt:20003966	adult CB0128 neuron	flywire	CB0128	CB0128				CB0128	CB0128
FBbt:20003967	adult CB0129 neuron	flywire	CB0129	CB0129					CB0129
FBbt:20003968	adult CB0130 neuron	flywire	CB0130	CB0130				GNG664	CB0130
FBbt:20003969	adult CB0131 neuron	flywire	CB0131	CB0131				AMMC010	CB0131
FBbt:20003970	adult CB0132 neuron	flywire	CB0132	CB0132				GNG569	CB0132
FBbt:20003971	adult CB0135 neuron	flywire	CB0135	CB0135				GNG321	CB0135
FBbt:20003972	adult CB0136 neuron	flywire	CB0136	CB0136					CB0136
FBbt:20003973	adult CB0137 neuron	flywire	CB0137	CB0137				GNG135	CB0137
FBbt:20003974	adult CB0138 neuron	flywire	CB0138	CB0138				GNG070	CB0138
FBbt:20003975	adult CB0140 neuron	flywire	CB0140	CB0140				CB0140	
FBbt:20003976	adult CB0141 neuron	flywire	CB0141	CB0141				CB0141	CB0141
FBbt:20003977	adult CB0142 neuron	flywire	CB0142	CB0142				CB0142	
FBbt:20003978	adult CB0143 neuron	flywire	CB0143	CB0143				PLP256	CB0143
FBbt:20003979	adult CB0144 neuron	flywire	CB0144	CB0144				GNG311	CB0144
FBbt:20003980	adult CB0147 neuron	flywire	CB0147	SPS100f					
FBbt:20003981	adult CB0148 neuron	flywire	CB0148	CB0148				AVLP598	CB0148
FBbt:20003982	adult CB0149 neuron	flywire	CB0149	CB0149					CB0149
FBbt:20003983	adult CB0150 neuron	flywire	CB0150	CB0150				GNG290	CB0150
FBbt:20003984	adult CB0151 neuron	flywire	CB0151	CB0151					CB0151
FBbt:20003985	adult CB0152 neuron	flywire	CB0152	CB0152				GNG568	CB0152
FBbt:20003987	adult CB0155 neuron	flywire	CB0155	CB0155				GNG567	CB0155
FBbt:20003988	adult CB0157 neuron	flywire	CB0157	CB0157				GNG149	CB0157
FBbt:20003989	adult CB0158 neuron	flywire	CB0158	CB0158					
FBbt:20003990	adult CB0159 neuron	flywire	CB0159	CB0159				GNG016	CB0159
FBbt:20003991	adult CB0161 neuron	flywire	CB0161	CB0161				GNG566	CB0161
FBbt:20003992	adult CB0163 neuron	flywire	CB0163	CB0163				GNG565	CB0163
FBbt:20003993	adult CB0164 neuron	flywire	CB0164	CB0164				CB0164	CB0164
FBbt:20003994	adult CB0166 neuron	flywire	CB0166	CB0166				GNG564	CB0166
FBbt:20003995	adult CB0168 neuron	flywire	CB0168	CB0168				GNG631	CB0168
FBbt:20003996	adult CB0170 neuron	flywire	CB0170	CB0170				GNG563	CB0170
FBbt:20003997	adult CB0172 neuron	flywire	CB0172	CB0172				GNG562	CB0172
FBbt:20003998	adult CB0174 neuron	flywire	CB0174	CB0174				GNG561	CB0174
FBbt:20003999	adult CB0175 neuron	flywire	CB0175	CB0175				GNG560	CB0175
FBbt:20004000	adult CB0176 neuron	flywire	CB0176	CB0176				GNG253	CB0176
FBbt:20004001	adult CB0177 neuron	flywire	CB0177	CB0177				GNG143	CB0177
FBbt:20004002	adult CB0179 neuron	flywire	CB0179	CB0179					CB0179
FBbt:20004003	adult CB0180 neuron	flywire	CB0180	CB0180				GNG288	CB0180
FBbt:20004004	adult CB0182 neuron	flywire	CB0182	CB0182				GNG559	CB0182
FBbt:20004005	adult CB0183 neuron	flywire	CB0183	CB0183				GNG078	CB0183
FBbt:20004006	adult CB0184 neuron	flywire	CB0184	CB0184				GNG558	CB0184
FBbt:20004007	adult CB0186 neuron	flywire	CB0186	CB0186				GNG557	CB0186
FBbt:20004008	adult CB0187 neuron	flywire	CB0187	CB0187				GNG177	CB0187
FBbt:20004009	adult CB0188 neuron	flywire	CB0188	CB0188				VES090	CB0188
FBbt:20004010	adult CB0189 neuron	flywire	CB0189	CB0189					CB0189
FBbt:20004011	adult CB0190 neuron	flywire	CB0190	CB0190				GNG148	CB0190
FBbt:20004012	adult CB0191 neuron	flywire	CB0191	CB0191				GNG316	CB0191
FBbt:20004014	adult CB0194 neuron	flywire	CB0194	CB0194				CB0194	CB0194
FBbt:20004015	adult CB0195 neuron	flywire	CB0195	CB0195				GNG556	CB0195
FBbt:20004016	adult CB0196 neuron	flywire	CB0196	CB0196				PLP257	CB0196
FBbt:20004017	adult CB0197 neuron	flywire	CB0197	CB0197				CB0197	
FBbt:20004018	adult CB0198 neuron	flywire	CB0198	CB0198				GNG555	CB0198
FBbt:20004019	adult CB0200 neuron	flywire	CB0200	CB0200				GNG554	CB0200
FBbt:20004020	adult CB0202 neuron	flywire	CB0202	CB0202				GNG553	CB0202
FBbt:20004021	adult CB0204 neuron	flywire	CB0204	CB0204				CB0204	CB0204
FBbt:20004022	adult CB0206 neuron	flywire	CB0206	CB0206				CB0206	CB0206
FBbt:20004023	adult CB0207 neuron	flywire	CB0207	CB0207				GNG552	CB0207
FBbt:20004024	adult CB0208 neuron	flywire	CB0208	CB0208				GNG155	CB0208
FBbt:20004025	adult CB0211 neuron	flywire	CB0211	CB0211				GNG551	CB0211
FBbt:20004026	adult CB0212 neuron	flywire	CB0212	CB0212				GNG550	CB0212
FBbt:20004028	adult CB0214 neuron	flywire	CB0214	CB0214				CB0214	CB0214
FBbt:20004029	adult CB0215 neuron	flywire	CB0215	CB0215				PS311	CB0215
FBbt:20004030	adult CB0216 neuron	flywire	CB0216	CB0216				GNG117	CB0216
FBbt:20004031	adult CB0217 neuron	flywire	CB0217	CB0217				GNG051	
FBbt:20004032	adult CB0218 neuron	flywire	CB0218	CB0218				CB0218	CB0218
FBbt:20004033	adult CB0219 neuron	flywire	CB0219	CB0219				GNG087	CB0219
FBbt:20004034	adult CB0220 neuron	flywire	CB0220	CB0220					CB0220
FBbt:20004035	adult CB0221 neuron	flywire	CB0221	CB0221				CB0221	
FBbt:20004036	adult CB0222 neuron	flywire	CB0222	CB0222				AVLP325_b	CB0222
FBbt:20004037	adult CB0223 neuron	flywire	CB0223	CB0223				PRW067	CB0223
FBbt:20004038	adult CB0224 neuron	flywire	CB0224	CB0224				CB0224	CB0224
FBbt:20004039	adult CB0225 neuron	flywire	CB0225	CB0225				GNG201	CB0225
FBbt:20004040	adult CB0226 neuron	flywire	CB0226	CB0226				GNG548	CB0226
FBbt:20004041	adult CB0227 neuron	flywire	CB0227	CB0227				CB0227	CB0227
FBbt:20004042	adult CB0228 neuron	flywire	CB0228	CB0228				CB0228	CB0228
FBbt:20004043	adult CB0229 neuron	flywire	CB0229	CB0229				GNG251	CB0229
FBbt:20004044	adult CB0230 neuron	flywire	CB0230	CB0230				PS359	CB0230
FBbt:20004045	adult CB0231 neuron	flywire	CB0231	CB0231				GNG547	CB0231
FBbt:20004046	adult CB0232 neuron	flywire	CB0232	CB0232				PRW002	CB0232
FBbt:20004047	adult CB0233 neuron	flywire	CB0233	CB0233				GNG289	CB0233
FBbt:20004048	adult CB0235 neuron	flywire	CB0235	CB0235				GNG546	CB0235
FBbt:20004049	adult CB0237 neuron	flywire	CB0237	CB0237				GNG545	CB0237
FBbt:20004050	adult CB0238 neuron	flywire	CB0238	CB0238				GNG544	CB0238
FBbt:20004051	adult CB0239 neuron	flywire	CB0239	CB0239				GNG543	CB0239
FBbt:20004052	adult CB0240 neuron	flywire	CB0240	CB0240				GNG187	CB0240
FBbt:20004053	adult CB0241 neuron	flywire	CB0241	CB0241				GNG203	CB0241
FBbt:20004054	adult CB0242 neuron	flywire	CB0242	CB0242				SLP341_b	
FBbt:20004055	adult CB0244 neuron	flywire	CB0244	CB0244				CB0244	CB0244
FBbt:20004056	adult CB0245 neuron	flywire	CB0245	CB0245					
FBbt:20004057	adult CB0246 neuron	flywire	CB0246	CB0246				GNG033	CB0246
FBbt:20004058	adult CB0247 neuron	flywire	CB0247	CB0247				GNG542	CB0247
FBbt:20004059	adult CB0248 neuron	flywire	CB0248	CB0248				GNG038	CB0248
FBbt:20004060	adult CB0249 neuron	flywire	CB0249	CB0249				GNG638	CB0249
FBbt:20004061	adult CB0250 neuron	flywire	CB0250	CB0250				GNG198	CB0250
FBbt:20004062	adult CB0251 neuron	flywire	CB0251	CB0251				GNG134	CB0251
FBbt:20004063	adult CB0254 neuron	flywire	CB0254	CB0254				GNG057	CB0254
FBbt:20004064	adult CB0255 neuron	flywire	CB0255	CB0255				AVLP609	CB0255
FBbt:20004065	adult CB0256 neuron	flywire	CB0256	CB0256				GNG541	CB0256
FBbt:20004066	adult CB0257 neuron	flywire	CB0257	CB0257					CB0257
FBbt:20004067	adult CB0258 neuron	flywire	CB0258	CB0258				VES105	CB0258
FBbt:20004068	adult CB0259 neuron	flywire	CB0259	CB0259				CB0259	CB0259
FBbt:20004069	adult CB0261 neuron	flywire	CB0261	CB0261				SAD106	CB0261
FBbt:20004070	adult CB0262 neuron	flywire	CB0262	CB0262				GNG540	CB0262
FBbt:20004071	adult CB0264 neuron	flywire	CB0264	CB0264				WED193	CB0264
FBbt:20004072	adult CB0265 neuron	flywire	CB0265	CB0265				GNG113	CB0265
FBbt:20004073	adult CB0266 neuron	flywire	CB0266	CB0266				CB0266	
FBbt:20004074	adult CB0267 neuron	flywire	CB0267	CB0267				GNG287	CB0267
FBbt:20004076	adult CB0269 neuron	flywire	CB0269	CB0269					CB0269
FBbt:20004077	adult CB0270 neuron	flywire	CB0270	CB0270					CB0270
FBbt:20004078	adult CB0272 neuron	flywire	CB0272	CB0272				SMP744	CB0272
FBbt:20004079	adult CB0276 neuron	flywire	CB0276	CB0276				GNG539	CB0276
FBbt:20004080	adult CB0277 neuron	flywire	CB0277	CB0277				GNG208	CB0277
FBbt:20004081	adult CB0278 neuron	flywire	CB0278	CB0278				GNG538	CB0278
FBbt:20004082	adult CB0279 neuron	flywire	CB0279	CB0279					CB0279
FBbt:20004083	adult CB0280 neuron	flywire	CB0280	CB0280				CB0280	CB0280
FBbt:20004084	adult CB0282 neuron	flywire	CB0282	CB0282				CB0282	CB0282
FBbt:20004085	adult CB0283 neuron	flywire	CB0283	CB0283				VES104	CB0283
FBbt:20004086	adult CB0284 neuron	flywire	CB0284	CB0284				AVLP612	CB0284
FBbt:20004087	adult CB0285 neuron	flywire	CB0285	CB0285				CB0285	CB0285
FBbt:20004088	adult CB0286 neuron	flywire	CB0286	CB0286					CB0286
FBbt:20004089	adult CB0287 neuron	flywire	CB0287	CB0287				GNG537	CB0287
FBbt:20004090	adult CB0288 neuron	flywire	CB0288	CB0288				PRW066	CB0288
FBbt:20004091	adult CB0289 neuron	flywire	CB0289	CB0289				GNG194	CB0289
FBbt:20004092	adult CB0292 neuron	flywire	CB0292	CB0292				GNG122	CB0292
FBbt:20004093	adult CB0294 neuron	flywire	CB0294	CB0294					CB0294
FBbt:20004094	adult CB0295 neuron	flywire	CB0295	CB0295					
FBbt:20004095	adult CB0296 neuron	flywire	CB0296	CB0296				GNG094	CB0296
FBbt:20004096	adult CB0297 neuron	flywire	CB0297	CB0297				CB0297	CB0297
FBbt:20004097	adult CB0298 neuron	flywire	CB0298	CB0298				GNG049	CB0298
FBbt:20004098	adult CB0299 neuron	flywire	CB0299	CB0299					CB0299
FBbt:20004099	adult CB0300 neuron	flywire	CB0300	CB0300					CB0300
FBbt:20004100	adult CB0302 neuron	flywire	CB0302	CB0302				GNG084	CB0302
FBbt:20004101	adult CB0303 neuron	flywire	CB0303	CB0303				GNG260	CB0303
FBbt:20004102	adult CB0305 neuron	flywire	CB0305	CB0305				GNG666	CB0305
FBbt:20004103	adult CB0306 neuron	flywire	CB0306	CB0306					CB0306
FBbt:20004104	adult CB0307 neuron	flywire	CB0307	CB0307				CB0307	CB0307
FBbt:20004105	adult CB0309 neuron	flywire	CB0309	CB0309				PS355	CB0309
FBbt:20004106	adult CB0310 neuron	flywire	CB0310	CB0310				PRW065	CB0310
FBbt:20004107	adult CB0311 neuron	flywire	CB0311	CB0311				LHPD3a2_b	CB0311
FBbt:20004108	adult CB0312 neuron	flywire	CB0312	CB0312				CB0312	CB0312
FBbt:20004109	adult CB0313 neuron	flywire	CB0313	CB0313					CB0313
FBbt:20004110	adult CB0314 neuron	flywire	CB0314	CB0314					CB0314
FBbt:20004111	adult CB0316 neuron	flywire	CB0316	CB0316				CB0316	CB0316
FBbt:20004112	adult CB0317 neuron	flywire	CB0317	CB0317				GNG630	CB0317
FBbt:20004113	adult CB0318 neuron	flywire	CB0318	CB0318				GNG536	CB0318
FBbt:20004114	adult CB0319 neuron	flywire	CB0319	CB0319				GNG535	CB0319
FBbt:20004115	adult CB0320 neuron	flywire	CB0320	CB0320				CB0320	CB0320
FBbt:20004116	adult CB0323 neuron	flywire	CB0323	CB0323				PRW064	CB0323
FBbt:20004117	adult CB0324 neuron	flywire	CB0324	CB0324				CB0324	CB0324
FBbt:20004118	adult CB0325 neuron	flywire	CB0325	CB0325				CB0325	CB0325
FBbt:20004119	adult CB0327 neuron	flywire	CB0327	CB0327				WED192	CB0327
FBbt:20004120	adult CB0328 neuron	flywire	CB0328	CB0328				GNG240	CB0328
FBbt:20004121	adult CB0331 neuron	flywire	CB0331	CB0331				GNG158	CB0331
FBbt:20004122	adult CB0333 neuron	flywire	CB0333	CB0333				AMMC009	CB0333
FBbt:20004123	adult CB0335 neuron	flywire	CB0335	CB0335					CB0335
FBbt:20004124	adult CB0336 neuron	flywire	CB0336	CB0336					CB0336
FBbt:20004125	adult CB0337 neuron	flywire	CB0337	CB0337				GNG534	CB0337
FBbt:20004127	adult CB0340 neuron	flywire	CB0340	CB0340					CB0340
FBbt:20004128	adult CB0341 neuron	flywire	CB0341	CB0341				GNG313	CB0341
FBbt:20004129	adult CB0342 neuron	flywire	CB0342	CB0342					CB0342
FBbt:20004130	adult CB0343 neuron	flywire	CB0343	CB0343					CB0343
FBbt:20004131	adult CB0344 neuron	flywire	CB0344	CB0344				WED203	CB0344
FBbt:20004132	adult CB0345 neuron	flywire	CB0345	CB0345				WED166_a	CB0345
FBbt:20004133	adult CB0346 neuron	flywire	CB0346	CB0346				CB0346	
FBbt:20004134	adult CB0349 neuron	flywire	CB0349	CB0349				GNG533	CB0349
FBbt:20004135	adult CB0350 neuron	flywire	CB0350	CB0350				PRW063	CB0350
FBbt:20004136	adult CB0351 neuron	flywire	CB0351	CB0351					
FBbt:20004137	adult CB0352 neuron	flywire	CB0352	CB0352					CB0352
FBbt:20004138	adult CB0354 neuron	flywire	CB0354	CB0354				PRW062	CB0354
FBbt:20004139	adult CB0356 neuron	flywire	CB0356	CB0356				CB0356	CB0356
FBbt:20004140	adult CB0357 neuron	flywire	CB0357	CB0357				GNG085	CB0357
FBbt:20004141	adult CB0358 neuron	flywire	CB0358	CB0358				GNG124	CB0358
FBbt:20004142	adult CB0359 neuron	flywire	CB0359	CB0359				AOTU016_a	CB0359
FBbt:20004143	adult CB0360 neuron	flywire	CB0360	CB0360				GNG086	CB0360
FBbt:20004144	adult CB0361 neuron	flywire	CB0361	CB0361				CB0361	CB0361
FBbt:20004145	adult CB0362 neuron	flywire	CB0362	CB0362				GNG532	CB0362
FBbt:20004146	adult CB0363 neuron	flywire	CB0363	CB0363				GNG264	CB0363
FBbt:20004147	adult CB0364 neuron	flywire	CB0364	CB0364					CB0364
FBbt:20004150	adult CB0367 neuron	flywire	CB0367	CB0367				CB0367	CB0367
FBbt:20004151	adult CB0368 neuron	flywire	CB0368	CB0368				PS313	CB0368
FBbt:20004152	adult CB0369 neuron	flywire	CB0369	CB0369				GNG531	CB0369
FBbt:20004153	adult CB0370 neuron	flywire	CB0370	CB0370				GNG223	CB0370
FBbt:20004154	adult CB0373 neuron	flywire	CB0373	CB0373				CB0373	
FBbt:20004155	adult CB0374 neuron	flywire	CB0374	CB0374				CB0374	CB0374
FBbt:20004156	adult CB0376 neuron	flywire	CB0376	CB0376				CL015_b	CB0376
FBbt:20004157	adult CB0377 neuron	flywire	CB0377	CB0377				GNG250	CB0377
FBbt:20004158	adult CB0378 neuron	flywire	CB0378	CB0378				GNG205	CB0378
FBbt:20004159	adult CB0379 neuron	flywire	CB0379	CB0379					CB0379
FBbt:20004160	adult CB0380 neuron	flywire	CB0380	CB0380				CB0380	CB0380
FBbt:20004161	adult CB0381 neuron	flywire	CB0381	CB0381				CB0381	CB0381
FBbt:20004162	adult CB0382 neuron	flywire	CB0382	CB0382				CB0382	CB0382
FBbt:20004163	adult CB0386 neuron	flywire	CB0386	CB0386				CB0386	
FBbt:20004164	adult CB0387 neuron	flywire	CB0387	CB0387				PRW061	CB0387
FBbt:20004165	adult CB0390 neuron	flywire	CB0390	CB0390				CB0390	CB0390
FBbt:20004166	adult CB0391 neuron	flywire	CB0391	CB0391				CB0391	CB0391
FBbt:20004167	adult CB0392 neuron	flywire	CB0392	CB0392				GNG530	CB0392
FBbt:20004168	adult CB0393 neuron	flywire	CB0393	CB0393				GNG089	CB0393
FBbt:20004169	adult CB0394 neuron	flywire	CB0394	CB0394					
FBbt:20004170	adult CB0396 neuron	flywire	CB0396	CB0396				CB0396	CB0396
FBbt:20004171	adult CB0397 neuron	flywire	CB0397	CB0397				CB0397	CB0397
FBbt:20004172	adult CB0398 neuron	flywire	CB0398	CB0398					CB0398
FBbt:20004173	adult CB0399 neuron	flywire	CB0399	CB0399				GNG637	CB0399
FBbt:20004174	adult CB0400 neuron	flywire	CB0400	CB0400				GNG209	CB0400
FBbt:20004175	adult CB0402 neuron	flywire	CB0402	CB0402				GNG529	CB0402
FBbt:20004176	adult CB0404 neuron	flywire	CB0404	CB0404				AMMC012	CB0404
FBbt:20004177	adult CB0405 neuron	flywire	CB0405	CB0405				CB0405	CB0405
FBbt:20004178	adult CB0406 neuron	flywire	CB0406						
FBbt:20004179	adult CB0407 neuron	flywire	CB0407	CB0407				GNG528	CB0407
FBbt:20004180	adult CB0408 neuron	flywire	CB0408	CB0408				GNG527	CB0408
FBbt:20004181	adult CB0409 neuron	flywire	CB0409	CB0409				GNG104	CB0409
FBbt:20004182	adult CB0410 neuron	flywire	CB0410	CB0410				GNG526	CB0410
FBbt:20004183	adult CB0413 neuron	flywire	CB0413	CB0413				GNG235	CB0413
FBbt:20004184	adult CB0414 neuron	flywire	CB0414	CB0414				CB0414	CB0414
FBbt:20004185	adult CB0415 neuron	flywire	CB0415	CB0415				GNG100	CB0415
FBbt:20004186	adult CB0416 neuron	flywire	CB0416	CB0416				GNG199	CB0416
FBbt:20004187	adult CB0417 neuron	flywire	CB0417	CB0417				GNG066	CB0417
FBbt:20004188	adult CB0418 neuron	flywire	CB0418	CB0418				GNG525	CB0418
FBbt:20004189	adult CB0419 neuron	flywire	CB0419	CB0419				GNG524	CB0419
FBbt:20004190	adult CB0420 neuron	flywire	CB0420	CB0420				CB0420	CB0420
FBbt:20004191	adult CB0421 neuron	flywire	CB0421	CB0421				GNG247	CB0421
FBbt:20004192	adult CB0422 neuron	flywire	CB0422	CB0422				GNG219	CB0422
FBbt:20004193	adult CB0423 neuron	flywire	CB0423	CB0423				GNG660	CB0423
FBbt:20004194	adult CB0424 neuron	flywire	CB0424	CB0424				PLP258	CB0424
FBbt:20004195	adult CB0426 neuron	flywire	CB0426	CB0426				GNG249	CB0426
FBbt:20004196	adult CB0429 neuron	flywire	CB0429	CB0429				CB0429	
FBbt:20004197	adult CB0430 neuron	flywire	CB0430	CB0430				GNG112	CB0430
FBbt:20004198	adult CB0431 neuron	flywire	CB0431	CB0431				CB0431	CB0431
FBbt:20004199	adult CB0432 neuron	flywire	CB0432	CB0432				CB0432	CB0432
FBbt:20004200	adult CB0433 neuron	flywire	CB0433	CB0433				GNG523	CB0433
FBbt:20004201	adult CB0434 neuron	flywire	CB0434	CB0434				GNG159	CB0434
FBbt:20004202	adult CB0435 neuron	flywire	CB0435	CB0435				GNG308	CB0435
FBbt:20004203	adult CB0436 neuron	flywire	CB0436	CB0436				GNG522	
FBbt:20004204	adult CB0437 neuron	flywire	CB0437	CB0437				GNG217	CB0437
FBbt:20004205	adult CB0438 neuron	flywire	CB0438	CB0438				GNG054	CB0438
FBbt:20004206	adult CB0440 neuron	flywire	CB0440	CB0440				CB0440	CB0440
FBbt:20004207	adult CB0441 neuron	flywire	CB0441	CB0441				GNG521	CB0441
FBbt:20004208	adult CB0442 neuron	flywire	CB0442	CB0442				GNG302	CB0442
FBbt:20004209	adult CB0443 neuron	flywire	CB0443	CB0443				GNG301	CB0443
FBbt:20004210	adult CB0444 neuron	flywire	CB0444	CB0444				GNG195	CB0444
FBbt:20004211	adult CB0445 neuron	flywire	CB0445	CB0445				GNG230	CB0445
FBbt:20004212	adult CB0446 neuron	flywire	CB0446	CB0446				GNG520	CB0446
FBbt:20004213	adult CB0448 neuron	flywire	CB0448	CB0448				LAL208	CB0448
FBbt:20004214	adult CB0449 neuron	flywire	CB0449	CB0449				GNG139	CB0449
FBbt:20004215	adult CB0450 neuron	flywire	CB0450	CB0450					CB0450
FBbt:20004216	adult CB0451 neuron	flywire	CB0451	CB0451				AMMC008	CB0451
FBbt:20004217	adult CB0452 neuron	flywire	CB0452	CB0452				PLP260	CB0452
FBbt:20004218	adult CB0453 neuron	flywire	CB0453	CB0453				PRW060	CB0453
FBbt:20004219	adult CB0454 neuron	flywire	CB0454	CB0454				GNG031	CB0454
FBbt:20004220	adult CB0455 neuron	flywire	CB0455	CB0455				GNG063	CB0455
FBbt:20004221	adult CB0456 neuron	flywire	CB0456	CB0456				GNG166	CB0456
FBbt:20004222	adult CB0457 neuron	flywire	CB0457	CB0457				GNG156	CB0457
FBbt:20004223	adult CB0458 neuron	flywire	CB0458	CB0458				GNG519	CB0458
FBbt:20004224	adult CB0459 neuron	flywire	CB0459	CB0459				GNG189	CB0459
FBbt:20004225	adult CB0460 neuron	flywire	CB0460	CB0460				GNG262	CB0460
FBbt:20004227	adult CB0462 neuron	flywire	CB0462	CB0462				GNG245	CB0462
FBbt:20004228	adult CB0463 neuron	flywire	CB0463	CB0463				GNG317	CB0463
FBbt:20004229	adult CB0465 neuron	flywire	CB0465	CB0465				GNG130	CB0465
FBbt:20004230	adult CB0466 neuron	flywire	CB0466	CB0466				CB0466	CB0466
FBbt:20004231	adult CB0467 neuron	flywire	CB0467	CB0467				GNG518	CB0467
FBbt:20004232	adult CB0468 neuron	flywire	CB0468	CB0468				GNG034	CB0468
FBbt:20004233	adult CB0469 neuron	flywire	CB0469	CB0469				SAD105	CB0469
FBbt:20004235	adult CB0473 neuron	flywire	CB0473	CB0473				GNG029	CB0473
FBbt:20004236	adult CB0475 neuron	flywire	CB0475	CB0475					CB0475
FBbt:20004237	adult CB0477 neuron	flywire	CB0477	CB0477				CB0477	CB0477
FBbt:20004238	adult CB0478 neuron	flywire	CB0478	CB0478				AMMC013	CB0478
FBbt:20004239	adult CB0479 neuron	flywire	CB0479	CB0479				GNG076	CB0479
FBbt:20004240	adult CB0480 neuron	flywire	CB0480	CB0480				GNG115	CB0480
FBbt:20004241	adult CB0481 neuron	flywire	CB0481	CB0481				GNG162	CB0481
FBbt:20004242	adult CB0483 neuron	flywire	CB0483	CB0483				SLP472	CB0483
FBbt:20004243	adult CB0484 neuron	flywire	CB0484	CB0484				GNG041	CB0484
FBbt:20004244	adult CB0485 neuron	flywire	CB0485	CB0485				GNG517	CB0485
FBbt:20004245	adult CB0486 neuron	flywire	CB0486	CB0486				GNG306	CB0486
FBbt:20004246	adult CB0487 neuron	flywire	CB0487	CB0487				GNG092	CB0487
FBbt:20004247	adult CB0488 neuron	flywire	CB0488	CB0488				PS327	CB0488
FBbt:20004248	adult CB0489 neuron	flywire	CB0489	CB0489				GNG268	CB0489
FBbt:20004249	adult CB0491 neuron	flywire	CB0491	CB0491				GNG035	CB0491
FBbt:20004250	adult CB0492 neuron	flywire	CB0492	CB0492				CB0492	CB0492
FBbt:20004252	adult CB0494 neuron	flywire	CB0494	CB0494				GNG190	CB0494
FBbt:20004253	adult CB0495 neuron	flywire	CB0495	CB0495				WED195	CB0495
FBbt:20004254	adult CB0496 neuron	flywire	CB0496	CB0496				GNG516	CB0496
FBbt:20004255	adult CB0497 neuron	flywire	CB0497	CB0497				GNG515	CB0497
FBbt:20004256	adult CB0498 neuron	flywire	CB0498	CB0498				GNG055	CB0498
FBbt:20004258	adult CB0500 neuron	flywire	CB0500	CB0500				PS352	CB0500
FBbt:20004259	adult CB0501 neuron	flywire	CB0501	CB0501				GNG228	CB0501
FBbt:20004260	adult CB0502 neuron	flywire	CB0502	CB0502				GNG252	CB0502
FBbt:20004261	adult CB0503 neuron	flywire	CB0503	CB0503				GNG091	CB0503
FBbt:20004262	adult CB0504 neuron	flywire	CB0504	CB0504				GNG514	CB0504
FBbt:20004263	adult CB0507 neuron	flywire	CB0507	CB0507				GNG513	CB0507
FBbt:20004264	adult CB0508 neuron	flywire	CB0508	CB0508				GNG512	CB0508
FBbt:20004265	adult CB0509 neuron	flywire	CB0509	CB0509				PS334	CB0509
FBbt:20004266	adult CB0510 neuron	flywire	CB0510	CB0510				CB0510	CB0510
FBbt:20004267	adult CB0512 neuron	flywire	CB0512	CB0512				GNG176	CB0512
FBbt:20004268	adult CB0514 neuron	flywire	CB0514	CB0514				PRW059	CB0514
FBbt:20004269	adult CB0515 neuron	flywire	CB0515	CB0515				GNG167	CB0515
FBbt:20004270	adult CB0516 neuron	flywire	CB0516	CB0516				GNG511	CB0516
FBbt:20004271	adult CB0517 neuron	flywire	CB0517	CB0517				CB0517	CB0517
FBbt:20004272	adult CB0518 neuron	flywire	CB0518	CB0518				GNG172	CB0518
FBbt:20004273	adult CB0519 neuron	flywire	CB0519	CB0519				GNG661	CB0519
FBbt:20004274	adult CB0521 neuron	flywire	CB0521	CB0521				GNG510	CB0521
FBbt:20004275	adult CB0522 neuron	flywire	CB0522	CB0522				GNG509	CB0522
FBbt:20004276	adult CB0523 neuron	flywire	CB0523	CB0523				GNG286	CB0523
FBbt:20004277	adult CB0524 neuron	flywire	CB0524	CB0524				VES085_b	CB0524
FBbt:20004278	adult CB0525 neuron	flywire	CB0525	CB0525				GNG191	CB0525
FBbt:20004279	adult CB0526 neuron	flywire	CB0526	CB0526				GNG508	CB0526
FBbt:20004280	adult CB0527 neuron	flywire	CB0527	CB0527				PS306	CB0527
FBbt:20004281	adult CB0528 neuron	flywire	CB0528	CB0528				GNG507	CB0528
FBbt:20004282	adult CB0529 neuron	flywire	CB0529	CB0529				VES089	CB0529
FBbt:20004283	adult CB0530 neuron	flywire	CB0530	CB0530				CB0530	CB0530
FBbt:20004284	adult CB0531 neuron	flywire	CB0531	CB0531				GNG304	CB0531
FBbt:20004285	adult CB0532 neuron	flywire	CB0532	CB0532				PRW058	CB0532
FBbt:20004286	adult CB0533 neuron	flywire	CB0533	CB0533				CB0533	CB0533
FBbt:20004287	adult CB0534 neuron	flywire	CB0534	CB0534				GNG506	CB0534
FBbt:20004288	adult CB0538 neuron	flywire	CB0538	CB0538				GNG505	CB0538
FBbt:20004289	adult CB0539 neuron	flywire	CB0539	CB0539				GNG504	CB0539
FBbt:20004290	adult CB0540 neuron	flywire	CB0540	CB0540				CB0540	CB0540
FBbt:20004291	adult CB0541 neuron	flywire	CB0541	CB0541				GNG202	CB0541
FBbt:20004292	adult CB0542 neuron	flywire	CB0542	CB0542				GNG183	CB0542
FBbt:20004294	adult CB0544 neuron	flywire	CB0544	CB0544				FLA017	CB0544
FBbt:20004295	adult CB0545 neuron	flywire	CB0545	CB0545				GNG294	CB0545
FBbt:20004296	adult CB0546 neuron	flywire	CB0546	CB0546				GNG322	CB0546
FBbt:20004297	adult CB0547 neuron	flywire	CB0547	CB0547				WED209	CB0547
FBbt:20004298	adult CB0548 neuron	flywire	CB0548	CB0548				PRW057	CB0548
FBbt:20004299	adult CB0549 neuron	flywire	CB0549	CB0549				GNG503	CB0549
FBbt:20004300	adult CB0550 neuron	flywire	CB0550	CB0550				SLP469	CB0550
FBbt:20004301	adult CB0552 neuron	flywire	CB0552	CB0552				GNG170	CB0552
FBbt:20004303	adult CB0555 neuron	flywire	CB0555	CB0555				PRW056	CB0555
FBbt:20004304	adult CB0556 neuron	flywire	CB0556	CB0556				GNG502	CB0556
FBbt:20004305	adult CB0557 neuron	flywire	CB0557	CB0557				GNG118	CB0557
FBbt:20004306	adult CB0558 neuron	flywire	CB0558	CB0558				GNG212	CB0558
FBbt:20004307	adult CB0559 neuron	flywire	CB0559	CB0559				PRW055	CB0559
FBbt:20004308	adult CB0560 neuron	flywire	CB0560	CB0560				GNG211	CB0560
FBbt:20004309	adult CB0561 neuron	flywire	CB0561	CB0561				GNG501	CB0561
FBbt:20004310	adult CB0563 neuron	flywire	CB0563	CB0563				CL367	CB0563
FBbt:20004311	adult CB0564 neuron	flywire	CB0564	CB0564				PS322	CB0564
FBbt:20004312	adult CB0565 neuron	flywire	CB0565	CB0565				GNG119	CB0565
FBbt:20004314	adult CB0567 neuron	flywire	CB0567	CB0567				PS307	CB0567
FBbt:20004315	adult CB0568 neuron	flywire	CB0568	CB0568				GNG107	CB0568
FBbt:20004317	adult CB0572 neuron	flywire	CB0572	CB0572				GNG153	CB0572
FBbt:20004318	adult CB0573 neuron	flywire	CB0573	CB0573				GNG043	
FBbt:20004319	adult CB0574 neuron	flywire	CB0574	CB0574				GNG106	CB0574
FBbt:20004320	adult CB0575 neuron	flywire	CB0575	CB0575				SMP743	CB0575
FBbt:20004321	adult CB0576 neuron	flywire	CB0576	CB0576				GNG196	CB0576
FBbt:20004322	adult CB0578 neuron	flywire	CB0578	GNG800f					GNG800f
FBbt:20004324	adult CB0580 neuron	flywire	CB0580	CB0580				CL366	CB0580
FBbt:20004325	adult CB0581 neuron	flywire	CB0581	CB0581				GNG285	CB0581
FBbt:20004326	adult CB0582 neuron	flywire	CB0582	CB0582				CB0582	CB0582
FBbt:20004327	adult CB0583 neuron	flywire	CB0583	CB0583				GNG022	CB0583
FBbt:20004328	adult CB0584 neuron	flywire	CB0584	CB0584				VES092	CB0584
FBbt:20004329	adult CB0585 neuron	flywire	CB0585	CB0585				GNG500	CB0585
FBbt:20004330	adult CB0586 neuron	flywire	CB0586	CB0586				GNG629	CB0586
FBbt:20004331	adult CB0587 neuron	flywire	CB0587	CB0587				GNG014	CB0587
FBbt:20004332	adult CB0588 neuron	flywire	CB0588	CB0588				GNG060	CB0588
FBbt:20004333	adult CB0591 neuron	flywire	CB0591	CB0591				CB0591	CB0591
FBbt:20004335	adult CB0593 neuron	flywire	CB0593	CB0593				VES088	CB0593
FBbt:20004336	adult AN_multi_3 neuron	flywire	AN_multi_3	AN_multi_3				AN27X024	
FBbt:20004337	adult CB0595 neuron	flywire	CB0595	CB0595				GNG499	CB0595
FBbt:20004338	adult CB0596 neuron	flywire	CB0596	CB0596				GNG233	CB0596
FBbt:20004339	adult CB0597 neuron	flywire	CB0597	CB0597				GNG498	CB0597
FBbt:20004340	adult CB0598 neuron	flywire	CB0598	CB0598				CB0598	CB0598
FBbt:20004341	adult CB0599 neuron	flywire	CB0599	CB0599				GNG497	CB0599
FBbt:20004342	adult CB0600 neuron	flywire	CB0600	CB0600				GNG181	CB0600
FBbt:20004343	adult CB0601 neuron	flywire	CB0601	CB0601				GNG496	CB0601
FBbt:20004344	adult CB0602 neuron	flywire	CB0602	CB0602				GNG495	CB0602
FBbt:20004345	adult CB0603 neuron	flywire	CB0603	CB0603				GNG494	CB0603
FBbt:20004346	adult CB0604 neuron	flywire	CB0604	CB0604				GNG204	
FBbt:20004347	adult CB0605 neuron	flywire	CB0605	CB0605				GNG150	CB0605
FBbt:20004348	adult CB0606 neuron	flywire	CB0606	CB0606				GNG146	CB0606
FBbt:20004349	adult CB0607 neuron	flywire	CB0607	CB0607				CB0607	CB0607
FBbt:20004350	adult CB0608 neuron	flywire	CB0608	CB0608				GNG114	CB0608
FBbt:20004351	adult CB0609 neuron	flywire	CB0609	CB0609				CB0609	CB0609
FBbt:20004352	adult CB0610 neuron	flywire	CB0610	CB0610				GNG493	CB0610
FBbt:20004353	adult CB0611 neuron	flywire	CB0611	CB0611				GNG222	CB0611
FBbt:20004354	adult CB0612 neuron	flywire	CB0612	CB0612				GNG492	CB0612
FBbt:20004355	adult CB0615 neuron	flywire	CB0615	CB0615				GNG293	CB0615
FBbt:20004357	adult CB0617 neuron	flywire	CB0617	CB0617				GNG491	CB0617
FBbt:20004358	adult CB0618 neuron	flywire	CB0618	CB0618				GNG213	CB0618
FBbt:20004359	adult CB0619 neuron	flywire	CB0619	CB0619				GNG490	CB0619
FBbt:20004360	adult CB0620 neuron	flywire	CB0620	CB0620				GNG241	CB0620
FBbt:20004361	adult CB0623 neuron	flywire	CB0623	CB0623				AVLP610	CB0623
FBbt:20004362	adult CB0624 neuron	flywire	CB0624	CB0624				PS318	CB0624
FBbt:20004363	adult CB0625 neuron	flywire	CB0625	CB0625				CB0625	CB0625
FBbt:20004364	adult CB0626 neuron	flywire	CB0626	CB0626				GNG103	CB0626
FBbt:20004365	adult CB0627 neuron	flywire	CB0627	CB0627				GNG640	CB0627
FBbt:20004366	adult CB0628 neuron	flywire	CB0628	CB0628				GNG305	CB0628
FBbt:20004367	adult CB0629 neuron	flywire	CB0629	CB0629				CB0629	CB0629
FBbt:20004368	adult CB0630 neuron	flywire	CB0630	CB0630				CB0630	CB0630
FBbt:20004369	adult CB0631 neuron	flywire	CB0631	CB0631				SLP471	CB0631
FBbt:20004370	adult CB0632 neuron	flywire	CB0632	CB0632				VES099	CB0632
FBbt:20004371	adult CB0633 neuron	flywire	CB0633	CB0633				CB0633	CB0633
FBbt:20004372	adult CB0635 neuron	flywire	CB0635	CB0635				IB121	CB0635
FBbt:20004373	adult CB0637 neuron	flywire	CB0637	CB0637				PS305	CB0637
FBbt:20004374	adult CB0638 neuron	flywire	CB0638	CB0638				GNG489	CB0638
FBbt:20004375	adult CB0640 neuron	flywire	CB0640	CB0640				CB0640	CB0640
FBbt:20004376	adult CB0641 neuron	flywire	CB0641	CB0641					CB0641
FBbt:20004377	adult CB0642 neuron	flywire	CB0642	CB0642					CB0642
FBbt:20004378	adult CB0643 neuron	flywire	CB0643	CB0643				GNG488	CB0643
FBbt:20004379	adult CB0644 neuron	flywire	CB0644	CB0644				PS314	CB0644
FBbt:20004380	adult CB0645 neuron	flywire	CB0645	CB0645				CB0645	
FBbt:20004381	adult CB0646 neuron	flywire	CB0646	CB0646				VES091	CB0646
FBbt:20004382	adult CB0647 neuron	flywire	CB0647	CB0647				CB0647	CB0647
FBbt:20004383	adult CB0648 neuron	flywire	CB0648	CB0648				CB0648	CB0648
FBbt:20004384	adult CB0649 neuron	flywire	CB0649	CB0649				GNG670	CB0649
FBbt:20004385	adult CB0650 neuron	flywire	CB0650	CB0650				CB0650	CB0650
FBbt:20004386	adult CB0651 neuron	flywire	CB0651	CB0651				PS310	CB0651
FBbt:20004387	adult CB0652 neuron	flywire	CB0652	CB0652				CB0652	CB0652
FBbt:20004388	adult CB0653 neuron	flywire	CB0653	CB0653				GNG639	CB0653
FBbt:20004389	adult CB0654 neuron	flywire	CB0654	CB0654				PLP262	CB0654
FBbt:20004390	adult CB0655 neuron	flywire	CB0655	CB0655				GNG667	CB0655
FBbt:20004391	adult CB0656 neuron	flywire	CB0656	CB0656				CB0656	CB0656
FBbt:20004392	adult CB0657 neuron	flywire	CB0657	CB0657				CB0657	CB0657
FBbt:20004393	adult CB0658 neuron	flywire	CB0658	CB0658				CL368	CB0658
FBbt:20004394	adult CB0659 neuron	flywire	CB0659	CB0659					CB0659
FBbt:20004395	adult CB0660 neuron	flywire	CB0660	CB0660				IB120	CB0660
FBbt:20004396	adult CB0661 neuron	flywire	CB0661	CB0661				GNG487	CB0661
FBbt:20004397	adult CB0662 neuron	flywire	CB0662	CB0662					CB0662
FBbt:20004398	adult CB0663 neuron	flywire	CB0663	CB0663					CB0663
FBbt:20004399	adult CB0665 neuron	flywire	CB0665	CB0665				GNG486	CB0665
FBbt:20004400	adult CB0666 neuron	flywire	CB0666	CB0666				SIP091	CB0666
FBbt:20004401	adult CB0667 neuron	flywire	CB0667	CB0667				VES094	CB0667
FBbt:20004402	adult CB0668 neuron	flywire	CB0668	CB0668				PLP261	CB0668
FBbt:20004403	adult CB0669 neuron	flywire	CB0669	CB0669				PS317	CB0669
FBbt:20004404	adult CB0670 neuron	flywire	CB0670	CB0670				CB0670	CB0670
FBbt:20004405	adult CB0671 neuron	flywire	CB0671	CB0671				CB0671	CB0671
FBbt:20004406	adult CB0674 neuron	flywire	CB0674	CB0674				VES108	CB0674
FBbt:20004407	adult CB0675 neuron	flywire	CB0675	CB0675				CB0675	CB0675
FBbt:20004408	adult CB0676 neuron	flywire	CB0676	CB0676				PS309	CB0676
FBbt:20004409	adult CB0677 neuron	flywire	CB0677	CB0677				CB0677	CB0677
FBbt:20004410	adult CB0678 neuron	flywire	CB0678	CB0678				GNG485	CB0678
FBbt:20004411	adult CB0679 neuron	flywire	CB0679	CB0679				PS308	CB0679
FBbt:20004412	adult CB0681 neuron	flywire	CB0681	CB0681				PS320	CB0681
FBbt:20004413	adult CB0682 neuron	flywire	CB0682	CB0682				CB0682	CB0682
FBbt:20004414	adult CB0683 neuron	flywire	CB0683	CB0683				CB0683	CB0683
FBbt:20004415	adult CB0684 neuron	flywire	CB0684	CB0684				GNG484	CB0684
FBbt:20004416	adult CB0685 neuron	flywire	CB0685	CB0685				WED194	CB0685
FBbt:20004417	adult CB0687 neuron	flywire	CB0687	CB0687				PRW003	CB0687
FBbt:20004418	adult CB0688 neuron	flywire	CB0688	CB0688				LAL205	CB0688
FBbt:20004419	adult CB0689 neuron	flywire	CB0689	CB0689				LAL207	CB0689
FBbt:20004420	adult CB0690 neuron	flywire	CB0690	CB0690				WED184	CB0690
FBbt:20004421	adult AN_multi_105 neuron	flywire	AN_multi_105	AN_multi_105					
FBbt:20004422	adult AN_SLP_LH_1 neuron	flywire	AN_SLP_LH_1	AN_SLP_LH_1					
FBbt:20004423	adult AN_AVLP_PVLP_5 neuron	flywire	AN_AVLP_PVLP_5	AN_AVLP_PVLP_5				AN05B102c	
FBbt:20004424	adult AN_multi_82 neuron	flywire	AN_multi_82	AN_multi_82					
FBbt:20004425	adult CB0695 neuron	flywire	CB0695	CB0695				CB0695	CB0695
FBbt:20004426	adult CB0696 neuron	flywire	CB0696	CB0696				GNG483	CB0696
FBbt:20004427	adult CB0698 neuron	flywire	CB0698	CB0698				GNG303	
FBbt:20004428	adult CB0699 neuron	flywire	CB0699	CB0699				FLA020	
FBbt:20004429	adult CB0700 neuron	flywire	CB0700	CB0700				MN11D	
FBbt:20004431	adult CB0703 neuron	flywire	CB0703	CB0703				MN3M	
FBbt:20004432	adult CB0704 neuron	flywire	CB0704	CB0704				GNG482	CB0704
FBbt:20004433	adult CB0705 neuron	flywire	CB0705	CB0705				GNG276|GNG283	
FBbt:20004434	adult CB0706 neuron	flywire	CB0706	CB0706				GNG653	
FBbt:20004435	adult CB0707 neuron	flywire	CB0707	CB0707				GNG065	CB0707
FBbt:20004436	adult CB0708 neuron	flywire	CB0708	CB0708				MN11V	
FBbt:20004437	adult CB0709 neuron	flywire	CB0709	CB0709				GNG142	CB0709
FBbt:20004438	adult CB0710 neuron	flywire	CB0710	CB0710					CB0710
FBbt:20004439	adult CB0713 neuron	flywire	CB0713	CB0713				GNG207	CB0713
FBbt:20004440	adult CB0715 neuron	flywire	CB0715	CB0715				MNx04	
FBbt:20004441	adult CB0716 neuron	flywire	CB0716	CB0716				GNG052	CB0716
FBbt:20004442	adult CB0717 neuron	flywire	CB0717	CB0717				GNG481	CB0717
FBbt:20004443	adult CB0718 neuron	flywire	CB0718	CB0718				VES085_a	
FBbt:20004444	adult CB0719 neuron	flywire	CB0719	CB0719					CB0719
FBbt:20004445	adult CB0720 neuron	flywire	CB0720	CB0720				MN1	
FBbt:20004446	adult CB0721 neuron	flywire	CB0721	CB0721				GNG025	CB0721
FBbt:20004447	adult CB0722 neuron	flywire	CB0722	CB0722				GNG627|GNG628	CB0722
FBbt:20004448	adult CB0723 neuron	flywire	CB0723	CB0723				GNG652	CB0723
FBbt:20004449	adult CB0724 neuron	flywire	CB0724	CB0724				GNG479	CB0724
FBbt:20004450	adult CB0726 neuron	flywire	CB0726						
FBbt:20004451	adult CB0727 neuron	flywire	CB0727	CB0727					CB0727
FBbt:20004452	adult CB0728 neuron	flywire	CB0728	CB0728				MN5	
FBbt:20004453	adult CB0731 neuron	flywire	CB0731	CB0731				GNG474	CB0731
FBbt:20004454	adult CB0733 neuron	flywire	CB0733	CB0733				GNG473	CB0733
FBbt:20004455	adult CB0734 neuron	flywire	CB0734	CB0734				CB0734	CB0734
FBbt:20004456	adult CB0736 neuron	flywire	CB0736	CB0736				PRW053	CB0736
FBbt:20004457	adult CB0737 neuron	flywire	CB0737	CB0737				GNG018	
FBbt:20004458	adult CB0738 neuron	flywire	CB0738	CB0738				CB0738	CB0738
FBbt:20004459	adult CB0739 neuron	flywire	CB0739	CB0739					CB0739
FBbt:20004460	adult CB0740 neuron	flywire	CB0740	CB0740				GNG131	CB0740
FBbt:20004461	adult CB0742 neuron	flywire	CB0742	CB0742					CB0742
FBbt:20004462	adult CB0743 neuron	flywire	CB0743	CB0743				CB0743	CB0743
FBbt:20004463	adult CB0744 neuron	flywire	CB0744	CB0744				CB0744	CB0744
FBbt:20004464	adult CB0746 neuron	flywire	CB0746	CB0746				SMP742	CB0746
FBbt:20004465	adult CB0747 neuron	flywire	CB0747	CB0747				AVLP325_b|CB0747	
FBbt:20004466	adult CB0749 neuron	flywire	CB0749	CB0749				AMMC011	CB0749
FBbt:20004467	adult CB0750 neuron	flywire	CB0750	CB0750				GNG668	CB0750
FBbt:20004468	adult CB0751 neuron	flywire	CB0751	CB0751				CB0751	CB0751
FBbt:20004469	adult CB0752 neuron	flywire	CB0752	CB0752				GNG248	CB0752
FBbt:20004470	adult CB0753 neuron	flywire	CB0753	CB0753				GNG125	CB0753
FBbt:20004471	adult CB0754 neuron	flywire	CB0754	CB0754				GNG024	CB0754
FBbt:20004472	adult CB0755 neuron	flywire	CB0755	CB0755				PS315	CB0755
FBbt:20004473	adult CB0756 neuron	flywire	CB0756	CB0756				GNG040	CB0756
FBbt:20004474	adult CB0757 neuron	flywire	CB0757	CB0757					CB0757
FBbt:20004475	adult CB0758 neuron	flywire	CB0758	CB0758				CB0758	CB0758
FBbt:20004476	adult CB0759 neuron	flywire	CB0759	CB0759				GNG227	CB0759
FBbt:20004477	adult CB0761 neuron	flywire	CB0761	CB0761				PRW052	CB0761
FBbt:20004478	adult CB0762 neuron	flywire	CB0762	CB0762				MN7	
FBbt:20004479	adult CB0763 neuron	flywire	CB0763	CB0763				CB0763	CB0763
FBbt:20004480	adult CB0764 neuron	flywire	CB0764	CB0764					
FBbt:20004481	adult CB0765 neuron	flywire	CB0765	CB0765				GNG472	CB0765
FBbt:20004482	adult CB0766 neuron	flywire	CB0766	CB0766					CB0766
FBbt:20004483	adult CB0768 neuron	flywire	CB0768	CB0768				GNG188	CB0768
FBbt:20004484	adult CB0769 neuron	flywire	CB0769	CB0769				MNx05	
FBbt:20004485	adult CB0770 neuron	flywire	CB0770	CB0770				GNG471	CB0770
FBbt:20004486	adult CB0771 neuron	flywire	CB0771	CB0771				GNG174	CB0771
FBbt:20004487	adult CB0772 neuron	flywire	CB0772	CB0772				PRW051	CB0772
FBbt:20004488	adult CB0773 neuron	flywire	CB0773	CB0773				GNG080	CB0773
FBbt:20004489	adult CB0774 neuron	flywire	CB0774	CB0774				GNG111	CB0774
FBbt:20004490	adult CB0775 neuron	flywire	CB0775	CB0775				GNG218	CB0775
FBbt:20004491	adult CB0778 neuron	flywire	CB0778	CB0778				GNG470	CB0778
FBbt:20004492	adult CB0779 neuron	flywire	CB0779	CB0779				GNG073	CB0779
FBbt:20004493	adult CB0781 neuron	flywire	CB0781	CB0781				GNG093	CB0781
FBbt:20004494	adult CB0783 neuron	flywire	CB0783	CB0783				MN2V	
FBbt:20004495	adult CB0784 neuron	flywire	CB0784	CB0784				PS336	CB0784
FBbt:20004496	adult CB0785 neuron	flywire	CB0785	CB0785				CB0785	CB0785
FBbt:20004497	adult CB0786 neuron	flywire	CB0786	CB0786				GNG047	CB0786
FBbt:20004498	adult CB0787 neuron	flywire	CB0787	CB0787				GNG246	CB0787
FBbt:20004499	adult CB0788 neuron	flywire	CB0788	CB0788				GNG164	CB0788
FBbt:20004500	adult CB0789 neuron	flywire	CB0789	CB0789				MN2Da	
FBbt:20004501	adult CB0791 neuron	flywire	CB0791	CB0791				GNG236	CB0791
FBbt:20004502	adult CB0792 neuron	flywire	CB0792	CB0792				GNG109	CB0792
FBbt:20004503	adult CB0793 neuron	flywire	CB0793	CB0793					CB0793
FBbt:20004504	adult CB0795 neuron	flywire	CB0795	CB0795				GNG123	CB0795
FBbt:20004505	adult CB0796 neuron	flywire	CB0796	CB0796					CB0796
FBbt:20004506	adult CB0797 neuron	flywire	CB0797	CB0797				GNG259	CB0797
FBbt:20004507	adult CB0798 neuron	flywire	CB0798	CB0798				GNG469	CB0798
FBbt:20004508	adult CB0799 neuron	flywire	CB0799	CB0799				GNG468	CB0799
FBbt:20004509	adult CB0800 neuron	flywire	CB0800	CB0800				CB0800	CB0800
FBbt:20004510	adult CB0801 neuron	flywire	CB0801	CB0801				GNG099	CB0801
FBbt:20004511	adult CB0802 neuron	flywire	CB0802	CB0802			aMe_TBD1	aMe_TBD1	CB0802
FBbt:20004512	adult CB0803 neuron	flywire	CB0803	CB0803				GNG077	CB0803
FBbt:20004513	adult CB0804 neuron	flywire	CB0804	CB0804				PS349	CB0804
FBbt:20004514	adult CB0806 neuron	flywire	CB0806	CB0806				GNG180|GNG184	CB0806
FBbt:20004515	adult CB0807 neuron	flywire	CB0807	CB0807				GNG186	CB0807
FBbt:20004516	adult CB0809 neuron	flywire	CB0809	CB0809				GNG244	CB0809
FBbt:20004517	adult CB0810 neuron	flywire	CB0810	CB0810				GNG651	CB0810
FBbt:20004518	adult CB0811 neuron	flywire	CB0811	CB0811				GNG467	CB0811
FBbt:20004519	adult CB0812 neuron	flywire	CB0812	CB0812				GNG097	CB0812
FBbt:20004520	adult CB0813 neuron	flywire	CB0813	CB0813				CB0813	CB0813
FBbt:20004521	adult CB0814 neuron	flywire	CB0814	CB0814				GNG466	CB0814
FBbt:20004522	adult CB0815 neuron	flywire	CB0815	CB0815				PS358	CB0815
FBbt:20004524	adult CB0817 neuron	flywire	CB0817	CB0817				GNG027	CB0817
FBbt:20004525	adult CB0819 neuron	flywire	CB0819	CB0819				GNG140	CB0819
FBbt:20004527	adult CB0823 neuron	flywire	CB0823	CB0823				GNG037	CB0823
FBbt:20004528	adult CB0824 neuron	flywire	CB0824	CB0824				GNG169	CB0824
FBbt:20004529	adult CB0825 neuron	flywire	CB0825	CB0825				GNG465	CB0825
FBbt:20004530	adult CB0827 neuron	flywire	CB0827	CB0827				GNG206	CB0827
FBbt:20004531	adult CB0828 neuron	flywire	CB0828	CB0828					CB0828
FBbt:20004532	adult CB0829 neuron	flywire	CB0829	CB0829				CB0829	CB0829
FBbt:20004533	adult CB0830 neuron	flywire	CB0830	CB0830				GNG464	CB0830
FBbt:20004534	adult CB0831 neuron	flywire	CB0831	CB0831				CvN7	
FBbt:20004535	adult CB0832 neuron	flywire	CB0832	CB0832				GNG225	CB0832
FBbt:20004537	adult CB0834 neuron	flywire	CB0834	CB0834				GNG220	CB0834
FBbt:20004538	adult CB0835 neuron	flywire	CB0835	CB0835				GNG650	
FBbt:20004539	adult CB0836 neuron	flywire	CB0836	CB0836				MN13	
FBbt:20004540	adult CB0838 neuron	flywire	CB0838	CB0838				CvN5	
FBbt:20004541	adult CB0839 neuron	flywire	CB0839	CB0839				GNG173	CB0839
FBbt:20004542	adult CB0840 neuron	flywire	CB0840	CB0840				PRW050	CB0840
FBbt:20004543	adult CB0842 neuron	flywire	CB0842	CB0842				GNG214	CB0842
FBbt:20004544	adult CB0844 neuron	flywire	CB0844	CB0844				GNG059	CB0844
FBbt:20004545	adult CB0845 neuron	flywire	CB0845	CB0845				MN4a	
FBbt:20004546	adult CB0847 neuron	flywire	CB0847	CB0847				GNG069	
FBbt:20004547	adult CB0848 neuron	flywire	CB0848	CB0848				GNG463	CB0848
FBbt:20004548	adult CB0850 neuron	flywire	CB0850	CB0850				GNG462	CB0850
FBbt:20004549	adult CB0851 neuron	flywire	CB0851	CB0851				GNG028	
FBbt:20004550	adult CB0853 neuron	flywire	CB0853	CB0853				GNG145	CB0853
FBbt:20004551	adult CB0854 neuron	flywire	CB0854	CB0854				GNG461	CB0854
FBbt:20004552	adult CB0855 neuron	flywire	CB0855	CB0855				GNG226	CB0855
FBbt:20004553	adult CB0856 neuron	flywire	CB0856	CB0856				GNG048	CB0856
FBbt:20004554	adult CB0857 neuron	flywire	CB0857	CB0857				GNG182	CB0857
FBbt:20004556	adult CB0859 neuron	flywire	CB0859	CB0859				GNG178	CB0859
FBbt:20004557	adult CB0860 neuron	flywire	CB0860	CB0860				GNG053	CB0860
FBbt:20004558	adult CB0861 neuron	flywire	CB0861	CB0861				MN2Db	
FBbt:20004559	adult CB0862 neuron	flywire	CB0862	CB0862				GNG015	CB0862
FBbt:20004560	adult CB0863 neuron	flywire	CB0863	CB0863				GNG023	
FBbt:20004561	adult CB0864 neuron	flywire	CB0864	CB0864				GNG136	CB0864
FBbt:20004562	adult CB0865 neuron	flywire	CB0865	CB0865				VES087	CB0865
FBbt:20004563	adult CB0866 neuron	flywire	CB0866	CB0866				GNG179	CB0866
FBbt:20004564	adult CB0867 neuron	flywire	CB0867	CB0867				GNG062	CB0867
FBbt:20004565	adult CB0869 neuron	flywire	CB0869	CB0869				GNG460	CB0869
FBbt:20004566	adult CB0870 neuron	flywire	CB0870	CB0870				GNG083	
FBbt:20004567	adult CB0871 neuron	flywire	CB0871	CB0871				MN4b	
FBbt:20004568	adult CB0872 neuron	flywire	CB0872	CB0872				GNG128	CB0872
FBbt:20004569	adult CB0873 neuron	flywire	CB0873	CB0873				GNG133	CB0873
FBbt:20004570	adult CB0874 neuron	flywire	CB0874	CB0874				PRW049	CB0874
FBbt:20004571	adult CB0875 neuron	flywire	CB0875	CB0875					
FBbt:20004572	adult CB0877 neuron	flywire	CB0877	CB0877				PRW048	CB0877
FBbt:20004573	adult CB0878 neuron	flywire	CB0878	CB0878				SMP741	CB0878
FBbt:20004574	adult CB0879 neuron	flywire	CB0879	CB0879				GNG243	CB0879
FBbt:20004575	adult CB0880 neuron	flywire	CB0880	CB0880				GNG459	CB0880
FBbt:20004576	adult CB0881 neuron	flywire	CB0881	CB0881				GNG072	CB0881
FBbt:20004577	adult CB0882 neuron	flywire	CB0882	CB0882					
FBbt:20004578	adult CB0883 neuron	flywire	CB0883	CB0883				PRW047	CB0883
FBbt:20004579	adult CB0884 neuron	flywire	CB0884	CB0884				GNG061	CB0884
FBbt:20004580	adult CB0885 neuron	flywire	CB0885	CB0885				GNG050	CB0885
FBbt:20004581	adult CB0886 neuron	flywire	CB0886	CB0886				GNG649	CB0886
FBbt:20004582	adult CB0889 neuron	flywire	CB0889	CB0889				GNG096	CB0889
FBbt:20004584	adult CB0891 neuron	flywire	CB0891	CB0891				GNG017	CB0891
FBbt:20004585	adult CB0892 neuron	flywire	CB0892	CB0892				GNG056	CB0892
FBbt:20004586	adult CB0893 neuron	flywire	CB0893	CB0893				GNG234	CB0893
FBbt:20004587	adult CB0894 neuron	flywire	CB0894	CB0894				FLA016	CB0894
FBbt:20004588	adult CB0895 neuron	flywire	CB0895	CB0895				GNG045	CB0895
FBbt:20004589	adult CB0896 neuron	flywire	CB0896	CB0896				GNG036	CB0896
FBbt:20004590	adult CB0897 neuron	flywire	CB0897	CB0897				GNG457	CB0897
FBbt:20004591	adult CB0898 neuron	flywire	CB0898	CB0898				GNG168	CB0898
FBbt:20004592	adult CB0899 neuron	flywire	CB0899	CB0899				CvN4	
FBbt:20004593	adult CB0900 neuron	flywire	CB0900	CB0900				GNG224	CB0900
FBbt:20004594	adult CB0901 neuron	flywire	CB0901	CB0901				PS348	CB0901
FBbt:20004595	adult CB0902 neuron	flywire	CB0902	CB0902				PRW046	CB0902
FBbt:20004596	adult CB0903 neuron	flywire	CB0903	CB0903				GNG095	CB0903
FBbt:20004597	adult CB0904 neuron	flywire	CB0904	CB0904				MNx02	
FBbt:20004598	adult CB0905 neuron	flywire	CB0905						
FBbt:20004599	adult CB0906 neuron	flywire	CB0906	CB0906				GNG068	CB0906
FBbt:20004600	adult CB0907 neuron	flywire	CB0907	CB0907				PRW045	CB0907
FBbt:20004601	adult CB0908 neuron	flywire	CB0908	CB0908				GNG030	CB0908
FBbt:20004602	adult CB0909 neuron	flywire	CB0909	CB0909				GNG292	CB0909
FBbt:20004603	adult CB0910 neuron	flywire	CB0910	CB0910				GNG019	CB0910
FBbt:20004605	adult CB0912 neuron	flywire	CB0912	CB0912				GNG281	CB0912
FBbt:20004606	adult CB0913 neuron	flywire	CB0913	CB0913				GNG648	
FBbt:20004607	adult CB0914 neuron	flywire	CB0914	CB0914					
FBbt:20004608	adult CB0915 neuron	flywire	CB0915	CB0915					
FBbt:20004609	adult CB0916 neuron	flywire	CB0916	CB0916				CvN6	
FBbt:20004610	adult CB0917 neuron	flywire	CB0917	CB0917				GNG456	CB0917
FBbt:20004611	adult CB0918 neuron	flywire	CB0918	CB0918				GNG647	
FBbt:20004612	adult CB0919 neuron	flywire	CB0919	CB0919				GNG216	CB0919
FBbt:20004613	adult CB0920 neuron	flywire	CB0920	CB0920				GNG171	CB0920
FBbt:20004614	adult CB0921 neuron	flywire	CB0921	CB0921				GNG081	CB0921
FBbt:20004615	adult CB0922 neuron	flywire	CB0922	CB0922				GNG455	CB0922
FBbt:20004616	adult CB0923 neuron	flywire	CB0923	CB0923				GNG021	CB0923
FBbt:20004617	adult CB0924 neuron	flywire	CB0924	CB0924				AVLP177_a	CB0924
FBbt:20004618	adult CB0925 neuron	flywire	CB0925	CB0925				CB0925	CB0925
FBbt:20004619	adult CB0926 neuron	flywire	CB0926	CB0926				CB0926	
FBbt:20004620	adult CB0927 neuron	flywire	CB0927	CB0927				CB0927	CB0927
FBbt:20004621	adult CB0929 neuron	flywire	CB0929	CB0929				CB0929	CB0929
FBbt:20004622	adult CB0930 neuron	flywire	CB0930	CB0930				AVLP224_b|CB0930	CB0930
FBbt:20004623	adult CB0931 neuron	flywire	CB0931	CB0931				SIP021_b	CB0931
FBbt:20004624	adult CB0932 neuron	flywire	CB0932	CB0932					CB0932
FBbt:20004625	adult CB0933 neuron	flywire	CB0933	CB0933					
FBbt:20004626	adult CB0934 neuron	flywire	CB0934	CB0934					
FBbt:20004628	adult CB0937 neuron	flywire	CB0937	CB0937				CB0937	CB0937
FBbt:20004629	adult CB0938 neuron	flywire	CB0938	CB0938				LHAD1i2_b	
FBbt:20004630	adult CB0939 neuron	flywire	CB0939	CB0939					CB0939
FBbt:20004632	adult CB0942 neuron	flywire	CB0942	CB0942					CB0942
FBbt:20004633	adult CB0943 neuron	flywire	CB0943	CB0943				CB0943	CB0943
FBbt:20004634	adult CB0944 neuron	flywire	CB0944	CB0944					CB0944
FBbt:20004635	adult CB0945 neuron	flywire	CB0945	CB0945				SLP122_b	CB0945
FBbt:20004636	adult CB0946 neuron	flywire	CB0946	CB0946				CB0946	CB0946
FBbt:20004637	adult CB0947 neuron	flywire	CB0947	CB0947				CB0947	CB0947
FBbt:20004638	adult CB0948 neuron	flywire	CB0948	CB0948					CB0948
FBbt:20004640	adult CB0950 neuron	flywire	CB0950	CB0950					CB0950
FBbt:20004641	adult CB0951 neuron	flywire	CB0951	CB0951				CB0951	CB0951
FBbt:20004642	adult CB0952 neuron	flywire	CB0952	CB0952				LHPV3a3_b	CB0952
FBbt:20004643	adult CB0955 neuron	flywire	CB0955	CB0955					CB0955
FBbt:20004644	adult CB0956 neuron	flywire	CB0956	CB0956				CB0956	CB0956
FBbt:20004645	adult CB0957 neuron	flywire	CB0957	CB0957				AMMC036	CB0957
FBbt:20004646	adult CB0958 neuron	flywire	CB0958	CB0958					CB0958
FBbt:20004647	adult CB0959 neuron	flywire	CB0959	CB0959					CB0959
FBbt:20004648	adult CB0960 neuron	flywire	CB0960	CB0960					
FBbt:20004649	adult CB0961 neuron	flywire	CB0961	CB0961				GNG454	CB0961
FBbt:20004650	adult CB0962 neuron	flywire	CB0962	CB0962					CB0962
FBbt:20004651	adult CB0963 neuron	flywire	CB0963	CB0963				GNG453	CB0963
FBbt:20004652	adult CB0964 neuron	flywire	CB0964	CB0964				GNG452	CB0964
FBbt:20004653	adult CB0965 neuron	flywire	CB0965	CB0965					CB0965
FBbt:20004654	adult CB0966 neuron	flywire	CB0966	CB0966					CB0966
FBbt:20004655	adult CB0967 neuron	flywire	CB0967	CB0967					CB0967
FBbt:20004656	adult CB0968 neuron	flywire	CB0968	CB0968					CB0968
FBbt:20004657	adult CB0969 neuron	flywire	CB0969	CB0969					CB0969
FBbt:20004658	adult CB0971 neuron	flywire	CB0971	CB0971					CB0971
FBbt:20004659	adult CB0972 neuron	flywire	CB0972	CB0972				CB0972	CB0972
FBbt:20004660	adult CB0973 neuron	flywire	CB0973	CB0973				CB0973	CB0973
FBbt:20004661	adult CB0974 neuron	flywire	CB0974						
FBbt:20004662	adult CB0975 neuron	flywire	CB0975	CB0975				CB0975	CB0975
FBbt:20004663	adult CB0976 neuron	flywire	CB0976	CB0976				CB0976	CB0976
FBbt:20004664	adult CB0977 neuron	flywire	CB0977	CB0977				GNG635	CB0977
FBbt:20004665	adult CB0978 neuron	flywire	CB0978	CB0978				AMMC004	CB0978
FBbt:20004666	adult CB0979 neuron	flywire	CB0979	CB0979					CB0979
FBbt:20004667	adult CB0980 neuron	flywire	CB0980	CB0980				AMMC026	CB0980
FBbt:20004668	adult CB0981 neuron	flywire	CB0981	CB0981				PS345	CB0981
FBbt:20004669	adult CB0982 neuron	flywire	CB0982	CB0982				CB0982	CB0982
FBbt:20004670	adult CB0983 neuron	flywire	CB0983	CB0983				PS351	CB0983
FBbt:20004671	adult CB0984 neuron	flywire	CB0984	CB0984				VES102	CB0984
FBbt:20004672	adult CB0985 neuron	flywire	CB0985	CB0985					CB0985
FBbt:20004673	adult CB0986 neuron	flywire	CB0986	CB0986				CB0986	CB0986
FBbt:20004674	adult CB0987 neuron	flywire	CB0987	CB0987				PS326	CB0987
FBbt:20004675	adult CB0988 neuron	flywire	CB0988	CB0988					CB0988
FBbt:20004676	adult CB0989 neuron	flywire	CB0989	CB0989				AMMC020	CB0989
FBbt:20004677	adult CB0990 neuron	flywire	CB0990	CB0990					CB0990
FBbt:20004679	adult CB0992 neuron	flywire	CB0992	CB0992				CB0992	CB0992
FBbt:20004680	adult CB0993 neuron	flywire	CB0993	CB0993				CB0993	CB0993
FBbt:20004681	adult CB0994 neuron	flywire	CB0994	CB0994				CB0994	CB0994
FBbt:20004682	adult CB0996 neuron	flywire	CB0996	CB0996				CB0996	CB0996
FBbt:20004683	adult CB0997 neuron	flywire	CB0997	CB0997					CB0997
FBbt:20004684	adult CB0998 neuron	flywire	CB0998	CB0998				CB0998	CB0998
FBbt:20004685	adult CB0999 neuron	flywire	CB0999	CB0999					CB0999
FBbt:20004686	adult CB1000 neuron	flywire	CB1000	CB1000				CB1000	
FBbt:20004687	adult CB1001 neuron	flywire	CB1001	CB1001					CB1001
FBbt:20004688	adult CB1002 neuron	flywire	CB1002	CB1002					CB1002
FBbt:20004689	adult CB1003 neuron	flywire	CB1003	CB1003				LHAV4e1_b	CB1003
FBbt:20004690	adult CB1005 neuron	flywire	CB1005	CB1005				CB1005	CB1005
FBbt:20004691	adult CB1006 neuron	flywire	CB1006	CB1006					CB1006
FBbt:20004692	adult CB1007 neuron	flywire	CB1007	CB1007				CB1007	CB1007
FBbt:20004693	adult CB1008 neuron	flywire	CB1008	CB1008				CB1008	CB1008
FBbt:20004694	adult CB1009 neuron	flywire	CB1009	CB1009				CB1009	CB1009
FBbt:20004695	adult CB1010 neuron	flywire	CB1010	CB1010					
FBbt:20004696	adult CB1011 neuron	flywire	CB1011					CB1011	CB1011
FBbt:20004697	adult CB1012 neuron	flywire	CB1012	CB1012				CB1012	CB1012
FBbt:20004698	adult CB1013 neuron	flywire	CB1013	CB1013					CB1013
FBbt:20004699	adult CB1014 neuron	flywire	CB1014	CB1014				PS033_a	CB1014
FBbt:20004700	adult CB1015 neuron	flywire	CB1015	CB1015					
FBbt:20004701	adult CB1016 neuron	flywire	CB1016	CB1016					CB1016
FBbt:20004702	adult CB1017 neuron	flywire	CB1017	CB1017				CB1017	CB1017
FBbt:20004703	adult CB1018 neuron	flywire	CB1018	CB1018					CB1018
FBbt:20004704	adult CB1020 neuron	flywire	CB1020	CB1020				CB1020	
FBbt:20004705	adult CB1021 neuron	flywire	CB1021	CB1021				GNG626|GNG624|GNG625	CB1021
FBbt:20004706	adult CB1022 neuron	flywire	CB1022	CB1022					CB1022
FBbt:20004707	adult CB1023 neuron	flywire	CB1023	CB1023				CB1023	CB1023
FBbt:20004708	adult CB1024 neuron	flywire	CB1024	CB1024				CB1024	CB1024
FBbt:20004709	adult CB1025 neuron	flywire	CB1025	CB1025					CB1025
FBbt:20004710	adult CB1026 neuron	flywire	CB1026	CB1026				CB1026	CB1026
FBbt:20004711	adult CB1028 neuron	flywire	CB1028	CB1028					CB1028
FBbt:20004712	adult CB1029 neuron	flywire	CB1029	CB1029					CB1029
FBbt:20004713	adult CB1030 neuron	flywire	CB1030	CB1030				CB1030	CB1030
FBbt:20004714	adult CB1031 neuron	flywire	CB1031	CB1031					CB1031
FBbt:20004715	adult CB1032 neuron	flywire	CB1032	CB1032				SLP283,SLP284	CB1032
FBbt:20004716	adult CB1033 neuron	flywire	CB1033	CB1033				CB1033	CB1033
FBbt:20004717	adult CB1035 neuron	flywire	CB1035	CB1035				CB1035	CB1035
FBbt:20004718	adult CB1036 neuron	flywire	CB1036	CB1036				GNG239	
FBbt:20004719	adult CB1037 neuron	flywire	CB1037	CB1037					CB1037
FBbt:20004720	adult CB1038 neuron	flywire	CB1038	CB1038					CB1038
FBbt:20004721	adult CB1039 neuron	flywire	CB1039	CB1039				GNG269	CB1039
FBbt:20004722	adult CB1040 neuron	flywire	CB1040	CB1040					CB1040
FBbt:20004723	adult CB1041 neuron	flywire	CB1041						
FBbt:20004724	adult CB1042 neuron	flywire	CB1042	CB1042					CB1042
FBbt:20004725	adult CB1043 neuron	flywire	CB1043	CB1043					CB1043
FBbt:20004726	adult CB1044 neuron	flywire	CB1044	CB1044				CB1044	CB1044
FBbt:20004727	adult CB1045 neuron	flywire	CB1045	CB1045					CB1045
FBbt:20004728	adult CB1046 neuron	flywire	CB1046	CB1046				WED143_c	CB1046
FBbt:20004729	adult CB1047 neuron	flywire	CB1047	CB1047				CB1047	CB1047
FBbt:20004730	adult CB1048 neuron	flywire	CB1048	CB1048				CB1048	CB1048
FBbt:20004731	adult CB1049 neuron	flywire	CB1049	CB1049				PRW044	CB1049
FBbt:20004732	adult CB1050 neuron	flywire	CB1050	CB1050				CB1050	
FBbt:20004733	adult CB1051 neuron	flywire	CB1051	CB1051					CB1051
FBbt:20004734	adult CB1053 neuron	flywire	CB1053	CB1053					CB1053
FBbt:20004735	adult CB1054 neuron	flywire	CB1054	CB1054					CB1054
FBbt:20004736	adult CB1055 neuron	flywire	CB1055	CB1055				CB1055	CB1055
FBbt:20004737	adult CB1056 neuron	flywire	CB1056	CB1056				CB1056	CB1056
FBbt:20004738	adult CB1057 neuron	flywire	CB1057	CB1057				CB1057	CB1057
FBbt:20004739	adult CB1058 neuron	flywire	CB1058	CB1058					CB1058
FBbt:20004740	adult CB1059 neuron	flywire	CB1059	CB1059				CB1059	CB1059
FBbt:20004741	adult CB1060 neuron	flywire	CB1060	CB1060				CB1060	CB1060
FBbt:20004742	adult CB1061 neuron	flywire	CB1061	CB1061					CB1061
FBbt:20004743	adult CB1062 neuron	flywire	CB1062	CB1062				CB1062	CB1062
FBbt:20004744	adult CB1063 neuron	flywire	CB1063	CB1063					CB1063
FBbt:20004745	adult CB1064 neuron	flywire	CB1064	CB1064					CB1064
FBbt:20004746	adult CB1065 neuron	flywire	CB1065	CB1065				CB1065	CB1065
FBbt:20004747	adult CB1066 neuron	flywire	CB1066	CB1066					CB1066
FBbt:20004748	adult CB1067 neuron	flywire	CB1067	CB1067					CB1067
FBbt:20004749	adult CB1068 neuron	flywire	CB1068	CB1068					CB1068
FBbt:20004750	adult CB1069 neuron	flywire	CB1069	CB1069					CB1069
FBbt:20004751	adult CB1071 neuron	flywire	CB1071	CB1071					CB1071
FBbt:20004752	adult CB1072 neuron	flywire	CB1072	CB1072				CB1072	CB1072
FBbt:20004753	adult CB1073 neuron	flywire	CB1073	CB1073				CB1073	CB1073
FBbt:20004754	adult CB1074 neuron	flywire	CB1074	CB1074				CB1074	CB1074
FBbt:20004755	adult CB1075 neuron	flywire	CB1075						
FBbt:20004756	adult CB1076 neuron	flywire	CB1076	CB1076				CB1076	CB1076
FBbt:20004757	adult CB1077 neuron	flywire	CB1077	CB1077				CB1077	CB1077
FBbt:20004758	adult CB1078 neuron	flywire	CB1078	CB1078				CB1078|SAD051_b|SAD051_a	CB1078
FBbt:20004759	adult CB1079 neuron	flywire	CB1079	CB1079				CB1079	CB1079
FBbt:20004760	adult CB1080 neuron	flywire	CB1080	CB1080				AOTU002_c|AOTU002_b	CB1080
FBbt:20004761	adult CB1081 neuron	flywire	CB1081	CB1081				CB1081	CB1081
FBbt:20004762	adult CB1083 neuron	flywire	CB1083	CB1083					CB1083
FBbt:20004763	adult CB1084 neuron	flywire	CB1084	CB1084					CB1084
FBbt:20004764	adult CB1085 neuron	flywire	CB1085	CB1085				CB1085	CB1085
FBbt:20004765	adult CB1086 neuron	flywire	CB1086	CB1086					CB1086
FBbt:20004766	adult CB1087 neuron	flywire	CB1087	CB1087				CB1087	
FBbt:20004767	adult CB1088 neuron	flywire	CB1088	CB1088				CB1088	
FBbt:20004768	adult CB1089 neuron	flywire	CB1089	CB1089				CB1089	CB1089
FBbt:20004769	adult CB1090 neuron	flywire	CB1090	CB1090				aSP10A_b	CB1090
FBbt:20004770	adult CB1091 neuron	flywire	CB1091	CB1091					CB1091
FBbt:20004771	adult CB1092 neuron	flywire	CB1092	CB1092					CB1092
FBbt:20004772	adult CB1093 neuron	flywire	CB1093	CB1093					CB1093
FBbt:20004773	adult CB1094 neuron	flywire	CB1094	CB1094				CB1094	CB1094
FBbt:20004774	adult CB1095 neuron	flywire	CB1095	CB1095				PRW043	CB1095
FBbt:20004775	adult CB1096 neuron	flywire	CB1096	CB1096				PRW042	CB1096
FBbt:20004776	adult CB1097 neuron	flywire	CB1097	CB1097					CB1097
FBbt:20004777	adult CB1098 neuron	flywire	CB1098	CB1098				AMMC015	CB1098
FBbt:20004778	adult CB1099 neuron	flywire	CB1099	CB1099				CB1099	CB1099
FBbt:20004779	adult CB1100 neuron	flywire	CB1100	CB1100					CB1100
FBbt:20004780	adult CB1101 neuron	flywire	CB1101	CB1101					CB1101
FBbt:20004781	adult CB1102 neuron	flywire	CB1102	CB1102					CB1102
FBbt:20004782	adult CB1103 neuron	flywire	CB1103	CB1103				CB1103	CB1103
FBbt:20004783	adult CB1104 neuron	flywire	CB1104	CB1104				CB1104	CB1104
FBbt:20004784	adult CB1105 neuron	flywire	CB1105	CB1105				SLP341_a	CB1105
FBbt:20004785	adult CB1106 neuron	flywire	CB1106	CB1106					CB1106
FBbt:20004786	adult CB1107 neuron	flywire	CB1107	CB1107					CB1107
FBbt:20004787	adult CB1108 neuron	flywire	CB1108	CB1108				CB1108	CB1108
FBbt:20004788	adult CB1109 neuron	flywire	CB1109	CB1109				CB1109	CB1109
FBbt:20004789	adult CB1110 neuron	flywire	CB1110	CB1110					CB1110
FBbt:20004790	adult CB1111 neuron	flywire	CB1111	CB1111					
FBbt:20004791	adult CB1112 neuron	flywire	CB1112	CB1112				AVLP261_a	CB1112
FBbt:20004792	adult CB1113 neuron	flywire	CB1113	CB1113				LHAV2k12_b	CB1113
FBbt:20004793	adult CB1114 neuron	flywire	CB1114	CB1114				CB1114	CB1114
FBbt:20004794	adult CB1115 neuron	flywire	CB1115	CB1115					CB1115
FBbt:20004795	adult CB1116 neuron	flywire	CB1116	CB1116				CB1116	
FBbt:20004796	adult CB1117 neuron	flywire	CB1117	CB1117					
FBbt:20004797	adult CB1118 neuron	flywire	CB1118						
FBbt:20004798	adult CB1119 neuron	flywire	CB1119	CB1119					CB1119
FBbt:20004799	adult CB1120 neuron	flywire	CB1120	CB1120				GNG445	CB1120
FBbt:20004800	adult CB1121 neuron	flywire	CB1121	CB1121				GNG058	CB1121
FBbt:20004801	adult CB1122 neuron	flywire	CB1122	CB1122				VES095	CB1122
FBbt:20004802	adult CB1124 neuron	flywire	CB1124	CB1124				CB1124	CB1124
FBbt:20004803	adult CB1125 neuron	flywire	CB1125	CB1125					CB1125
FBbt:20004804	adult CB1126 neuron	flywire	CB1126	CB1126				SIP042_b|SIP042_a	CB1126
FBbt:20004805	adult CB1127 neuron	flywire	CB1127	CB1127					CB1127
FBbt:20004806	adult CB1128 neuron	flywire	CB1128	CB1128				CB1128	CB1128
FBbt:20004807	adult CB1129 neuron	flywire	CB1129	CB1129					CB1129
FBbt:20004808	adult CB1130 neuron	flywire	CB1130	CB1130					CB1130
FBbt:20004809	adult CB1131 neuron	flywire	CB1131	CB1131				CB1131	CB1131
FBbt:20004810	adult CB1132 neuron	flywire	CB1132	CB1132					CB1132
FBbt:20004811	adult CB1133 neuron	flywire	CB1133						
FBbt:20004812	adult CB1136 neuron	flywire	CB1136						
FBbt:20004813	adult CB1138 neuron	flywire	CB1138	CB1138					CB1138
FBbt:20004814	adult CB1139 neuron	flywire	CB1139	CB1139				CB1139	CB1139
FBbt:20004815	adult CB1140 neuron	flywire	CB1140	CB1140				CB1140	CB1140
FBbt:20004816	adult CB1141 neuron	flywire	CB1141	CB1141					CB1141
FBbt:20004817	adult CB1142 neuron	flywire	CB1142	CB1142				CB1142	CB1142
FBbt:20004818	adult CB1143 neuron	flywire	CB1143	CB1143					CB1143
FBbt:20004819	adult CB1144 neuron	flywire	CB1144	CB1144					CB1144
FBbt:20004820	adult CB1145 neuron	flywire	CB1145	CB1145				CB1145	CB1145
FBbt:20004822	adult CB1148 neuron	flywire	CB1148	CB1148				CB1148	CB1148
FBbt:20004823	adult CB1149 neuron	flywire	CB1149	CB1149				CB1149	CB1149
FBbt:20004824	adult CB1150 neuron	flywire	CB1150	CB1150				CB1150	CB1150
FBbt:20004825	adult CB1151 neuron	flywire	CB1151	CB1151				CB1151	CB1151
FBbt:20004826	adult CB1152 neuron	flywire	CB1152	CB1152					CB1152
FBbt:20004827	adult CB1153 neuron	flywire	CB1153	CB1153					CB1153
FBbt:20004828	adult CB1154 neuron	flywire	CB1154	CB1154				CB1154	CB1154
FBbt:20004829	adult CB1155 neuron	flywire	CB1155	CB1155				SLP179_a	CB1155
FBbt:20004830	adult CB1156 neuron	flywire	CB1156	CB1156				CB1156	CB1156
FBbt:20004832	adult CB1159 neuron	flywire	CB1159	CB1159					CB1159
FBbt:20004833	adult CB1160 neuron	flywire	CB1160	CB1160				CB1160	CB1160
FBbt:20004834	adult CB1161 neuron	flywire	CB1161	CB1161					CB1161
FBbt:20004835	adult CB1163 neuron	flywire	CB1163	CB1163					CB1163
FBbt:20004836	adult CB1165 neuron	flywire	CB1165	CB1165				CB1165	CB1165
FBbt:20004838	adult CB1167 neuron	flywire	CB1167	CB1167					CB1167
FBbt:20004839	adult CB1168 neuron	flywire	CB1168	CB1168				CB1168	CB1168
FBbt:20004840	adult CB1169 neuron	flywire	CB1169	CB1169				SAD117	CB1169
FBbt:20004841	adult CB1170 neuron	flywire	CB1170	CB1170					CB1170
FBbt:20004842	adult CB1171 neuron	flywire	CB1171	CB1171				CB1171	CB1171
FBbt:20004843	adult CB1172 neuron	flywire	CB1172	CB1172					CB1172
FBbt:20004844	adult CB1173 neuron	flywire	CB1173	CB1173					CB1173
FBbt:20004845	adult CB1174 neuron	flywire	CB1174	CB1174				CB1174	CB1174
FBbt:20004846	adult CB1175 neuron	flywire	CB1175	CB1175					CB1175
FBbt:20004847	adult CB1176 neuron	flywire	CB1176	CB1176				WED040_a	CB1176
FBbt:20004848	adult CB1178 neuron	flywire	CB1178	CB1178				CB1178	CB1178
FBbt:20004849	adult CB1179 neuron	flywire	CB1179	CB1179				CB1179	CB1179
FBbt:20004850	adult CB1181 neuron	flywire	CB1181	CB1181				CB1181	CB1181
FBbt:20004851	adult CB1182 neuron	flywire	CB1182	CB1182					CB1182
FBbt:20004852	adult CB1183 neuron	flywire	CB1183	CB1183					CB1183
FBbt:20004853	adult CB1184 neuron	flywire	CB1184	CB1184					CB1184
FBbt:20004854	adult CB1185 neuron	flywire	CB1185	CB1185				CB1185	CB1185
FBbt:20004856	adult CB1187 neuron	flywire	CB1187	CB1187				CB1187	
FBbt:20004857	adult CB1188 neuron	flywire	CB1188	CB1188					CB1188
FBbt:20004858	adult CB1189 neuron	flywire	CB1189	CB1189				CB1189	CB1189
FBbt:20004859	adult CB1190 neuron	flywire	CB1190	CB1190				CB1190	CB1190
FBbt:20004860	adult CB1191 neuron	flywire	CB1191	CB1191				SLP088_b	CB1191
FBbt:20004861	adult CB1192 neuron	flywire	CB1192	CB1192					CB1192
FBbt:20004862	adult CB1193 neuron	flywire	CB1193	CB1193				CB1193	CB1193
FBbt:20004863	adult CB1194 neuron	flywire	CB1194	CB1194				CB1194	
FBbt:20004864	adult CB1195 neuron	flywire	CB1195	CB1195					CB1195
FBbt:20004865	adult CB1196 neuron	flywire	CB1196	CB1196					CB1196
FBbt:20004866	adult CB1197 neuron	flywire	CB1197	CB1197					CB1197
FBbt:20004867	adult CB1198 neuron	flywire	CB1198	CB1198					CB1198
FBbt:20004868	adult CB1199 neuron	flywire	CB1199	CB1199					CB1199
FBbt:20004869	adult CB1200 neuron	flywire	CB1200	CB1200				CB1200	CB1200
FBbt:20004870	adult CB1201 neuron	flywire	CB1201	CB1201				CB1201	CB1201
FBbt:20004871	adult CB1202 neuron	flywire	CB1202	CB1202				WED020_a|CB1202	CB1202
FBbt:20004872	adult CB1203 neuron	flywire	CB1203	CB1203					CB1203
FBbt:20004873	adult CB1205 neuron	flywire	CB1205	CB1205				CB1205	CB1205
FBbt:20004874	adult CB1206 neuron	flywire	CB1206	CB1206				CB1206	CB1206
FBbt:20004875	adult CB1207 neuron	flywire	CB1207	CB1207					CB1207
FBbt:20004876	adult CB1208 neuron	flywire	CB1208	CB1208				CB1208	CB1208
FBbt:20004878	adult CB1210 neuron	flywire	CB1210	CB1210					CB1210
FBbt:20004879	adult CB1211 neuron	flywire	CB1211	CB1211					CB1211
FBbt:20004880	adult CB1212 neuron	flywire	CB1212	CB1212				CB1212	CB1212
FBbt:20004881	adult CB1213 neuron	flywire	CB1213	CB1213				CB1213	
FBbt:20004882	adult CB1214 neuron	flywire	CB1214	CB1214					CB1214
FBbt:20004883	adult CB1215 neuron	flywire	CB1215						CB1215
FBbt:20004884	adult CB1217 neuron	flywire	CB1217	CB1217				LHAV4g7_a	CB1217
FBbt:20004885	adult CB1218 neuron	flywire	CB1218						CB1218
FBbt:20004886	adult CB1219 neuron	flywire	CB1219	CB1219				CB1219	CB1219
FBbt:20004887	adult CB1220 neuron	flywire	CB1220	CB1220				CB1220	CB1220
FBbt:20004888	adult CB1221 neuron	flywire	CB1221	CB1221					CB1221
FBbt:20004889	adult CB1222 neuron	flywire	CB1222	CB1222				CB1222	CB1222
FBbt:20004890	adult CB1223 neuron	flywire	CB1223	CB1223					CB1223
FBbt:20004891	adult CB1224 neuron	flywire	CB1224	CB1224					CB1224
FBbt:20004892	adult CB1225 neuron	flywire	CB1225	CB1225					CB1225
FBbt:20004893	adult CB1226 neuron	flywire	CB1226	CB1226					CB1226
FBbt:20004894	adult CB1227 neuron	flywire	CB1227	CB1227				CB1227	CB1227
FBbt:20004895	adult CB1228 neuron	flywire	CB1228	CB1228					CB1228
FBbt:20004896	adult CB1229 neuron	flywire	CB1229	CB1229				GNG444	CB1229
FBbt:20004897	adult CB1230 neuron	flywire	CB1230	CB1230				PRW041	CB1230
FBbt:20004898	adult CB1231 neuron	flywire	CB1231	CB1231					CB1231
FBbt:20004899	adult CB1232 neuron	flywire	CB1232	CB1232				GNG443	CB1232
FBbt:20004900	adult CB1233 neuron	flywire	CB1233	CB1233				CB1233	CB1233
FBbt:20004901	adult CB1234 neuron	flywire	CB1234	FLA101f_a					FLA101f_a
FBbt:20004902	adult CB1235 neuron	flywire	CB1235	CB1235					CB1235
FBbt:20004903	adult CB1236 neuron	flywire	CB1236	CB1236				AVLP176_d	CB1236
FBbt:20004904	adult CB1237 neuron	flywire	CB1237	CB1237				CB1237	CB1237
FBbt:20004905	adult CB1238 neuron	flywire	CB1238	CB1238				CB1238	CB1238
FBbt:20004906	adult CB1239 neuron	flywire	CB1239						
FBbt:20004907	adult CB1240 neuron	flywire	CB1240	CB1240					
FBbt:20004908	adult CB1241 neuron	flywire	CB1241	CB1241				CB1241	CB1241
FBbt:20004909	adult CB1242 neuron	flywire	CB1242	CB1242				CB1242	CB1242
FBbt:20004910	adult CB1243 neuron	flywire	CB1243	CB1243					
FBbt:20004911	adult CB1244 neuron	flywire	CB1244						CB1244
FBbt:20004912	adult CB1245 neuron	flywire	CB1245						CB1245
FBbt:20004913	adult CB1246 neuron	flywire	CB1246	CB1246				CB1246	CB1246
FBbt:20004914	adult CB1247 neuron	flywire	CB1247	CB1247				CB1247	CB1247
FBbt:20004915	adult CB1248 neuron	flywire	CB1248	CB1248					
FBbt:20004916	adult CB1249 neuron	flywire	CB1249	CB1249				CB1249	CB1249
FBbt:20004917	adult CB1250 neuron	flywire	CB1250	CB1250					CB1250
FBbt:20004918	adult CB1251 neuron	flywire	CB1251	CB1251					CB1251
FBbt:20004919	adult CB1252 neuron	flywire	CB1252	CB1252				CB1252	CB1252
FBbt:20004920	adult CB1253 neuron	flywire	CB1253	CB1253				SMP740	CB1253
FBbt:20004921	adult CB1254 neuron	flywire	CB1254	CB1254					
FBbt:20004922	adult CB1255 neuron	flywire	CB1255	CB1255				CB1255	CB1255
FBbt:20004923	adult CB1256 neuron	flywire	CB1256	CB1256					CB1256
FBbt:20004924	adult CB1258 neuron	flywire	CB1258	CB1258					CB1258
FBbt:20004925	adult CB1259 neuron	flywire	CB1259	CB1259					CB1259
FBbt:20004926	adult CB1260 neuron	flywire	CB1260	CB1260				CB1260	CB1260
FBbt:20004927	adult CB1261 neuron	flywire	CB1261	FLA101f_c					FLA101f_c
FBbt:20004928	adult CB1262 neuron	flywire	CB1262	CB1262					CB1262
FBbt:20004929	adult CB1263 neuron	flywire	CB1263	CB1263				CB1263	CB1263
FBbt:20004930	adult CB1264 neuron	flywire	CB1264	CB1264				GNG442	CB1264
FBbt:20004931	adult CB1265 neuron	flywire	CB1265	CB1265				CB1265	CB1265
FBbt:20004932	adult CB1266 neuron	flywire	CB1266	CB1266					CB1266
FBbt:20004933	adult CB1267 neuron	flywire	CB1267	CB1267				PRW040	CB1267
FBbt:20004934	adult CB1268 neuron	flywire	CB1268	CB1268				CB1268	CB1268
FBbt:20004935	adult CB1269 neuron	flywire	CB1269	CB1269				CB1269	CB1269
FBbt:20004936	adult CB1270 neuron	flywire	CB1270	CB1270					CB1270
FBbt:20004937	adult CB1271 neuron	flywire	CB1271	CB1271					CB1271
FBbt:20004938	adult CB1272 neuron	flywire	CB1272	CB1272				SLP094_a	CB1272
FBbt:20004939	adult CB1273 neuron	flywire	CB1273	CB1273					CB1273
FBbt:20004940	adult CB1274 neuron	flywire	CB1274	CB1274				CB1274	CB1274
FBbt:20004941	adult CB1275 neuron	flywire	CB1275	CB1275				CB1275	CB1275
FBbt:20004942	adult CB1276 neuron	flywire	CB1276	CB1276				CB1276	CB1276
FBbt:20004943	adult CB1278 neuron	flywire	CB1278	CB1278					CB1278
FBbt:20004944	adult CB1279 neuron	flywire	CB1279	CB1279					CB1279
FBbt:20004945	adult CB1280 neuron	flywire	CB1280	CB1280				CB1280	CB1280
FBbt:20004946	adult CB1281 neuron	flywire	CB1281	CB1281				CB1281	
FBbt:20004947	adult CB1282 neuron	flywire	CB1282	CB1282				CB1282	CB1282
FBbt:20004948	adult CB1283 neuron	flywire	CB1283	CB1283				WED143_b	CB1283
FBbt:20004949	adult CB1284 neuron	flywire	CB1284	CB1284					
FBbt:20004950	adult CB1285 neuron	flywire	CB1285						
FBbt:20004951	adult CB1286 neuron	flywire	CB1286	CB1286				CB1286	CB1286
FBbt:20004952	adult CB1287 neuron	flywire	CB1287	CB1287				CB1287	CB1287
FBbt:20004953	adult CB1288 neuron	flywire	CB1288	CB1288					CB1288
FBbt:20004954	adult CB1289 neuron	flywire	CB1289	CB1289				CB1289	CB1289
FBbt:20004956	adult CB1291 neuron	flywire	CB1291	CB1291				GNG662	CB1291
FBbt:20004957	adult CB1292 neuron	flywire	CB1292	CB1292					CB1292
FBbt:20004958	adult CB1293 neuron	flywire	CB1293	CB1293					CB1293
FBbt:20004959	adult CB1294 neuron	flywire	CB1294	CB1294					CB1294
FBbt:20004960	adult CB1295 neuron	flywire	CB1295	CB1295				PRW039	CB1295
FBbt:20004961	adult CB1297 neuron	flywire	CB1297	CB1297					CB1297
FBbt:20004962	adult CB1298 neuron	flywire	CB1298	CB1298					CB1298
FBbt:20004963	adult CB1299 neuron	flywire	CB1299	CB1299				CB1299	CB1299
FBbt:20004964	adult CB1300 neuron	flywire	CB1300	CB1300				CB1300	CB1300
FBbt:20004965	adult CB1301 neuron	flywire	CB1301	CB1301				CB1301	CB1301
FBbt:20004966	adult CB1302 neuron	flywire	CB1302	CB1302				CB1302	CB1302
FBbt:20004967	adult CB1303 neuron	flywire	CB1303	CB1303				GNG039	CB1303
FBbt:20004968	adult CB1304 neuron	flywire	CB1304	CB1304				GNG441	CB1304
FBbt:20004969	adult CB1305 neuron	flywire	CB1305	CB1305					CB1305
FBbt:20004970	adult CB1306 neuron	flywire	CB1306	CB1306				SLP094_b	CB1306
FBbt:20004971	adult CB1307 neuron	flywire	CB1307	CB1307					CB1307
FBbt:20004972	adult CB1308 neuron	flywire	CB1308	CB1308				CB1308	CB1308
FBbt:20004973	adult CB1309 neuron	flywire	CB1309	CB1309				CB1309	CB1309
FBbt:20004974	adult CB1310 neuron	flywire	CB1310	CB1310					CB1310
FBbt:20004975	adult CB1311 neuron	flywire	CB1311	CB1311				GNG440	CB1311
FBbt:20004976	adult CB1312 neuron	flywire	CB1312	CB1312				CB1312	
FBbt:20004977	adult CB1314 neuron	flywire	CB1314	CB1314				CB1314	CB1314
FBbt:20004978	adult CB1315 neuron	flywire	CB1315	CB1315					CB1315
FBbt:20004979	adult CB1316 neuron	flywire	CB1316	CB1316				CB1316	CB1316
FBbt:20004980	adult CB1317 neuron	flywire	CB1317	CB1317					CB1317
FBbt:20004981	adult CB1318 neuron	flywire	CB1318	CB1318				SLP088_a	CB1318
FBbt:20004982	adult CB1319 neuron	flywire	CB1319	CB1319				VES100	
FBbt:20004983	adult CB1320 neuron	flywire	CB1320	CB1320					
FBbt:20004984	adult CB1322 neuron	flywire	CB1322	CB1322				CB1322	CB1322
FBbt:20004985	adult CB1323 neuron	flywire	CB1323	CB1323				GNG274	CB1323
FBbt:20004986	adult CB1324 neuron	flywire	CB1324						
FBbt:20004987	adult CB1325 neuron	flywire	CB1325	CB1325					CB1325
FBbt:20004988	adult CB1326 neuron	flywire	CB1326	CB1326				CB1326	CB1326
FBbt:20004989	adult CB1327 neuron	flywire	CB1327	CB1327					CB1327
FBbt:20004990	adult CB1328 neuron	flywire	CB1328	CB1328					CB1328
FBbt:20004991	adult CB1330 neuron	flywire	CB1330	CB1330				CB1330	CB1330
FBbt:20004992	adult CB1331 neuron	flywire	CB1331						
FBbt:20004993	adult CB1332 neuron	flywire	CB1332	CB1332					CB1332
FBbt:20004994	adult CB1333 neuron	flywire	CB1333	CB1333				CB1333	CB1333
FBbt:20004995	adult CB1334 neuron	flywire	CB1334	CB1334					CB1334
FBbt:20004996	adult CB1335 neuron	flywire	CB1335	CB1335					CB1335
FBbt:20004997	adult CB1337 neuron	flywire	CB1337	CB1337				CB1337	CB1337
FBbt:20004998	adult CB1338 neuron	flywire	CB1338						CB1338
FBbt:20004999	adult CB1339 neuron	flywire	CB1339	CB1339				CB1339	CB1339
FBbt:20005000	adult CB1340 neuron	flywire	CB1340	CB1340				CB1340	CB1340
FBbt:20005001	adult CB1341 neuron	flywire	CB1341	CB1341					CB1341
FBbt:20005002	adult CB1342 neuron	flywire	CB1342	CB1342				PS331|PS324	CB1342
FBbt:20005003	adult CB1344 neuron	flywire	CB1344	CB1344				PRW038	CB1344
FBbt:20005004	adult CB1345 neuron	flywire	CB1345	CB1345				SMP739	CB1345
FBbt:20005005	adult CB1346 neuron	flywire	CB1346	CB1346				CB1346	CB1346
FBbt:20005006	adult CB1348 neuron	flywire	CB1348	CB1348				LHPV5h2_a|CB1348	
FBbt:20005007	adult CB1350 neuron	flywire	CB1350	CB1350				AMMC014	CB1350
FBbt:20005008	adult CB1352 neuron	flywire	CB1352	CB1352				CB1352	
FBbt:20005009	adult CB1353 neuron	flywire	CB1353	CB1353				CB1353	CB1353
FBbt:20005010	adult CB1354 neuron	flywire	CB1354	CB1354					
FBbt:20005011	adult CB1355 neuron	flywire	CB1355	CB1355				LAL136_b	CB1355
FBbt:20005012	adult CB1356 neuron	flywire	CB1356	CB1356				CB1356	
FBbt:20005013	adult CB1357 neuron	flywire	CB1357	CB1357				CB1357	CB1357
FBbt:20005014	adult CB1359 neuron	flywire	CB1359	CB1359				CB1359	CB1359
FBbt:20005015	adult CB1360 neuron	flywire	CB1360	CB1360					CB1360
FBbt:20005016	adult CB1361 neuron	flywire	CB1361	CB1361				CB1361	CB1361
FBbt:20005017	adult CB1363 neuron	flywire	CB1363	CB1363					CB1363
FBbt:20005018	adult CB1365 neuron	flywire	CB1365	CB1365				CB1365	CB1365
FBbt:20005019	adult CB1366 neuron	flywire	CB1366	CB1366				GNG090	CB1366
FBbt:20005021	adult CB1368 neuron	flywire	CB1368	CB1368				CB1368	CB1368
FBbt:20005022	adult CB1369 neuron	flywire	CB1369	CB1369				PRW037	CB1369
FBbt:20005023	adult CB1370 neuron	flywire	CB1370	CB1370					CB1370
FBbt:20005024	adult CB1371 neuron	flywire	CB1371	CB1371					CB1371
FBbt:20005025	adult CB1372 neuron	flywire	CB1372	CB1372				SMP738	CB1372
FBbt:20005026	adult CB1374 neuron	flywire	CB1374	CB1374				CB1374	CB1374
FBbt:20005027	adult CB1375 neuron	flywire	CB1375	CB1375					CB1375
FBbt:20005028	adult CB1376 neuron	flywire	CB1376	CB1376				GNG439	CB1376
FBbt:20005029	adult CB1377 neuron	flywire	CB1377	CB1377					CB1377
FBbt:20005030	adult CB1378 neuron	flywire	CB1378	CB1378					CB1378
FBbt:20005031	adult CB1379 neuron	flywire	CB1379	CB1379				CB1379	CB1379
FBbt:20005032	adult CB1380 neuron	flywire	CB1380	CB1380					CB1380
FBbt:20005033	adult CB1381 neuron	flywire	CB1381	CB1381					CB1381
FBbt:20005034	adult CB1382 neuron	flywire	CB1382	CB1382				aSP10C_a	CB1382
FBbt:20005035	adult CB1383 neuron	flywire	CB1383	CB1383				WED055_b	CB1383
FBbt:20005036	adult CB1384 neuron	flywire	CB1384	CB1384				CB1384	CB1384
FBbt:20005037	adult CB1385 neuron	flywire	CB1385	CB1385					CB1385
FBbt:20005038	adult CB1387 neuron	flywire	CB1387	CB1387				CB1387	CB1387
FBbt:20005039	adult CB1389 neuron	flywire	CB1389	CB1389				CB1389	CB1389
FBbt:20005040	adult CB1390 neuron	flywire	CB1390	CB1390					CB1390
FBbt:20005041	adult CB1391 neuron	flywire	CB1391	CB1391				CB1391	
FBbt:20005042	adult CB1392 neuron	flywire	CB1392	CB1392				CB1392	CB1392
FBbt:20005043	adult CB1393 neuron	flywire	CB1393	CB1393					CB1393
FBbt:20005044	adult CB1394 neuron	flywire	CB1394						
FBbt:20005045	adult CB1395 neuron	flywire	CB1395	CB1395					CB1395
FBbt:20005046	adult CB1396 neuron	flywire	CB1396	CB1396				CB1396	CB1396
FBbt:20005047	adult CB1397 neuron	flywire	CB1397	CB1397				GNG438	CB1397
FBbt:20005048	adult CB1399 neuron	flywire	CB1399	CB1399				AVLP004_a	CB1399
FBbt:20005049	adult CB1400 neuron	flywire	CB1400	CB1400					CB1400
FBbt:20005050	adult CB1401 neuron	flywire	CB1401	CB1401					CB1401
FBbt:20005051	adult CB1402 neuron	flywire	CB1402	CB1402					CB1402
FBbt:20005052	adult CB1403 neuron	flywire	CB1403	CB1403				CB1403	CB1403
FBbt:20005053	adult CB1405 neuron	flywire	CB1405	CB1405				CB1405	CB1405
FBbt:20005054	adult CB1406 neuron	flywire	CB1406	CB1406				CB1406	CB1406
FBbt:20005055	adult CB1407 neuron	flywire	CB1407	CB1407				CB1407	CB1407
FBbt:20005056	adult CB1408 neuron	flywire	CB1408	CB1408				CL191_b	CB1408
FBbt:20005057	adult CB1410 neuron	flywire	CB1410	CB1410					CB1410
FBbt:20005058	adult CB1412 neuron	flywire	CB1412	CB1412				CB1412	CB1412
FBbt:20005059	adult CB1413 neuron	flywire	CB1413	CB1413				CB1413	CB1413
FBbt:20005060	adult CB1414 neuron	flywire	CB1414	CB1414					CB1414
FBbt:20005061	adult CB1415 neuron	flywire	CB1415	FLA100f					FLA100f
FBbt:20005062	adult CB1416 neuron	flywire	CB1416	CB1416					CB1416
FBbt:20005063	adult CB1417 neuron	flywire	CB1417	CB1417				CB1417	CB1417
FBbt:20005064	adult CB1418 neuron	flywire	CB1418	CB1418				CB1418	CB1418
FBbt:20005065	adult CB1419 neuron	flywire	CB1419	CB1419				CB1419	CB1419
FBbt:20005066	adult CB1420 neuron	flywire	CB1420	CB1420					CB1420
FBbt:20005067	adult CB1421 neuron	flywire	CB1421	CB1421				CB1421	
FBbt:20005068	adult CB1422 neuron	flywire	CB1422	CB1422					CB1422
FBbt:20005069	adult CB1423 neuron	flywire	CB1423	CB1423					CB1423
FBbt:20005070	adult CB1424 neuron	flywire	CB1424	CB1424				GNG435	CB1424
FBbt:20005071	adult CB1425 neuron	flywire	CB1425	CB1425					CB1425
FBbt:20005072	adult CB1426 neuron	flywire	CB1426	CB1426					CB1426
FBbt:20005073	adult CB1427 neuron	flywire	CB1427	CB1427				AMMC035	CB1427
FBbt:20005074	adult CB1428 neuron	flywire	CB1428	CB1428				CB1428	CB1428
FBbt:20005075	adult CB1429 neuron	flywire	CB1429	CB1429					CB1429
FBbt:20005076	adult CB1430 neuron	flywire	CB1430	CB1430					CB1430
FBbt:20005077	adult CB1431 neuron	flywire	CB1431	CB1431				GNG434	CB1431
FBbt:20005078	adult CB1432 neuron	flywire	CB1432	CB1432				CB1432	CB1432
FBbt:20005079	adult CB1433 neuron	flywire	CB1433	CB1433					CB1433
FBbt:20005080	adult CB1434 neuron	flywire	CB1434	CB1434				CB1434	CB1434
FBbt:20005081	adult CB1435 neuron	flywire	CB1435	CB1435				PS335	CB1435
FBbt:20005082	adult CB1436 neuron	flywire	CB1436						
FBbt:20005083	adult CB1437 neuron	flywire	CB1437	CB1437					CB1437
FBbt:20005084	adult CB1438 neuron	flywire	CB1438	CB1438					
FBbt:20005085	adult CB1439 neuron	flywire	CB1439	CB1439				WED201	CB1439
FBbt:20005086	adult CB1440 neuron	flywire	CB1440	CB1440					CB1440
FBbt:20005087	adult CB1441 neuron	flywire	CB1441	CB1441					CB1441
FBbt:20005088	adult CB1442 neuron	flywire	CB1442	CB1442				CB1442	CB1442
FBbt:20005089	adult CB1443 neuron	flywire	CB1443	CB1443					CB1443
FBbt:20005090	adult CB1444 neuron	flywire	CB1444	CB1444				CL365	CB1444
FBbt:20005091	adult CB1445 neuron	flywire	CB1445	CB1445					CB1445
FBbt:20005092	adult CB1446 neuron	flywire	CB1446	CB1446					CB1446
FBbt:20005093	adult CB1447 neuron	flywire	CB1447	CB1447				CB1447	CB1447
FBbt:20005094	adult CB1448 neuron	flywire	CB1448	CB1448				CB1448	CB1448
FBbt:20005095	adult CB1449 neuron	flywire	CB1449						CB1449
FBbt:20005096	adult CB1450 neuron	flywire	CB1450	CB1450					CB1450
FBbt:20005097	adult CB1451 neuron	flywire	CB1451	CB1451					CB1451
FBbt:20005098	adult CB1452 neuron	flywire	CB1452	CB1452					CB1452
FBbt:20005099	adult CB1454 neuron	flywire	CB1454	CB1454				CB1454	CB1454
FBbt:20005100	adult CB1455 neuron	flywire	CB1455	CB1455					
FBbt:20005101	adult CB1456 neuron	flywire	CB1456	CB1456				CB1456	CB1456
FBbt:20005102	adult CB1457 neuron	flywire	CB1457	CB1457				CB1457	CB1457
FBbt:20005103	adult CB1458 neuron	flywire	CB1458	CB1458				CB1458	CB1458
FBbt:20005104	adult CB1459 neuron	flywire	CB1459	CB1459					CB1459
FBbt:20005105	adult CB1460 neuron	flywire	CB1460	CB1460				CB1460	CB1460
FBbt:20005106	adult CB1462 neuron	flywire	CB1462	CB1462					CB1462
FBbt:20005107	adult CB1463 neuron	flywire	CB1463	CB1463				CB1463	CB1463
FBbt:20005108	adult CB1464 neuron	flywire	CB1464	CB1464				CB1464	CB1464
FBbt:20005109	adult CB1466 neuron	flywire	CB1466	CB1466					CB1466
FBbt:20005110	adult CB1467 neuron	flywire	CB1467	CB1467				CB1467	CB1467
FBbt:20005111	adult CB1468 neuron	flywire	CB1468	CB1468					CB1468
FBbt:20005112	adult CB1469 neuron	flywire	CB1469	CB1469				GNG431	CB1469
FBbt:20005113	adult CB1470 neuron	flywire	CB1470	CB1470				GNG620|GNG623|GNG621	CB1470
FBbt:20005114	adult CB1471 neuron	flywire	CB1471	CB1471					CB1471
FBbt:20005115	adult CB1472 neuron	flywire	CB1472	CB1472					CB1472
FBbt:20005116	adult CB1473 neuron	flywire	CB1473	CB1473					CB1473
FBbt:20005117	adult CB1474 neuron	flywire	CB1474	CB1474					CB1474
FBbt:20005118	adult CB1475 neuron	flywire	CB1475	CB1475				GNG429	CB1475
FBbt:20005119	adult CB1476 neuron	flywire	CB1476	CB1476				AVLP611	CB1476
FBbt:20005120	adult CB1477 neuron	flywire	CB1477	CB1477				CB1477	CB1477
FBbt:20005121	adult CB1478 neuron	flywire	CB1478	CB1478				CB1478	CB1478
FBbt:20005122	adult CB1479 neuron	flywire	CB1479	CB1479				GNG428	CB1479
FBbt:20005123	adult CB2504 neuron	flywire	CB2504	CB2504					CB2504
FBbt:20005124	adult CB1481 neuron	flywire	CB1481	CB1481					
FBbt:20005125	adult CB1482 neuron	flywire	CB1482	CB1482				GNG619|GNG618|GNG617	CB1482
FBbt:20005126	adult CB1483 neuron	flywire	CB1483	CB1483				CB1483	CB1483
FBbt:20005127	adult CB1484 neuron	flywire	CB1484	CB1484					
FBbt:20005128	adult CB1485 neuron	flywire	CB1485	CB1485					CB1485
FBbt:20005129	adult LHPV2a1_a neuron	flywire	LHPV2a1_a	LHPV2a1_a				LHPV2a1_a	LHPV2a1_a
FBbt:20005130	adult CB1487 neuron	flywire	CB1487	CB1487				CB1487	CB1487
FBbt:20005131	adult CB1488 neuron	flywire	CB1488	CB1488				GNG320	CB1488
FBbt:20005132	adult CB1489 neuron	flywire	CB1489	CB1489					CB1489
FBbt:20005133	adult CB1490 neuron	flywire	CB1490	CB1490					
FBbt:20005134	adult CB1491 neuron	flywire	CB1491	CB1491				LHAV1f1	CB1491
FBbt:20005135	adult CB1492 neuron	flywire	CB1492	CB1492					CB1492
FBbt:20005136	adult CB1493 neuron	flywire	CB1493	CB1493				CB1493	
FBbt:20005137	adult CB1494 neuron	flywire	CB1494	CB1494					CB1494
FBbt:20005138	adult CB1495 neuron	flywire	CB1495	CB1495					CB1495
FBbt:20005139	adult CB1496 neuron	flywire	CB1496	CB1496					CB1496
FBbt:20005140	adult CB1497 neuron	flywire	CB1497	CB1497					CB1497
FBbt:20005141	adult CB1498 neuron	flywire	CB1498	CB1498				CB1498	CB1498
FBbt:20005142	adult CB1499 neuron	flywire	CB1499	CB1499					CB1499
FBbt:20005143	adult CB1500 neuron	flywire	CB1500	CB1500				CB1500	CB1500
FBbt:20005144	adult CB1501 neuron	flywire	CB1501	CB1501					CB1501
FBbt:20005145	adult CB1502 neuron	flywire	CB1502	CB1502				CB1502	CB1502
FBbt:20005146	adult CB1503 neuron	flywire	CB1503					CB1503	CB1503
FBbt:20005147	adult CB1504 neuron	flywire	CB1504	CB1504				CB1504	CB1504
FBbt:20005148	adult CB1505 neuron	flywire	CB1505	CB1505					
FBbt:20005149	adult CB1506 neuron	flywire	CB1506	CB1506				SMP737	CB1506
FBbt:20005150	adult CB1507 neuron	flywire	CB1507	CB1507					CB1507
FBbt:20005151	adult CB1508 neuron	flywire	CB1508	CB1508					CB1508
FBbt:20005152	adult CB1509 neuron	flywire	CB1509	CB1509				CB1509	CB1509
FBbt:20005153	adult CB1510 neuron	flywire	CB1510	CB1510				CB1510	CB1510
FBbt:20005154	adult CB1511 neuron	flywire	CB1511						CB1511
FBbt:20005155	adult CB1512 neuron	flywire	CB1512	CB1512				LHAV3b6_b	CB1512
FBbt:20005156	adult CB1513 neuron	flywire	CB1513	CB1513				CB1513	CB1513
FBbt:20005157	adult CB1514 neuron	flywire	CB1514	CB1514					CB1514
FBbt:20005158	adult CB1515 neuron	flywire	CB1515	CB1515					CB1515
FBbt:20005159	adult CB1516 neuron	flywire	CB1516	CB1516					CB1516
FBbt:20005160	adult CB1517 neuron	flywire	CB1517	CB1517				GNG425	CB1517
FBbt:20005161	adult CB1518 neuron	flywire	CB1518	CB1518					CB1518
FBbt:20005162	adult CB1519 neuron	flywire	CB1519	CB1519					CB1519
FBbt:20005163	adult CB1520 neuron	flywire	CB1520	CB1520					
FBbt:20005164	adult CB1522 neuron	flywire	CB1522	CB1522				AVLP110_b	
FBbt:20005165	adult CB1523 neuron	flywire	CB1523	CB1523				CB1523	CB1523
FBbt:20005166	adult CB1524 neuron	flywire	CB1524	CB1524				LHAV3e4_a	CB1524
FBbt:20005167	adult CB1527 neuron	flywire	CB1527					CB1527	CB1527
FBbt:20005168	adult CB1528 neuron	flywire	CB1528						
FBbt:20005169	adult CB1529 neuron	flywire	CB1529	CB1529				CB1529	
FBbt:20005170	adult CB1531 neuron	flywire	CB1531	CB1531				LHAV2k12_a	CB1531
FBbt:20005171	adult CB1532 neuron	flywire	CB1532	CB1532				CB1532	CB1532
FBbt:20005172	adult CB1533 neuron	flywire	CB1533	CB1533				CB1533	CB1533
FBbt:20005173	adult CB1534 neuron	flywire	CB1534	CB1534				CB1534	CB1534
FBbt:20005175	adult CB1537 neuron	flywire	CB1537	CB1537				CB1537	CB1537
FBbt:20005176	adult CB1538 neuron	flywire	CB1538	CB1538				CB1538	CB1538
FBbt:20005177	adult CB1539 neuron	flywire	CB1539	CB1539					CB1539
FBbt:20005178	adult CB1541 neuron	flywire	CB1541	CB1541				CB1541	CB1541
FBbt:20005179	adult CB1542 neuron	flywire	CB1542	CB1542				SAD051_b|SAD051_a|CB1542	CB1542
FBbt:20005180	adult CB1543 neuron	flywire	CB1543	CB1543					CB1543
FBbt:20005181	adult CB1544 neuron	flywire	CB1544	CB1544					CB1544
FBbt:20005182	adult CB1545 neuron	flywire	CB1545	CB1545				CB1545	CB1545
FBbt:20005183	adult CB1546 neuron	flywire	CB1546	CB1546					CB1546
FBbt:20005184	adult CB1547 neuron	flywire	CB1547	CB1547				CB1547	CB1547
FBbt:20005185	adult CB1548 neuron	flywire	CB1548	CB1548				CB1548	CB1548
FBbt:20005186	adult CB1549 neuron	flywire	CB1549	CB1549				CB1549	CB1549
FBbt:20005187	adult CB1550 neuron	flywire	CB1550	CB1550				CB1550	CB1550
FBbt:20005188	adult CB1551 neuron	flywire	CB1551	CB1551				CB1551	CB1551
FBbt:20005189	adult CB1552 neuron	flywire	CB1552	CB1552					CB1552
FBbt:20005190	adult CB1553 neuron	flywire	CB1553	CB1553				CRE003_b	CB1553
FBbt:20005191	adult CB1554 neuron	flywire	CB1554	CB1554				CB1554	CB1554
FBbt:20005192	adult CB1556 neuron	flywire	CB1556	CB1556				CB1556	CB1556
FBbt:20005193	adult CB1557 neuron	flywire	CB1557	CB1557				CB1557	CB1557
FBbt:20005194	adult CB1559 neuron	flywire	CB1559	CB1559					CB1559
FBbt:20005195	adult CB1560 neuron	flywire	CB1560	CB1560				CB1560	CB1560
FBbt:20005196	adult CB1562 neuron	flywire	CB1562	CB1562				CB1562	CB1562
FBbt:20005197	adult CB1563 neuron	flywire	CB1563	CB1563					CB1563
FBbt:20005198	adult CB1564 neuron	flywire	CB1564	CB1564				CB1564	CB1564
FBbt:20005199	adult CB1565 neuron	flywire	CB1565	CB1565				CB1565	CB1565
FBbt:20005200	adult CB1566 neuron	flywire	CB1566	CB1566					CB1566
FBbt:20005201	adult CB1567 neuron	flywire	CB1567	CB1567					CB1567
FBbt:20005202	adult CB1568 neuron	flywire	CB1568	CB1568				GNG424	CB1568
FBbt:20005203	adult CB1569 neuron	flywire	CB1569	CB1569					CB1569
FBbt:20005204	adult CB1570 neuron	flywire	CB1570	CB1570				CB1570	CB1570
FBbt:20005206	adult CB1573 neuron	flywire	CB1573	CB1573				AVLP225_b3|CB1573	CB1573
FBbt:20005207	adult CB1574 neuron	flywire	CB1574	CB1574				CB1574	CB1574
FBbt:20005208	adult CB1575 neuron	flywire	CB1575	CB1575				CB1575	CB1575
FBbt:20005209	adult CB1576 neuron	flywire	CB1576	CB1576				CB1576	CB1576
FBbt:20005210	adult CB1577 neuron	flywire	CB1577	CB1577				CB1577	CB1577
FBbt:20005211	adult CB1578 neuron	flywire	CB1578	CB1578					CB1578
FBbt:20005212	adult CB1579 neuron	flywire	CB1579	CB1579				GNG622	
FBbt:20005213	adult CB1580 neuron	flywire	CB1580	CB1580					CB1580
FBbt:20005214	adult CB1582 neuron	flywire	CB1582	CB1582				GNG423	CB1582
FBbt:20005215	adult CB1583 neuron	flywire	CB1583	CB1583				GNG422	CB1583
FBbt:20005216	adult CB1584 neuron	flywire	CB1584	CB1584					CB1584
FBbt:20005217	adult CB1585 neuron	flywire	CB1585	CB1585				CB1585	CB1585
FBbt:20005218	adult CB1586 neuron	flywire	CB1586	CB1586					CB1586
FBbt:20005219	adult CB1587 neuron	flywire	CB1587	CB1587					CB1587
FBbt:20005220	adult CB1588 neuron	flywire	CB1588	CB1588					CB1588
FBbt:20005221	adult CB1589 neuron	flywire	CB1589	CB1589					CB1589
FBbt:20005222	adult CB1590 neuron	flywire	CB1590	CB1590				CB1590	
FBbt:20005223	adult CB1591 neuron	flywire	CB1591	CB1591				CRE003_a	CB1591
FBbt:20005224	adult CB1593 neuron	flywire	CB1593	CB1593				CB1593	CB1593
FBbt:20005225	adult CB1594 neuron	flywire	CB1594	CB1594				SLP094_c	CB1594
FBbt:20005226	adult CB1595 neuron	flywire	CB1595	CB1595				CB1595	CB1595
FBbt:20005227	adult CB1596 neuron	flywire	CB1596	CB1596					CB1596
FBbt:20005228	adult CB1597 neuron	flywire	CB1597	CB1597					CB1597
FBbt:20005229	adult CB1599 neuron	flywire	CB1599	CB1599				CB1599	CB1599
FBbt:20005231	adult CB1601 neuron	flywire	CB1601	CB1601				CB1601	CB1601
FBbt:20005233	adult CB1603 neuron	flywire	CB1603	CB1603				CB1603	CB1603
FBbt:20005234	adult CB1604 neuron	flywire	CB1604	CB1604				CB1604	CB1604
FBbt:20005235	adult CB1605 neuron	flywire	CB1605	CB1605					CB1605
FBbt:20005236	adult CB1607 neuron	flywire	CB1607	CB1607				CB1607	CB1607
FBbt:20005237	adult CB1608 neuron	flywire	CB1608	CB1608				CB1608	CB1608
FBbt:20005238	adult CB1609 neuron	flywire	CB1609	CB1609				GNG615|GNG616	CB1609
FBbt:20005239	adult CB1610 neuron	flywire	CB1610	CB1610				CB1610	CB1610
FBbt:20005240	adult CB1611 neuron	flywire	CB1611						
FBbt:20005241	adult CB1613 neuron	flywire	CB1613	CB1613				CB1613	CB1613
FBbt:20005242	adult CB1614 neuron	flywire	CB1614	CB1614					CB1614
FBbt:20005243	adult CB1616 neuron	flywire	CB1616	CB1616					CB1616
FBbt:20005244	adult CB1617 neuron	flywire	CB1617	CB1617				CB1617	CB1617
FBbt:20005245	adult CB1618 neuron	flywire	CB1618	CB1618					
FBbt:20005246	adult CB1619 neuron	flywire	CB1619	CB1619				CB1619	CB1619
FBbt:20005247	adult CB1620 neuron	flywire	CB1620	CB1620					CB1620
FBbt:20005248	adult CB1621 neuron	flywire	CB1621	CB1621					
FBbt:20005249	adult CB1622 neuron	flywire	CB1622	CB1622					CB1622
FBbt:20005250	adult CB1624 neuron	flywire	CB1624	CB1624					CB1624
FBbt:20005251	adult CB1625 neuron	flywire	CB1625	CB1625				CB1625	CB1625
FBbt:20005252	adult CB1626 neuron	flywire	CB1626	CB1626				CB1626	CB1626
FBbt:20005253	adult CB1627 neuron	flywire	CB1627	CB1627				CB1627	CB1627
FBbt:20005254	adult CB1628 neuron	flywire	CB1628	CB1628				CB1628	CB1628
FBbt:20005255	adult CB1629 neuron	flywire	CB1629	CB1629				CB1629	CB1629
FBbt:20005256	adult CB1630 neuron	flywire	CB1630	CB1630					CB1630
FBbt:20005257	adult CB1632 neuron	flywire	CB1632	CB1632				CB1632	CB1632
FBbt:20005258	adult CB1635 neuron	flywire	CB1635	CB1635					CB1635
FBbt:20005259	adult CB1636 neuron	flywire	CB1636	CB1636				CB1636	CB1636
FBbt:20005260	adult CB1637 neuron	flywire	CB1637	CB1637					CB1637
FBbt:20005261	adult CB1638 neuron	flywire	CB1638	CB1638				CB1638	CB1638
FBbt:20005262	adult CB1640 neuron	flywire	CB1640	CB1640					CB1640
FBbt:20005263	adult CB1641 neuron	flywire	CB1641	CB1641				CB1641	CB1641
FBbt:20005264	adult CB1642 neuron	flywire	CB1642	CB1642				CB1642	
FBbt:20005265	adult CB1643 neuron	flywire	CB1643	CB1643				PRW036	
FBbt:20005266	adult CB1644 neuron	flywire	CB1644	CB1644					CB1644
FBbt:20005267	adult CB1646 neuron	flywire	CB1646	CB1646					CB1646
FBbt:20005268	adult CB1647 neuron	flywire	CB1647	CB1647				AVLP004_a	CB1647
FBbt:20005269	adult CB1648 neuron	flywire	CB1648	CB1648				IB004_a|CB1648	CB1648
FBbt:20005270	adult CB1649 neuron	flywire	CB1649	CB1649				CB1649	CB1649
FBbt:20005271	adult CB1650 neuron	flywire	CB1650	CB1650				CB1650	CB1650
FBbt:20005272	adult CB1652 neuron	flywire	CB1652	CB1652				CB1652	
FBbt:20005273	adult CB1653 neuron	flywire	CB1653	CB1653				CB1653	
FBbt:20005274	adult CB1654 neuron	flywire	CB1654	CB1654				CB1654	CB1654
FBbt:20005275	adult CB1655 neuron	flywire	CB1655	CB1655				CB1655	
FBbt:20005276	adult CB1656 neuron	flywire	CB1656						CB1656
FBbt:20005277	adult CB1657 neuron	flywire	CB1657	CB1657					CB1657
FBbt:20005278	adult CB1658 neuron	flywire	CB1658	CB1658					CB1658
FBbt:20005279	adult CB1659 neuron	flywire	CB1659	CB1659				GNG406	CB1659
FBbt:20005280	adult CB1660 neuron	flywire	CB1660	CB1660					CB1660
FBbt:20005281	adult CB1661 neuron	flywire	CB1661	CB1661					CB1661
FBbt:20005282	adult CB1662 neuron	flywire	CB1662	CB1662				GNG634	CB1662
FBbt:20005283	adult CB1663 neuron	flywire	CB1663	CB1663				CB1663|LHAV2k11_a	CB1663
FBbt:20005284	adult CB1664 neuron	flywire	CB1664	CB1664					CB1664
FBbt:20005285	adult CB1665 neuron	flywire	CB1665	CB1665					CB1665
FBbt:20005286	adult CB1666 neuron	flywire	CB1666	CB1666					CB1666
FBbt:20005287	adult CB1667 neuron	flywire	CB1667	CB1667					CB1667
FBbt:20005288	adult CB1668 neuron	flywire	CB1668	CB1668					CB1668
FBbt:20005289	adult CB1670 neuron	flywire	CB1670	CB1670				CB1670	CB1670
FBbt:20005290	adult CB1671 neuron	flywire	CB1671	CB1671					CB1671
FBbt:20005291	adult CB1672 neuron	flywire	CB1672	CB1672				CB1672	CB1672
FBbt:20005292	adult CB1673 neuron	flywire	CB1673	CB1673					CB1673
FBbt:20005293	adult CB1675 neuron	flywire	CB1675	CB1675					CB1675
FBbt:20005294	adult CB1676 neuron	flywire	CB1676	CB1676					CB1676
FBbt:20005295	adult CB1678 neuron	flywire	CB1678	CB1678				CB1678	CB1678
FBbt:20005296	adult CB1679 neuron	flywire	CB1679	CB1679				CB1679	CB1679
FBbt:20005297	adult CB1680 neuron	flywire	CB1680	CB1680				GNG646	CB1680
FBbt:20005298	adult CB1681 neuron	flywire	CB1681	CB1681					CB1681
FBbt:20005299	adult CB1682 neuron	flywire	CB1682	CB1682				CB1682	CB1682
FBbt:20005300	adult CB1683 neuron	flywire	CB1683	CB1683					CB1683
FBbt:20005301	adult CB1684 neuron	flywire	CB1684	CB1684				CB1684	CB1684
FBbt:20005302	adult CB1685 neuron	flywire	CB1685	CB1685				CB1685	
FBbt:20005303	adult CB1686 neuron	flywire	CB1686	CB1686					CB1686
FBbt:20005304	adult CB1687 neuron	flywire	CB1687	CB1687				CB1687	CB1687
FBbt:20005305	adult CB1688 neuron	flywire	CB1688	CB1688				CB1688	CB1688
FBbt:20005306	adult CB1690 neuron	flywire	CB1690						
FBbt:20005307	adult CB1691 neuron	flywire	CB1691	CB1691				CB1691	CB1691
FBbt:20005308	adult CB1692 neuron	flywire	CB1692	CB1692					
FBbt:20005309	adult CB1693 neuron	flywire	CB1693	CB1693					CB1693
FBbt:20005311	adult CB1695 neuron	flywire	CB1695	CB1695				CB1695	CB1695
FBbt:20005312	adult CB1696 neuron	flywire	CB1696	CB1696					CB1696
FBbt:20005313	adult CB1697 neuron	flywire	CB1697	CB1697				CB1697	CB1697
FBbt:20005314	adult CB1698 neuron	flywire	CB1698	CB1698				CB1698	CB1698
FBbt:20005315	adult CB1699 neuron	flywire	CB1699	CB1699				CB1699	CB1699
FBbt:20005316	adult CB1700 neuron	flywire	CB1700	CB1700				SMP415_b	CB1700
FBbt:20005317	adult CB1701 neuron	flywire	CB1701	CB1701				CB1701	CB1701
FBbt:20005318	adult CB1702 neuron	flywire	CB1702	CB1702				CB1702	CB1702
FBbt:20005319	adult CB1703 neuron	flywire	CB1703	CB1703				GNG269	CB1703
FBbt:20005320	adult CB1704 neuron	flywire	CB1704	CB1704					
FBbt:20005321	adult CB1705 neuron	flywire	CB1705	CB1705				CB1705	CB1705
FBbt:20005322	adult CB1706 neuron	flywire	CB1706	CB1706				CB1706	CB1706
FBbt:20005324	adult CB1708 neuron	flywire	CB1708	CB1708				GNG613|GNG614	CB1708
FBbt:20005325	adult CB1709 neuron	flywire	CB1709						CB1709
FBbt:20005326	adult CB1712 neuron	flywire	CB1712	CB1712					CB1712
FBbt:20005327	adult CB1713 neuron	flywire	CB1713	CB1713					CB1713
FBbt:20005328	adult CB1714 neuron	flywire	CB1714	CB1714				CB1714	CB1714
FBbt:20005329	adult CB1716 neuron	flywire	CB1716	CB1716					
FBbt:20005330	adult CB1717 neuron	flywire	CB1717	CB1717				CB1717	CB1717
FBbt:20005331	adult CB1718 neuron	flywire	CB1718	CB1718				PRW035	CB1718
FBbt:20005333	adult CB1720 neuron	flywire	CB1720	CB1720					
FBbt:20005334	adult CB1721 neuron	flywire	CB1721	CB1721					CB1721
FBbt:20005335	adult CB1722 neuron	flywire	CB1722	CB1722					CB1722
FBbt:20005336	adult CB1724 neuron	flywire	CB1724	CB1724					CB1724
FBbt:20005337	adult CB1725 neuron	flywire	CB1725	CB1725					
FBbt:20005338	adult CB1726 neuron	flywire	CB1726	CB1726				CB1726	CB1726
FBbt:20005339	adult CB1727 neuron	flywire	CB1727	CB1727				SMP196_a	CB1727
FBbt:20005340	adult CB1728 neuron	flywire	CB1728	CB1728				GNG416	CB1728
FBbt:20005341	adult CB1729 neuron	flywire	CB1729	CB1729				CB1729	CB1729
FBbt:20005342	adult CB1730 neuron	flywire	CB1730	CB1730					CB1730
FBbt:20005343	adult CB1731 neuron	flywire	CB1731	CB1731				CB1731	CB1731
FBbt:20005344	adult CB1733 neuron	flywire	CB1733	CB1733				CB1733	CB1733
FBbt:20005345	adult CB1734 neuron	flywire	CB1734	CB1734					CB1734
FBbt:20005346	adult CB1735 neuron	flywire	CB1735	CB1735				CB1735	CB1735
FBbt:20005347	adult CB1737 neuron	flywire	CB1737	CB1737				LHPV6a9_b	CB1737
FBbt:20005348	adult CB1738 neuron	flywire	CB1738	CB1738					CB1738
FBbt:20005349	adult CB1739 neuron	flywire	CB1739	CB1739				LHAV5a9_a	CB1739
FBbt:20005350	adult CB1740 neuron	flywire	CB1740	CB1740					
FBbt:20005351	adult CB1741 neuron	flywire	CB1741	CB1741				GNG415	CB1741
FBbt:20005352	adult CB1742 neuron	flywire	CB1742	CB1742					CB1742
FBbt:20005353	adult CB1743 neuron	flywire	CB1743	CB1743					CB1743
FBbt:20005354	adult CB1744 neuron	flywire	CB1744	CB1744				CB1744	CB1744
FBbt:20005355	adult CB1745 neuron	flywire	CB1745	CB1745					CB1745
FBbt:20005356	adult CB1747 neuron	flywire	CB1747	CB1747					CB1747
FBbt:20005357	adult CB1748 neuron	flywire	CB1748	CB1748				CB1748	CB1748
FBbt:20005358	adult CB1749 neuron	flywire	CB1749						
FBbt:20005359	adult CB1750 neuron	flywire	CB1750	CB1750				LAL060_a|LAL060_b	CB1750
FBbt:20005360	adult CB1751 neuron	flywire	CB1751	CB1751					CB1751
FBbt:20005361	adult CB1752 neuron	flywire	CB1752	CB1752				CB1752	CB1752
FBbt:20005362	adult CB1753 neuron	flywire	CB1753	CB1753				LHAV1f1	CB1753
FBbt:20005363	adult CB1754 neuron	flywire	CB1754	CB1754				WED030_b	CB1754
FBbt:20005364	adult CB1755 neuron	flywire	CB1755	CB1755					CB1755
FBbt:20005365	adult CB1756 neuron	flywire	CB1756	FLA101f_d					FLA101f_d
FBbt:20005366	adult CB1757 neuron	flywire	CB1757	CB1757					
FBbt:20005367	adult CB1758 neuron	flywire	CB1758	CB1758				AVLP155_b	CB1758
FBbt:20005368	adult CB1759 neuron	flywire	CB1759	CB1759					CB1759
FBbt:20005369	adult CB1760 neuron	flywire	CB1760	CB1760					CB1760
FBbt:20005370	adult CB1761 neuron	flywire	CB1761	CB1761					CB1761
FBbt:20005371	adult CB1762 neuron	flywire	CB1762	CB1762					CB1762
FBbt:20005372	adult CB1763 neuron	flywire	CB1763						
FBbt:20005373	adult CB1764 neuron	flywire	CB1764	CB1764					CB1764
FBbt:20005374	adult CB1765 neuron	flywire	CB1765	CB1765					CB1765
FBbt:20005375	adult CB1766 neuron	flywire	CB1766	CB1766					CB1766
FBbt:20005376	adult CB1767 neuron	flywire	CB1767	CB1767					CB1767
FBbt:20005377	adult CB1769 neuron	flywire	CB1769	CB1769					CB1769
FBbt:20005378	adult CB1770 neuron	flywire	CB1770						CB1770
FBbt:20005379	adult CB1771 neuron	flywire	CB1771	CB1771				CB1771	CB1771
FBbt:20005380	adult CB1772 neuron	flywire	CB1772	CB1772					CB1772
FBbt:20005381	adult CB1774 neuron	flywire	CB1774	CB1774				CB1774	CB1774
FBbt:20005382	adult CB1775 neuron	flywire	CB1775	CB1775				SMP590_b	CB1775
FBbt:20005383	adult CB1776 neuron	flywire	CB1776	CB1776					CB1776
FBbt:20005385	adult CB1778 neuron	flywire	CB1778	CB1778				GNG414	CB1778
FBbt:20005386	adult CB1779 neuron	flywire	CB1779	CB1779					CB1779
FBbt:20005387	adult CB1780 neuron	flywire	CB1780	CB1780					CB1780
FBbt:20005388	adult CB1781 neuron	flywire	CB1781	CB1781					CB1781
FBbt:20005389	adult CB1782 neuron	flywire	CB1782	CB1782				CB1782	
FBbt:20005390	adult CB1783 neuron	flywire	CB1783	CB1783				aSP10A_a	CB1783
FBbt:20005391	adult CB1784 neuron	flywire	CB1784	CB1784					CB1784
FBbt:20005392	adult CB1785 neuron	flywire	CB1785	CB1785					CB1785
FBbt:20005393	adult CB1786 neuron	flywire	CB1786	CB1786					CB1786
FBbt:20005394	adult CB1787 neuron	flywire	CB1787	CB1787				CB1787	
FBbt:20005395	adult CB1789 neuron	flywire	CB1789	CB1789				CB1789	CB1789
FBbt:20005396	adult CB1790 neuron	flywire	CB1790	CB1790					
FBbt:20005397	adult CB1791 neuron	flywire	CB1791						CB1791
FBbt:20005398	adult CB1792 neuron	flywire	CB1792	CB1792				CB1792	CB1792
FBbt:20005399	adult CB1793 neuron	flywire	CB1793	CB1793					
FBbt:20005400	adult CB1794 neuron	flywire	CB1794	CB1794				CB1794	CB1794
FBbt:20005401	adult CB1795 neuron	flywire	CB1795	CB1795				CB1795	CB1795
FBbt:20005402	adult CB1797 neuron	flywire	CB1797	CB1797					
FBbt:20005403	adult CB1798 neuron	flywire	CB1798						
FBbt:20005404	adult CB1799 neuron	flywire	CB1799	CB1799					CB1799
FBbt:20005405	adult CB1800 neuron	flywire	CB1800	CB1800					CB1800
FBbt:20005406	adult CB1803 neuron	flywire	CB1803	CB1803				CB1803	CB1803
FBbt:20005407	adult CB1804 neuron	flywire	CB1804	CB1804				CB1804	CB1804
FBbt:20005408	adult CB1805 neuron	flywire	CB1805	CB1805				CB1805	CB1805
FBbt:20005410	adult CB1807 neuron	flywire	CB1807	CB1807				SMP279_a	CB1807
FBbt:20005411	adult CB1808 neuron	flywire	CB1808	CB1808				CB1808	CB1808
FBbt:20005412	adult CB1809 neuron	flywire	CB1809	CB1809				CB1809	CB1809
FBbt:20005413	adult CB1810 neuron	flywire	CB1810	CB1810					CB1810
FBbt:20005414	adult CB1811 neuron	flywire	CB1811	CB1811				CB1811	CB1811
FBbt:20005415	adult CB1812 neuron	flywire	CB1812	CB1812				CB4054|CB1812	CB1812
FBbt:20005417	adult CB1814 neuron	flywire	CB1814	CB1814					CB1814
FBbt:20005418	adult CB1815 neuron	flywire	CB1815	CB1815				CB1815	CB1815
FBbt:20005419	adult CB1816 neuron	flywire	CB1816	CB1816				WED206	CB1816
FBbt:20005421	adult CB1818 neuron	flywire	CB1818	CB1818				CB1818	CB1818
FBbt:20005422	adult CB1819 neuron	flywire	CB1819	CB1819					CB1819
FBbt:20005423	adult CB1820 neuron	flywire	CB1820	CB1820					
FBbt:20005424	adult CB1821 neuron	flywire	CB1821	CB1821				CB1821	CB1821
FBbt:20005425	adult CB1822 neuron	flywire	CB1822	CB1822				GNG412	CB1822
FBbt:20005426	adult CB1823 neuron	flywire	CB1823	CB1823				CB1823	CB1823
FBbt:20005427	adult CB1824 neuron	flywire	CB1824	CB1824				CB1824	CB1824
FBbt:20005428	adult CB1825 neuron	flywire	CB1825	CB1825					CB1825
FBbt:20005429	adult CB1826 neuron	flywire	CB1826	CB1826				AMMC003	CB1826
FBbt:20005430	adult CB1827 neuron	flywire	CB1827	CB1827					CB1827
FBbt:20005431	adult CB1828 neuron	flywire	CB1828	CB1828				SMP736	
FBbt:20005432	adult CB1829 neuron	flywire	CB1829	CB1829					
FBbt:20005433	adult CB1830 neuron	flywire	CB1830	CB1830					CB1830
FBbt:20005434	adult CB1831 neuron	flywire	CB1831	CB1831					CB1831
FBbt:20005435	adult CB1833 neuron	flywire	CB1833	CB1833				CB1833	CB1833
FBbt:20005436	adult CB1834 neuron	flywire	CB1834	CB1834				CB1834	CB1834
FBbt:20005437	adult CB1835 neuron	flywire	CB1835						
FBbt:20005438	adult CB1836 neuron	flywire	CB1836	CB1836				CB1836	CB1836
FBbt:20005439	adult CB1838 neuron	flywire	CB1838	CB1838				CB1838	CB1838
FBbt:20005440	adult CB1839 neuron	flywire	CB1839	CB1839					CB1839
FBbt:20005441	adult CB1841 neuron	flywire	CB1841	CB1841				CB1841	CB1841
FBbt:20005442	adult CB1842 neuron	flywire	CB1842	CB1842				CB1842	CB1842
FBbt:20005443	adult CB1843 neuron	flywire	CB1843	CB1843					CB1843
FBbt:20005444	adult CB1844 neuron	flywire	CB1844	CB1844				CB1844	CB1844
FBbt:20005445	adult CB1845 neuron	flywire	CB1845	CB1845				GNG411	CB1845
FBbt:20005446	adult CB1846 neuron	flywire	CB1846	CB1846				CB1846	CB1846
FBbt:20005448	adult CB1849 neuron	flywire	CB1849	CB1849				CB1849	CB1849
FBbt:20005449	adult CB1850 neuron	flywire	CB1850	CB1850				CB1850	CB1850
FBbt:20005450	adult CB1851 neuron	flywire	CB1851	CB1851					CB1851
FBbt:20005451	adult CB1852 neuron	flywire	CB1852	CB1852				CB1852	CB1852
FBbt:20005452	adult CB1853 neuron	flywire	CB1853	CB1853				CB1853	CB1853
FBbt:20005453	adult CB1854 neuron	flywire	CB1854	CB1854				PS033_b	CB1854
FBbt:20005454	adult CB1855 neuron	flywire	CB1855	CB1855					CB1855
FBbt:20005455	adult CB1856 neuron	flywire	CB1856	CB1856				CB1856	CB1856
FBbt:20005456	adult CB1857 neuron	flywire	CB1857	CB1857					CB1857
FBbt:20005457	adult CB1858 neuron	flywire	CB1858	CB1858				CB1858	CB1858
FBbt:20005458	adult CB1859 neuron	flywire	CB1859	CB1859					
FBbt:20005459	adult CB1860 neuron	flywire	CB1860	CB1860					CB1860
FBbt:20005460	adult CB1861 neuron	flywire	CB1861	CB1861					CB1861
FBbt:20005461	adult CB1862 neuron	flywire	CB1862						
FBbt:20005462	adult CB1864 neuron	flywire	CB1864	CB1864					CB1864
FBbt:20005463	adult CB1865 neuron	flywire	CB1865	CB1865					
FBbt:20005464	adult CB1866 neuron	flywire	CB1866	CB1866				CB1866	CB1866
FBbt:20005466	adult CB1868 neuron	flywire	CB1868	CB1868					CB1868
FBbt:20005467	adult CB1869 neuron	flywire	CB1869	CB1869					
FBbt:20005468	adult CB1870 neuron	flywire	CB1870						CB1870
FBbt:20005469	adult CB1871 neuron	flywire	CB1871	CB1871				CB1871	CB1871
FBbt:20005470	adult CB1872 neuron	flywire	CB1872	CB1872					CB1872
FBbt:20005471	adult CB1873 neuron	flywire	CB1873	CB1873					CB1873
FBbt:20005472	adult CB1874 neuron	flywire	CB1874	CB1874				CB1874	CB1874
FBbt:20005473	adult CB1875 neuron	flywire	CB1875	CB1875					
FBbt:20005474	adult CB1876 neuron	flywire	CB1876	CB1876				CB1876	CB1876
FBbt:20005475	adult CB1877 neuron	flywire	CB1877	CB1877				aIPg4	CB1877
FBbt:20005476	adult CB1879 neuron	flywire	CB1879	CB1879				CB1879	CB1879
FBbt:20005477	adult CB1880 neuron	flywire	CB1880	CB1880					
FBbt:20005478	adult CB1881 neuron	flywire	CB1881	CB1881				WED143_a	CB1881
FBbt:20005479	adult CB1883 neuron	flywire	CB1883	CB1883				CB1883	CB1883
FBbt:20005480	adult CB1884 neuron	flywire	CB1884	CB1884				CB1884	CB1884
FBbt:20005481	adult CB1885 neuron	flywire	CB1885	CB1885				CB1885	CB1885
FBbt:20005482	adult CB1886 neuron	flywire	CB1886	CB1886					CB1886
FBbt:20005483	adult CB1887 neuron	flywire	CB1887	CB1887					
FBbt:20005484	adult CB1888 neuron	flywire	CB1888	CB1888					CB1888
FBbt:20005485	adult CB1889 neuron	flywire	CB1889	CB1889					CB1889
FBbt:20005486	adult CB1890 neuron	flywire	CB1890	CB1890					CB1890
FBbt:20005487	adult CB1891 neuron	flywire	CB1891	CB1891				VES034_b	CB1891
FBbt:20005488	adult CB1892 neuron	flywire	CB1892	CB1892					CB1892
FBbt:20005489	adult CB1893 neuron	flywire	CB1893	CB1893					CB1893
FBbt:20005490	adult CB1894 neuron	flywire	CB1894	CB1894					CB1894
FBbt:20005491	adult CB1895 neuron	flywire	CB1895	CB1895				CB1895	CB1895
FBbt:20005492	adult CB1896 neuron	flywire	CB1896	CB1896				CB1896	CB1896
FBbt:20005493	adult CB1897 neuron	flywire	CB1897	CB1897				CB1897	CB1897
FBbt:20005494	adult CB1898 neuron	flywire	CB1898	CB1898				GNG266	CB1898
FBbt:20005495	adult CB1899 neuron	flywire	CB1899	CB1899				CB1899	CB1899
FBbt:20005496	adult CB1900 neuron	flywire	CB1900	CB1900					CB1900
FBbt:20005497	adult CB1901 neuron	flywire	CB1901	CB1901				CB1901	CB1901
FBbt:20005498	adult CB1902 neuron	flywire	CB1902	CB1902				CB1902	CB1902
FBbt:20005499	adult CB1903 neuron	flywire	CB1903	CB1903				CB1903	CB1903
FBbt:20005500	adult CB1904 neuron	flywire	CB1904	CB1904					CB1904
FBbt:20005501	adult CB1905 neuron	flywire	CB1905	CB1905					CB1905
FBbt:20005502	adult CB1906 neuron	flywire	CB1906	CB1906				AVLP311_a2	CB1906
FBbt:20005504	adult CB1908 neuron	flywire	CB1908	CB1908				CB1908	CB1908
FBbt:20005505	adult CB1909 neuron	flywire	CB1909	CB1909				CB1909	CB1909
FBbt:20005506	adult CB1910 neuron	flywire	CB1910	CB1910				CB1910	CB1910
FBbt:20005507	adult CB1911 neuron	flywire	CB1911	CB1911				CB1911	CB1911
FBbt:20005508	adult CB1912 neuron	flywire	CB1912	CB1912				LHAV5c1	CB1912
FBbt:20005509	adult CB1913 neuron	flywire	CB1913	CB1913					
FBbt:20005510	adult CB1914 neuron	flywire	CB1914	CB1914				CB1914	CB1914
FBbt:20005511	adult CB1916 neuron	flywire	CB1916	CB1916					CB1916
FBbt:20005512	adult CB1917 neuron	flywire	CB1917	CB1917					CB1917
FBbt:20005513	adult CB1918 neuron	flywire	CB1918	CB1918				CB1918	CB1918
FBbt:20005514	adult CB1919 neuron	flywire	CB1919	CB1919					CB1919
FBbt:20005515	adult CB1920 neuron	flywire	CB1920	CB1920				CB1920	CB1920
FBbt:20005516	adult CB1921 neuron	flywire	CB1921	CB1921					
FBbt:20005517	adult CB1923 neuron	flywire	CB1923	CB1923				CB1923	CB1923
FBbt:20005518	adult CB1924 neuron	flywire	CB1924	CB1924				CB1924	CB1924
FBbt:20005519	adult CB1925 neuron	flywire	CB1925	CB1925					CB1925
FBbt:20005520	adult CB1926 neuron	flywire	CB1926	CB1926				CB1926	CB1926
FBbt:20005521	adult CB1927 neuron	flywire	CB1927	CB1927				CB1927	
FBbt:20005522	adult CB1928 neuron	flywire	CB1928	CB1928				SLP179_b	CB1928
FBbt:20005523	adult CB1929 neuron	flywire	CB1929	CB1929					
FBbt:20005524	adult CB1930 neuron	flywire	CB1930	CB1930					CB1930
FBbt:20005525	adult CB1931 neuron	flywire	CB1931	CB1931				CB1931	
FBbt:20005526	adult CB1932 neuron	flywire	CB1932	CB1932				CB1932|PVLP126_a	CB1932
FBbt:20005527	adult CB1933 neuron	flywire	CB1933	CB1933					CB1933
FBbt:20005528	adult CB1934 neuron	flywire	CB1934	CB1934				CB1934	CB1934
FBbt:20005529	adult CB1935 neuron	flywire	CB1935	CB1935				CB1935	CB1935
FBbt:20005530	adult CB1936 neuron	flywire	CB1936	CB1936					CB1936
FBbt:20005531	adult CB1937 neuron	flywire	CB1937	CB1937				GNG410	CB1937
FBbt:20005532	adult CB1938 neuron	flywire	CB1938	CB1938				CB1938	CB1938
FBbt:20005533	adult CB1939 neuron	flywire	CB1939	CB1939				LHPD3a4_c	CB1939
FBbt:20005534	adult CB1941 neuron	flywire	CB1941	CB1941				VES098	CB1941
FBbt:20005535	adult CB1942 neuron	flywire	CB1942	CB1942				CB1942	CB1942
FBbt:20005536	adult CB1943 neuron	flywire	CB1943	CB1943					CB1943
FBbt:20005537	adult CB1944 neuron	flywire	CB1944	CB1944					CB1944
FBbt:20005538	adult CB1945 neuron	flywire	CB1945	CB1945				CB1945	CB1945
FBbt:20005539	adult CB1946 neuron	flywire	CB1946	CB1946				CB1946	CB1946
FBbt:20005540	adult CB1947 neuron	flywire	CB1947	CB1947					
FBbt:20005541	adult CB1948 neuron	flywire	CB1948	CB1948				CB1948	CB1948
FBbt:20005542	adult CB1949 neuron	flywire	CB1949	CB1949				CB1949	CB1949
FBbt:20005543	adult CB1950 neuron	flywire	CB1950	CB1950				CB1950	CB1950
FBbt:20005544	adult CB1951 neuron	flywire	CB1951	CB1951					CB1951
FBbt:20005545	adult CB1952 neuron	flywire	CB1952	CB1952					
FBbt:20005546	adult CB1953 neuron	flywire	CB1953	CB1953				LHPV6h3,SLP276	CB1953
FBbt:20005547	adult CB1955 neuron	flywire	CB1955	CB1955				CB1955	CB1955
FBbt:20005548	adult CB1956 neuron	flywire	CB1956	CB1956				CB1956	CB1956
FBbt:20005549	adult CB1957 neuron	flywire	CB1957	CB1957					CB1957
FBbt:20005550	adult CB1958 neuron	flywire	CB1958	CB1958				CB1958	CB1958
FBbt:20005551	adult CB1959 neuron	flywire	CB1959	CB1959				CB1959	CB1959
FBbt:20005552	adult CB1960 neuron	flywire	CB1960	CB1960				CB1960	CB1960
FBbt:20005553	adult CB1961 neuron	flywire	CB1961	CB1961					CB1961
FBbt:20005554	adult CB1962 neuron	flywire	CB1962	CB1962					CB1962
FBbt:20005555	adult CB1963 neuron	flywire	CB1963	CB1963					CB1963
FBbt:20005556	adult CB1964 neuron	flywire	CB1964	CB1964				CB1964	CB1964
FBbt:20005557	adult CB1965 neuron	flywire	CB1965	CB1965					CB1965
FBbt:20005558	adult CB1966 neuron	flywire	CB1966						
FBbt:20005559	adult CB1967 neuron	flywire	CB1967	CB1967				SMP117_a|SMP117_b	CB1967
FBbt:20005560	adult CB1969 neuron	flywire	CB1969	CB1969					CB1969
FBbt:20005561	adult CB1970 neuron	flywire	CB1970	CB1970					CB1970
FBbt:20005562	adult CB1972 neuron	flywire	CB1972	CB1972					CB1972
FBbt:20005563	adult CB1973 neuron	flywire	CB1973	CB1973				CB1973	CB1973
FBbt:20005564	adult CB1974 neuron	flywire	CB1974	CB1974				GNG409	CB1974
FBbt:20005565	adult CB1975 neuron	flywire	CB1975	CB1975				CB1975	CB1975
FBbt:20005566	adult CB1976 neuron	flywire	CB1976	CB1976				CB1976b|CB1976	CB1976
FBbt:20005567	adult CB1977 neuron	flywire	CB1977	CB1977				CB1977	CB1977
FBbt:20005568	adult CB1978 neuron	flywire	CB1978	CB1978				AMMC025	CB1978
FBbt:20005569	adult CB1979 neuron	flywire	CB1979	CB1979					CB1979
FBbt:20005570	adult CB1980 neuron	flywire	CB1980	CB1980				CB1980	CB1980
FBbt:20005571	adult CB1981 neuron	flywire	CB1981	CB1981				CB1981	CB1981
FBbt:20005572	adult CB1982 neuron	flywire	CB1982	CB1982					CB1982
FBbt:20005573	adult CB1983 neuron	flywire	CB1983	CB1983				CB1983	CB1983
FBbt:20005574	adult CB1984 neuron	flywire	CB1984	CB1984				CB1984	CB1984
FBbt:20005575	adult CB1985 neuron	flywire	CB1985	CB1985				CB1985	CB1985
FBbt:20005576	adult CB1986 neuron	flywire	CB1986	CB1986					
FBbt:20005577	adult CB1987 neuron	flywire	CB1987	CB1987				CB1987	CB1987
FBbt:20005578	adult CB1989 neuron	flywire	CB1989	CB1989					CB1989
FBbt:20005579	adult CB1990 neuron	flywire	CB1990	CB1990				SLP044_a	CB1990
FBbt:20005580	adult CB1991 neuron	flywire	CB1991	CB1991					CB1991
FBbt:20005581	adult CB1992 neuron	flywire	CB1992	CB1992				LHAV2e4_b	CB1992
FBbt:20005582	adult CB1993 neuron	flywire	CB1993	CB1993					CB1993
FBbt:20005583	adult CB1995 neuron	flywire	CB1995	CB1995				AVLP524_b|CB1995	CB1995
FBbt:20005584	adult CB1996 neuron	flywire	CB1996	CB1996					CB1996
FBbt:20005585	adult CB1997 neuron	flywire	CB1997	CB1997				CB1997|CB1997_b	CB1997
FBbt:20005586	adult CB1999 neuron	flywire	CB1999	CB1999				PLVP059	CB1999
FBbt:20005587	adult CB2000 neuron	flywire	CB2000	CB2000				CB2000	CB2000
FBbt:20005588	adult CB2001 neuron	flywire	CB2001	CB2001					CB2001
FBbt:20005589	adult CB2002 neuron	flywire	CB2002	CB2002					CB2002
FBbt:20005590	adult CB2003 neuron	flywire	CB2003	CB2003				CB2003	CB2003
FBbt:20005591	adult CB2005 neuron	flywire	CB2005	CB2005					
FBbt:20005592	adult CB2006 neuron	flywire	CB2006	CB2006				CB2006	CB2006
FBbt:20005593	adult CB2007 neuron	flywire	CB2007	CB2007					CB2007
FBbt:20005594	adult CB2008 neuron	flywire	CB2008	CB2008					CB2008
FBbt:20005595	adult CB2009 neuron	flywire	CB2009	CB2009					CB2009
FBbt:20005596	adult CB2010 neuron	flywire	CB2010	CB2010					CB2010
FBbt:20005597	adult CB2011 neuron	flywire	CB2011	CB2011					CB2011
FBbt:20005598	adult CB2012 neuron	flywire	CB2012	CB2012					
FBbt:20005599	adult CB2013 neuron	flywire	CB2013	CB2013					
FBbt:20005600	adult CB2014 neuron	flywire	CB2014	CB2014					CB2014
FBbt:20005601	adult CB2015 neuron	flywire	CB2015	CB2015					CB2015
FBbt:20005602	adult CB2016 neuron	flywire	CB2016	CB2016					CB2016
FBbt:20005603	adult CB2017 neuron	flywire	CB2017	CB2017				PRW032	
FBbt:20005604	adult CB2018 neuron	flywire	CB2018	CB2018				CB2018	CB2018
FBbt:20005605	adult CB2019 neuron	flywire	CB2019	CB2019					CB2019
FBbt:20005606	adult CB2020 neuron	flywire	CB2020						
FBbt:20005607	adult CB2021 neuron	flywire	CB2021	CB2021					CB2021
FBbt:20005608	adult CB2022 neuron	flywire	CB2022	CB2022				LHPV4c1_c	CB2022
FBbt:20005609	adult CB2023 neuron	flywire	CB2023	CB2023					CB2023
FBbt:20005610	adult CB2024 neuron	flywire	CB2024	CB2024					CB2024
FBbt:20005611	adult CB2025 neuron	flywire	CB2025	CB2025					CB2025
FBbt:20005612	adult CB2026 neuron	flywire	CB2026	CB2026				CB2026	CB2026
FBbt:20005613	adult CB2027 neuron	flywire	CB2027	CB2027				CB2027	
FBbt:20005615	adult CB2029 neuron	flywire	CB2029	CB2029				CB2029	CB2029
FBbt:20005616	adult CB2030 neuron	flywire	CB2030	CB2030					CB2030
FBbt:20005617	adult CB2031 neuron	flywire	CB2031	CB2031					
FBbt:20005618	adult CB2032 neuron	flywire	CB2032	CB2032				CB2032	CB2032
FBbt:20005619	adult CB2033 neuron	flywire	CB2033	CB2033				CB2033	CB2033
FBbt:20005620	adult CB2034 neuron	flywire	CB2034	CB2034					CB2034
FBbt:20005621	adult CB2035 neuron	flywire	CB2035	CB2035				CB2035	CB2035
FBbt:20005622	adult CB2036 neuron	flywire	CB2036	CB2036				CB2036	CB2036
FBbt:20005623	adult CB2037 neuron	flywire	CB2037	CB2037				CB2037	CB2037
FBbt:20005624	adult CB2038 neuron	flywire	CB2038	CB2038				CB2038	
FBbt:20005625	adult CB2039 neuron	flywire	CB2039	CB2039					CB2039
FBbt:20005626	adult CB2040 neuron	flywire	CB2040	CB2040				CB2040	CB2040
FBbt:20005627	adult CB2041 neuron	flywire	CB2041	CB2041				CB2041	CB2041
FBbt:20005628	adult CB2043 neuron	flywire	CB2043	CB2043				CB2043	CB2043
FBbt:20005629	adult CB2044 neuron	flywire	CB2044	CB2044					CB2044
FBbt:20005630	adult CB2045 neuron	flywire	CB2045	CB2045				CB2045	CB2045
FBbt:20005631	adult CB2046 neuron	flywire	CB2046	CB2046					CB2046
FBbt:20005632	adult CB2047 neuron	flywire	CB2047	CB2047				CB2047	CB2047
FBbt:20005633	adult CB2048 neuron	flywire	CB2048	CB2048				CB2048	CB2048
FBbt:20005634	adult CB2049 neuron	flywire	CB2049	CB2049				CB2049	CB2049
FBbt:20005635	adult CB2050 neuron	flywire	CB2050	CB2050				CB2050	CB2050
FBbt:20005636	adult CB2051 neuron	flywire	CB2051	CB2051				CB2051	CB2051
FBbt:20005637	adult CB2053 neuron	flywire	CB2053	CB2053				CB2053	CB2053
FBbt:20005638	adult CB2054 neuron	flywire	CB2054	CB2054				GNG319	CB2054
FBbt:20005639	adult CB2055 neuron	flywire	CB2055	CB2055				GNG388	
FBbt:20005640	adult CB2056 neuron	flywire	CB2056	CB2056					CB2056
FBbt:20005641	adult CB2057 neuron	flywire	CB2057	CB2057					CB2057
FBbt:20005642	adult CB2059 neuron	flywire	CB2059	CB2059				CB2059	
FBbt:20005643	adult CB2060 neuron	flywire	CB2060	CB2060					CB2060
FBbt:20005644	adult CB2062 neuron	flywire	CB2062	CB2062					CB2062
FBbt:20005645	adult CB2063 neuron	flywire	CB2063	CB2063					CB2063
FBbt:20005646	adult CB2064 neuron	flywire	CB2064					CB2064	CB2064
FBbt:20005647	adult CB2065 neuron	flywire	CB2065	CB2065				GNG165	CB2065
FBbt:20005648	adult CB2066 neuron	flywire	CB2066	CB2066				CB2066	CB2066
FBbt:20005649	adult CB2067 neuron	flywire	CB2067	CB2067				AMMC022	CB2067
FBbt:20005650	adult CB2068 neuron	flywire	CB2068	CB2068					CB2068
FBbt:20005651	adult CB2069 neuron	flywire	CB2069	CB2069					CB2069
FBbt:20005652	adult CB2070 neuron	flywire	CB2070	CB2070				AOTU002_a	CB2070
FBbt:20005653	adult CB2071 neuron	flywire	CB2071	CB2071					CB2071
FBbt:20005654	adult CB2072 neuron	flywire	CB2072	CB2072				WED055_a	CB2072
FBbt:20005655	adult CB2074 neuron	flywire	CB2074	CB2074				CB2074	
FBbt:20005656	adult CB2075 neuron	flywire	CB2075	CB2075					CB2075
FBbt:20005657	adult CB2076 neuron	flywire	CB2076	CB2076					CB2076
FBbt:20005658	adult CB2077 neuron	flywire	CB2077	CB2077					CB2077
FBbt:20005659	adult CB2078 neuron	flywire	CB2078	CB2078					CB2078
FBbt:20005660	adult CB2079 neuron	flywire	CB2079	CB2079				CB2079	CB2079
FBbt:20005661	adult CB2080 neuron	flywire	CB2080	CB2080					
FBbt:20005662	adult CB2081 neuron	flywire	CB2081	CB2081				CB2081_a|CB2081_b	CB2081
FBbt:20005663	adult CB2082 neuron	flywire	CB2082	CB2082				CL191_a	CB2082
FBbt:20005664	adult CB2084 neuron	flywire	CB2084	CB2084				CB2084	CB2084
FBbt:20005665	adult CB2085 neuron	flywire	CB2085	CB2085					CB2085
FBbt:20005666	adult CB2086 neuron	flywire	CB2086	CB2086				CB2086	CB2086
FBbt:20005667	adult CB2087 neuron	flywire	CB2087	CB2087				CB2087	CB2087
FBbt:20005668	adult CB2088 neuron	flywire	CB2088	CB2088				CB2088	CB2088
FBbt:20005669	adult CB2089 neuron	flywire	CB2089	CB2089				CB2089	CB2089
FBbt:20005670	adult CB2090 neuron	flywire	CB2090	CB2090				AVLP325_b|CB2090	CB2090
FBbt:20005671	adult CB2091 neuron	flywire	CB2091						
FBbt:20005672	adult CB2092 neuron	flywire	CB2092	CB2092				CB2092	CB2092
FBbt:20005673	adult CB2093 neuron	flywire	CB2093	CB2093				CB2093	CB2093
FBbt:20005674	adult CB2094 neuron	flywire	CB2094					CB2094	
FBbt:20005675	adult CB2095 neuron	flywire	CB2095	CB2095					CB2095
FBbt:20005676	adult CB2096 neuron	flywire	CB2096	CB2096				LHAV5a4_a	
FBbt:20005677	adult CB2097 neuron	flywire	CB2097	CB2097					CB2097
FBbt:20005678	adult CB2098 neuron	flywire	CB2098	CB2098					CB2098
FBbt:20005679	adult CB2099 neuron	flywire	CB2099	CB2099					
FBbt:20005680	adult CB2100 neuron	flywire	CB2100	CB2100					CB2100
FBbt:20005681	adult CB2101 neuron	flywire	CB2101	CB2101					CB2101
FBbt:20005682	adult CB2102 neuron	flywire	CB2102	CB2102					CB2102
FBbt:20005683	adult CB2103 neuron	flywire	CB2103	CB2103					CB2103
FBbt:20005684	adult CB2105 neuron	flywire	CB2105	CB2105				CB2105	CB2105
FBbt:20005685	adult CB2106 neuron	flywire	CB2106	CB2106					CB2106
FBbt:20005686	adult CB2107 neuron	flywire	CB2107	CB2107				CB2107	CB2107
FBbt:20005687	adult CB2108 neuron	flywire	CB2108	CB2108				CB2108	CB2108
FBbt:20005688	adult CB2111 neuron	flywire	CB2111	CB2111				CB2111	
FBbt:20005689	adult CB2112 neuron	flywire	CB2112	CB2112					CB2112
FBbt:20005690	adult CB2113 neuron	flywire	CB2113	CB2113				CB2113	
FBbt:20005691	adult CB2114 neuron	flywire	CB2114	CB2114					CB2114
FBbt:20005692	adult CB2115 neuron	flywire	CB2115	CB2115				GNG612|GNG611	CB2115
FBbt:20005693	adult CB2116 neuron	flywire	CB2116	CB2116				CB2116	CB2116
FBbt:20005694	adult CB2117 neuron	flywire	CB2117	CB2117				CB2117	CB2117
FBbt:20005695	adult CB2118 neuron	flywire	CB2118	CB2118					CB2118
FBbt:20005696	adult CB2119 neuron	flywire	CB2119	CB2119					CB2119
FBbt:20005697	adult CB2120 neuron	flywire	CB2120	CB2120					CB2120
FBbt:20005698	adult CB2121 neuron	flywire	CB2121	CB2121					
FBbt:20005699	adult CB2122 neuron	flywire	CB2122	CB2122				SLP473	CB2122
FBbt:20005700	adult CB2123 neuron	flywire	CB2123	CB2123				CB2123	CB2123
FBbt:20005701	adult CB2124 neuron	flywire	CB2124	CB2124					
FBbt:20005702	adult CB2125 neuron	flywire	CB2125						
FBbt:20005703	adult CB2126 neuron	flywire	CB2126	CB2126				PS356	CB2126
FBbt:20005704	adult CB2127 neuron	flywire	CB2127	CB2127				CB2127	CB2127
FBbt:20005705	adult CB2128 neuron	flywire	CB2128	CB2128					CB2128
FBbt:20005706	adult CB2129 neuron	flywire	CB2129	CB2129					CB2129
FBbt:20005707	adult CB2130 neuron	flywire	CB2130	CB2130					
FBbt:20005708	adult CB2131 neuron	flywire	CB2131	CB2131				aIPg1	CB2131
FBbt:20005709	adult CB2132 neuron	flywire	CB2132	CB2132				CB2132	CB2132
FBbt:20005710	adult CB2133 neuron	flywire	CB2133	CB2133				CB2133	CB2133
FBbt:20005711	adult CB2134 neuron	flywire	CB2134	CB2134				GNG064	CB2134
FBbt:20005712	adult CB2135 neuron	flywire	CB2135	CB2135					CB2135
FBbt:20005713	adult CB2136 neuron	flywire	CB2136	CB2136				CB2136	CB2136
FBbt:20005714	adult CB2137 neuron	flywire	CB2137	CB2137					
FBbt:20005715	adult CB2138 neuron	flywire	CB2138	CB2138					CB2138
FBbt:20005716	adult CB2139 neuron	flywire	CB2139	CB2139				WED204	CB2139
FBbt:20005717	adult CB2140 neuron	flywire	CB2140	CB2140					CB2140
FBbt:20005718	adult CB2141 neuron	flywire	CB2141	CB2141					CB2141
FBbt:20005719	adult CB2142 neuron	flywire	CB2142	CB2142					CB2142
FBbt:20005720	adult CB2143 neuron	flywire	CB2143	CB2143				CB2143	CB2143
FBbt:20005721	adult CB2144 neuron	flywire	CB2144	CB2144				CB2144	CB2144
FBbt:20005722	adult CB2145 neuron	flywire	CB2145	CB2145				SLP283,SLP284	CB2145
FBbt:20005723	adult CB2146 neuron	flywire	CB2146	CB2146					CB2146
FBbt:20005724	adult CB2147 neuron	flywire	CB2147	CB2147				CRE003_b	CB2147
FBbt:20005725	adult CB2148 neuron	flywire	CB2148	CB2148				CB2148	CB2148
FBbt:20005726	adult CB2149 neuron	flywire	CB2149	CB2149				AMMC002	CB2149
FBbt:20005727	adult CB2151 neuron	flywire	CB2151	CB2151				CB2151	
FBbt:20005728	adult CB2152 neuron	flywire	CB2152	CB2152				CB2152	CB2152
FBbt:20005729	adult CB2153 neuron	flywire	CB2153	CB2153				CB2153	CB2153
FBbt:20005730	adult CB2154 neuron	flywire	CB2154	CB2154				CB2154	CB2154
FBbt:20005731	adult CB2155 neuron	flywire	CB2155	CB2155					CB2155
FBbt:20005732	adult CB2156 neuron	flywire	CB2156	CB2156					CB2156
FBbt:20005733	adult CB2157 neuron	flywire	CB2157	CB2157					CB2157
FBbt:20005734	adult CB2159 neuron	flywire	CB2159	CB2159					
FBbt:20005735	adult CB2160 neuron	flywire	CB2160	CB2160				PS353|PS354	CB2160
FBbt:20005736	adult CB2162 neuron	flywire	CB2162	CB2162				GNG636	CB2162
FBbt:20005737	adult CB2163 neuron	flywire	CB2163	CB2163					CB2163
FBbt:20005738	adult CB2164 neuron	flywire	CB2164	CB2164					
FBbt:20005739	adult CB2165 neuron	flywire	CB2165	CB2165					CB2165
FBbt:20005740	adult CB2166 neuron	flywire	CB2166	CB2166					
FBbt:20005741	adult CB2167 neuron	flywire	CB2167	CB2167					CB2167
FBbt:20005742	adult CB2168 neuron	flywire	CB2168						
FBbt:20005743	adult CB2169 neuron	flywire	CB2169	CB2169					CB2169
FBbt:20005744	adult CB2170 neuron	flywire	CB2170	CB2170					CB2170
FBbt:20005745	adult CB2171 neuron	flywire	CB2171	CB2171				AVLP311_a2|CB2171|AVLP311_b1	CB2171
FBbt:20005746	adult CB2172 neuron	flywire	CB2172	CB2172				CB2172	CB2172
FBbt:20005747	adult CB2173 neuron	flywire	CB2173	CB2173					CB2173
FBbt:20005748	adult CB2174 neuron	flywire	CB2174	CB2174				CB2174	CB2174
FBbt:20005749	adult CB2175 neuron	flywire	CB2175	CB2175				CB2175	CB2175
FBbt:20005750	adult CB2176 neuron	flywire	CB2176	CB2176					CB2176
FBbt:20005751	adult CB2177 neuron	flywire	CB2177	CB2177				GNG404	CB2177
FBbt:20005752	adult CB2178 neuron	flywire	CB2178	CB2178				CB2178	CB2178
FBbt:20005753	adult CB2179 neuron	flywire	CB2179	CB2179					CB2179
FBbt:20005754	adult CB2180 neuron	flywire	CB2180	CB2180					CB2180
FBbt:20005755	adult CB2181 neuron	flywire	CB2181	CB2181					CB2181
FBbt:20005756	adult CB2182 neuron	flywire	CB2182	CB2182				CB2182	
FBbt:20005757	adult CB2183 neuron	flywire	CB2183	CB2183					CB2183
FBbt:20005758	adult CB2184 neuron	flywire	CB2184	CB2184				CB2184	
FBbt:20005759	adult CB2185 neuron	flywire	CB2185	CB2185				CB2185	CB2185
FBbt:20005760	adult CB2186 neuron	flywire	CB2186	CB2186					CB2186
FBbt:20005761	adult CB2187 neuron	flywire	CB2187	CB2187					CB2187
FBbt:20005762	adult CB2188 neuron	flywire	CB2188	CB2188					CB2188
FBbt:20005763	adult CB2189 neuron	flywire	CB2189	CB2189				CB2189	CB2189
FBbt:20005764	adult CB2190 neuron	flywire	CB2190	CB2190				WED040_a	CB2190
FBbt:20005765	adult CB2191 neuron	flywire	CB2191	CB2191				GNG403	CB2191
FBbt:20005766	adult CB2192 neuron	flywire	CB2192	CB2192					CB2192
FBbt:20005767	adult CB2193 neuron	flywire	CB2193	CB2193					CB2193
FBbt:20005768	adult CB2194 neuron	flywire	CB2194	CB2194				CB2194	CB2194
FBbt:20005769	adult CB2195 neuron	flywire	CB2195	CB2195				GNG309|GNG310	CB2195
FBbt:20005770	adult CB2196 neuron	flywire	CB2196	CB2196				CB2196	CB2196
FBbt:20005771	adult CB2197 neuron	flywire	CB2197	CB2197					CB2197
FBbt:20005772	adult CB2198 neuron	flywire	CB2198	CB2198				GNG408|GNG402	CB2198
FBbt:20005773	adult CB2199 neuron	flywire	CB2199	CB2199					CB2199
FBbt:20005774	adult CB2200 neuron	flywire	CB2200	CB2200				CB2200	CB2200
FBbt:20005775	adult CB2201 neuron	flywire	CB2201	CB2201					
FBbt:20005776	adult CB2202 neuron	flywire	CB2202	CB2202				CB2202	CB2202
FBbt:20005777	adult CB2203 neuron	flywire	CB2203	CB2203				WED030_b	CB2203
FBbt:20005778	adult CB2204 neuron	flywire	CB2204	CB2204					CB2204
FBbt:20005779	adult CB2205 neuron	flywire	CB2205	CB2205				CB2205	CB2205
FBbt:20005780	adult CB2206 neuron	flywire	CB2206	CB2206				CB2206	CB2206
FBbt:20005781	adult CB2207 neuron	flywire	CB2207	CB2207				CB2207	CB2207
FBbt:20005782	adult CB2208 neuron	flywire	CB2208	CB2208				CB2208	CB2208
FBbt:20005783	adult CB2209 neuron	flywire	CB2209	CB2209					CB2209
FBbt:20005784	adult CB2211 neuron	flywire	CB2211	CB2211					CB2211
FBbt:20005786	adult CB2213 neuron	flywire	CB2213	CB2213					CB2213
FBbt:20005787	adult CB2214 neuron	flywire	CB2214	CB2214				SIP074_b|SIP074_a	CB2214
FBbt:20005788	adult CB2215 neuron	flywire	CB2215	CB2215				LHAV2k12_a	CB2215
FBbt:20005789	adult CB2217 neuron	flywire	CB2217	CB2217					CB2217
FBbt:20005790	adult CB2218 neuron	flywire	CB2218	CB2218				PLVP059	CB2218
FBbt:20005791	adult CB2220 neuron	flywire	CB2220	CB2220					CB2220
FBbt:20005793	adult LHPV4a7a neuron	flywire	LHPV4a7a	LHPV4a7a					LHPV4a7a
FBbt:20005794	adult CB2224 neuron	flywire	CB2224	CB2224				CB2224	CB2224
FBbt:20005795	adult CB2225 neuron	flywire	CB2225	CB2225					CB2225
FBbt:20005796	adult CB2226 neuron	flywire	CB2226	CB2226				CB2226	CB2226
FBbt:20005797	adult CB2227 neuron	flywire	CB2227	CB2227				CB2227	CB2227
FBbt:20005798	adult CB2228 neuron	flywire	CB2228	CB2228				CB2228	CB2228
FBbt:20005799	adult CB2229 neuron	flywire	CB2229	CB2229				CB2229	CB2229
FBbt:20005800	adult CB2230 neuron	flywire	CB2230	CB2230				CB2230	CB2230
FBbt:20005801	adult CB2231 neuron	flywire	CB2231	CB2231				PRW031	CB2231
FBbt:20005802	adult CB2232 neuron	flywire	CB2232	CB2232				CB2232	CB2232
FBbt:20005803	adult CB2233 neuron	flywire	CB2233	CB2233				GNG275	CB2233
FBbt:20005804	adult CB2235 neuron	flywire	CB2235	CB2235				CB2235	CB2235
FBbt:20005805	adult CB2236 neuron	flywire	CB2236	CB2236					CB2236
FBbt:20005806	adult CB2237 neuron	flywire	CB2237	CB2237				PS312	CB2237
FBbt:20005807	adult CB2238 neuron	flywire	CB2238	CB2238					CB2238
FBbt:20005808	adult CB2239 neuron	flywire	CB2239						
FBbt:20005809	adult CB2240 neuron	flywire	CB2240	CB2240					
FBbt:20005810	adult CB2241 neuron	flywire	CB2241	CB2241					CB2241
FBbt:20005811	adult CB2242 neuron	flywire	CB2242	CB2242				GNG401|GNG392|GNG398	CB2242
FBbt:20005812	adult CB2243 neuron	flywire	CB2243	CB2243					CB2243
FBbt:20005813	adult CB2244 neuron	flywire	CB2244	CB2244				CB2244	CB2244
FBbt:20005814	adult CB2245 neuron	flywire	CB2245	CB2245				CB2245	CB2245
FBbt:20005815	adult CB2246 neuron	flywire	CB2246	CB2246				CB2246	CB2246
FBbt:20005816	adult CB2247 neuron	flywire	CB2247	CB2247					CB2247
FBbt:20005817	adult CB2248 neuron	flywire	CB2248	CB2248				aSP10B	
FBbt:20005818	adult CB2249 neuron	flywire	CB2249	CB2249					
FBbt:20005819	adult CB2250 neuron	flywire	CB2250	CB2250				SIP021_a	CB2250
FBbt:20005820	adult CB2251 neuron	flywire	CB2251	CB2251				CB2251	CB2251
FBbt:20005821	adult CB2252 neuron	flywire	CB2252	CB2252				CB2252	CB2252
FBbt:20005822	adult CB2253 neuron	flywire	CB2253	CB2253					CB2253
FBbt:20005823	adult CB2254 neuron	flywire	CB2254	CB2254				AVLP203_b|CB2254	CB2254
FBbt:20005824	adult CB2256 neuron	flywire	CB2256	CB2256					CB2256
FBbt:20005825	adult CB2257 neuron	flywire	CB2257	CB2257				CB2257	CB2257
FBbt:20005826	adult CB2258 neuron	flywire	CB2258	CB2258					CB2258
FBbt:20005827	adult CB2259 neuron	flywire	CB2259	CB2259				IB004_b|CB2259	CB2259
FBbt:20005828	adult CB2260 neuron	flywire	CB2260	CB2260					CB2260
FBbt:20005829	adult CB2261 neuron	flywire	CB2261	CB2261					CB2261
FBbt:20005830	adult CB2263 neuron	flywire	CB2263	CB2263					CB2263
FBbt:20005831	adult CB2264 neuron	flywire	CB2264	CB2264					CB2264
FBbt:20005832	adult CB2265 neuron	flywire	CB2265	CB2265					CB2265
FBbt:20005833	adult CB2266 neuron	flywire	CB2266	CB2266					CB2266
FBbt:20005834	adult CB2267 neuron	flywire	CB2267						
FBbt:20005835	adult CB2269 neuron	flywire	CB2269	CB2269				CB2269	CB2269
FBbt:20005836	adult CB2270 neuron	flywire	CB2270	CB2270				CB2270	CB2270
FBbt:20005837	adult CB2271 neuron	flywire	CB2271	CB2271					CB2271
FBbt:20005838	adult CB2273 neuron	flywire	CB2273	CB2273					CB2273
FBbt:20005839	adult CB2274 neuron	flywire	CB2274	CB2274					CB2274
FBbt:20005840	adult CB2276 neuron	flywire	CB2276	CB2276					CB2276
FBbt:20005841	adult CB2277 neuron	flywire	CB2277	CB2277					CB2277
FBbt:20005842	adult CB2278 neuron	flywire	CB2278	CB2278					CB2278
FBbt:20005843	adult CB2279 neuron	flywire	CB2279	CB2279				LHAD3e1_a	CB2279
FBbt:20005844	adult CB2280 neuron	flywire	CB2280	CB2280				CB2280	CB2280
FBbt:20005845	adult CB2281 neuron	flywire	CB2281	CB2281				CB2281	
FBbt:20005846	adult CB2282 neuron	flywire	CB2282	CB2282					CB2282
FBbt:20005847	adult CB2283 neuron	flywire	CB2283	CB2283					CB2283
FBbt:20005848	adult CB2284 neuron	flywire	CB2284	CB2284					CB2284
FBbt:20005849	adult CB2285 neuron	flywire	CB2285	CB2285				CB2285	CB2285
FBbt:20005850	adult CB2286 neuron	flywire	CB2286	CB2286				CB2286	CB2286
FBbt:20005851	adult CB2287 neuron	flywire	CB2287	CB2287				AVLP548_g1	CB2287
FBbt:20005852	adult CB2288 neuron	flywire	CB2288	CB2288				SMP316_b	CB2288
FBbt:20005853	adult CB2289 neuron	flywire	CB2289	CB2289					CB2289
FBbt:20005854	adult CB2290 neuron	flywire	CB2290	CB2290				CB2290	CB2290
FBbt:20005855	adult CB2291 neuron	flywire	CB2291	CB2291					CB2291
FBbt:20005856	adult CB2292 neuron	flywire	CB2292	CB2292				CB2292	CB2292
FBbt:20005857	adult CB2293 neuron	flywire	CB2293	CB2293					CB2293
FBbt:20005858	adult CB2294 neuron	flywire	CB2294	CB2294				CB2294	CB2294
FBbt:20005859	adult CB2295 neuron	flywire	CB2295	CB2295				CB2295	CB2295
FBbt:20005860	adult CB2296 neuron	flywire	CB2296	CB2296					CB2296
FBbt:20005861	adult CB2297 neuron	flywire	CB2297	CB2297					CB2297
FBbt:20005862	adult CB2298 neuron	flywire	CB2298	CB2298				CB2298	CB2298
FBbt:20005863	adult CB2299 neuron	flywire	CB2299	CB2299				GNG400	CB2299
FBbt:20005864	adult CB2300 neuron	flywire	CB2300	CB2300				CB2300	CB2300
FBbt:20005865	adult CB2302 neuron	flywire	CB2302	CB2302				CB2302	CB2302
FBbt:20005866	adult CB2303 neuron	flywire	CB2303	CB2303				PRW030	CB2303
FBbt:20005867	adult CB2304 neuron	flywire	CB2304	CB2304				GNG399	CB2304
FBbt:20005868	adult CB2305 neuron	flywire	CB2305	CB2305					
FBbt:20005869	adult CB2307 neuron	flywire	CB2307						
FBbt:20005870	adult CB2308 neuron	flywire	CB2308	CB2308					CB2308
FBbt:20005871	adult CB2309 neuron	flywire	CB2309	CB2309				CB2309	CB2309
FBbt:20005872	adult CB2310 neuron	flywire	CB2310	CB2310				CB2310	CB2310
FBbt:20005873	adult CB2311 neuron	flywire	CB2311	CB2311				CB2311	CB2311
FBbt:20005874	adult CB2312 neuron	flywire	CB2312	CB2312					CB2312
FBbt:20005875	adult CB2313 neuron	flywire	CB2313	CB2313				AMMC016	CB2313
FBbt:20005876	adult CB2315 neuron	flywire	CB2315	CB2315				CB2315	
FBbt:20005877	adult CB2316 neuron	flywire	CB2316	CB2316				CB2316	CB2316
FBbt:20005878	adult CB2317 neuron	flywire	CB2317	CB2317					CB2317
FBbt:20005880	adult CB2319 neuron	flywire	CB2319	CB2319				CB2319	CB2319
FBbt:20005881	adult CB2320 neuron	flywire	CB2320	CB2320					CB2320
FBbt:20005882	adult CB2321 neuron	flywire	CB2321	CB2321				CB2321	CB2321
FBbt:20005883	adult CB2322 neuron	flywire	CB2322	CB2322				AMMC032	CB2322
FBbt:20005884	adult CB2323 neuron	flywire	CB2323	CB2323				CB2323	CB2323
FBbt:20005885	adult CB2326 neuron	flywire	CB2326						
FBbt:20005886	adult CB2327 neuron	flywire	CB2327						
FBbt:20005887	adult CB2328 neuron	flywire	CB2328	CB2328					CB2328
FBbt:20005888	adult CB2329 neuron	flywire	CB2329	CB2329					CB2329
FBbt:20005889	adult CB2330 neuron	flywire	CB2330	CB2330				CB2330	CB2330
FBbt:20005890	adult CB2331 neuron	flywire	CB2331	CB2331					CB2331
FBbt:20005891	adult CB2333 neuron	flywire	CB2333	CB2333				VES109	CB2333
FBbt:20005892	adult CB2334 neuron	flywire	CB2334	CB2334					CB2334
FBbt:20005893	adult CB2335 neuron	flywire	CB2335	CB2335				SLP015_b	CB2335
FBbt:20005894	adult CB2336 neuron	flywire	CB2336	CB2336					CB2336
FBbt:20005895	adult CB2337 neuron	flywire	CB2337	CB2337				CB2337	CB2337
FBbt:20005896	adult CB2338 neuron	flywire	CB2338	CB2338					CB2338
FBbt:20005897	adult CB2339 neuron	flywire	CB2339	CB2339				CB2339	CB2339
FBbt:20005898	adult CB2340 neuron	flywire	CB2340	CB2340					CB2340
FBbt:20005899	adult CB2341 neuron	flywire	CB2341	CB2341				LAL136_a	CB2341
FBbt:20005900	adult CB2342 neuron	flywire	CB2342	CB2342				CB2342	CB2342
FBbt:20005901	adult CB2343 neuron	flywire	CB2343	CB2343				CB2343	CB2343
FBbt:20005902	adult CB2344 neuron	flywire	CB2344	CB2344					CB2344
FBbt:20005903	adult CB2345 neuron	flywire	CB2345	CB2345					CB2345
FBbt:20005904	adult CB2346 neuron	flywire	CB2346	CB2346				CB2346	CB2346
FBbt:20005905	adult CB2347 neuron	flywire	CB2347	CB2347				CB2347	CB2347
FBbt:20005906	adult CB2348 neuron	flywire	CB2348	CB2348				CB2348	CB2348
FBbt:20005907	adult CB2349 neuron	flywire	CB2349	CB2349					
FBbt:20005908	adult CB2350 neuron	flywire	CB2350	CB2350					CB2350
FBbt:20005909	adult CB2351 neuron	flywire	CB2351	CB2351				CB2351	CB2351
FBbt:20005910	adult CB2352 neuron	flywire	CB2352	CB2352					CB2352
FBbt:20005911	adult CB2353 neuron	flywire	CB2353	CB2353				GNG609|GNG610	CB2353
FBbt:20005912	adult CB2354 neuron	flywire	CB2354	CB2354					CB2354
FBbt:20005913	adult CB2355 neuron	flywire	CB2355	CB2355				GNG397	CB2355
FBbt:20005915	adult CB2357 neuron	flywire	CB2357	CB2357				CB2357	CB2357
FBbt:20005916	adult CB2358 neuron	flywire	CB2358	CB2358					CB2358
FBbt:20005917	adult CB2360 neuron	flywire	CB2360	CB2360					CB2360
FBbt:20005918	adult CB2361 neuron	flywire	CB2361	CB2361				CB2361	CB2361
FBbt:20005919	adult CB2362 neuron	flywire	CB2362	CB2362					
FBbt:20005920	adult CB2363 neuron	flywire	CB2363	CB2363				CB2363	
FBbt:20005921	adult CB2364 neuron	flywire	CB2364	CB2364					CB2364
FBbt:20005922	adult CB2365 neuron	flywire	CB2365	CB2365				CB2365	CB2365
FBbt:20005923	adult CB2366 neuron	flywire	CB2366	CB2366				CB2366	CB2366
FBbt:20005924	adult CB2367 neuron	flywire	CB2367	CB2367					CB2367
FBbt:20005925	adult CB2368 neuron	flywire	CB2368	CB2368					CB2368
FBbt:20005926	adult CB2369 neuron	flywire	CB2369	CB2369					CB2369
FBbt:20005927	adult CB2370 neuron	flywire	CB2370	CB2370					CB2370
FBbt:20005928	adult CB2371 neuron	flywire	CB2371	CB2371				CB2371	CB2371
FBbt:20005929	adult CB2372 neuron	flywire	CB2372	CB2372					CB2372
FBbt:20005930	adult CB2373 neuron	flywire	CB2373	CB2373				CB2373	CB2373
FBbt:20005931	adult CB2374 neuron	flywire	CB2374	CB2374				CB2374	CB2374
FBbt:20005932	adult CB2375 neuron	flywire	CB2375	SIP200f					SIP200f
FBbt:20005933	adult CB2376 neuron	flywire	CB2376	CB2376					CB2376
FBbt:20005934	adult CB2377 neuron	flywire	CB2377	CB2377				CB2377	CB2377
FBbt:20005935	adult CB2378 neuron	flywire	CB2378	CB2378					CB2378
FBbt:20005936	adult CB2379 neuron	flywire	CB2379	CB2379				CB2379	
FBbt:20005937	adult CB2380 neuron	flywire	CB2380	CB2380				CB2380	CB2380
FBbt:20005938	adult CB2381 neuron	flywire	CB2381						
FBbt:20005939	adult CB2382 neuron	flywire	CB2382	CB2382					CB2382
FBbt:20005940	adult CB2383 neuron	flywire	CB2383	CB2383					CB2383
FBbt:20005941	adult CB2384 neuron	flywire	CB2384	CB2384					CB2384
FBbt:20005942	adult CB2385 neuron	flywire	CB2385	CB2385				GNG044	CB2385
FBbt:20005943	adult CB2386 neuron	flywire	CB2386	CB2386				AVLP176_b	CB2386
FBbt:20005944	adult CB2387 neuron	flywire	CB2387	CB2387				LHAV4g4_b	CB2387
FBbt:20005945	adult CB2389 neuron	flywire	CB2389	CB2389				CB2389	CB2389
FBbt:20005946	adult CB2390 neuron	flywire	CB2390	CB2390				CB2390	CB2390
FBbt:20005947	adult CB2391 neuron	flywire	CB2391	CB2391					CB2391
FBbt:20005948	adult CB2392 neuron	flywire	CB2392	CB2392				PS342|PS340|PS341	CB2392
FBbt:20005949	adult CB2393 neuron	flywire	CB2393	CB2393					CB2393
FBbt:20005950	adult CB2394 neuron	flywire	CB2394	SAD301f					SAD301f
FBbt:20005951	adult CB2395 neuron	flywire	CB2395						
FBbt:20005952	adult CB2396 neuron	flywire	CB2396	CB2396				CB2396	CB2396
FBbt:20005953	adult CB2397 neuron	flywire	CB2397	CB2397					CB2397
FBbt:20005954	adult CB2398 neuron	flywire	CB2398	CB2398				CB2398	CB2398
FBbt:20005955	adult CB2399 neuron	flywire	CB2399	CB2399					CB2399
FBbt:20005956	adult CB2401 neuron	flywire	CB2401	CB2401				CB2401	CB2401
FBbt:20005957	adult CB2402 neuron	flywire	CB2402	CB2402					CB2402
FBbt:20005958	adult CB2403 neuron	flywire	CB2403	CB2403					CB2403
FBbt:20005959	adult CB2404 neuron	flywire	CB2404	CB2404				CB2404	CB2404
FBbt:20005960	adult CB2405 neuron	flywire	CB2405						
FBbt:20005961	adult CB2406 neuron	flywire	CB2406	CB2406					CB2406
FBbt:20005962	adult CB2407 neuron	flywire	CB2407	CB2407					CB2407
FBbt:20005963	adult CB2408 neuron	flywire	CB2408	CB2408				CB2408	CB2408
FBbt:20005964	adult CB2409 neuron	flywire	CB2409						
FBbt:20005965	adult CB2411 neuron	flywire	CB2411	CB2411				CB2411	CB2411
FBbt:20005966	adult CB2412 neuron	flywire	CB2412	CB2412				CB2412	CB2412
FBbt:20005967	adult CB2413 neuron	flywire	CB2413	CB2413					CB2413
FBbt:20005968	adult CB2414 neuron	flywire	CB2414	CB2414				WEDPN17_a1|WEDPN17_a2	
FBbt:20005969	adult CB2415 neuron	flywire	CB2415	CB2415				GNG659	CB2415
FBbt:20005970	adult CB2416 neuron	flywire	CB2416	CB2416				CB2416	CB2416
FBbt:20005971	adult CB2417 neuron	flywire	CB2417	CB2417					CB2417
FBbt:20005972	adult CB2418 neuron	flywire	CB2418						
FBbt:20005973	adult CB2419 neuron	flywire	CB2419	CB2419				LHAV3e4_b	CB2419
FBbt:20005974	adult CB2420 neuron	flywire	CB2420	CB2420				CB2420	CB2420
FBbt:20005975	adult CB2421 neuron	flywire	CB2421	CB2421					CB2421
FBbt:20005976	adult CB2422 neuron	flywire	CB2422	CB2422					CB2422
FBbt:20005977	adult CB2423 neuron	flywire	CB2423	CB2423					CB2423
FBbt:20005978	adult CB2424 neuron	flywire	CB2424	CB2424					CB2424
FBbt:20005979	adult CB2425 neuron	flywire	CB2425	CB2425				CB2425	
FBbt:20005980	adult CB2426 neuron	flywire	CB2426	CB2426				AVLP203_b|AVLP203_a	CB2426
FBbt:20005981	adult CB2427 neuron	flywire	CB2427	CB2427					CB2427
FBbt:20005982	adult CB2428 neuron	flywire	CB2428	CB2428					CB2428
FBbt:20005983	adult CB2429 neuron	flywire	CB2429	CB2429					
FBbt:20005984	adult CB2430 neuron	flywire	CB2430	CB2430				CB2430	CB2430
FBbt:20005985	adult CB2431 neuron	flywire	CB2431	CB2431				CB2431	CB2431
FBbt:20005986	adult CB2432 neuron	flywire	CB2432	CB2432					CB2432
FBbt:20005987	adult CB2433 neuron	flywire	CB2433	CB2433				CB2433	CB2433
FBbt:20005988	adult CB2434 neuron	flywire	CB2434	CB2434					CB2434
FBbt:20005989	adult CB2436 neuron	flywire	CB2436	CB2436					CB2436
FBbt:20005990	adult CB2437 neuron	flywire	CB2437	CB2437				CB2437	
FBbt:20005991	adult CB2438 neuron	flywire	CB2438						CB2438
FBbt:20005992	adult CB2439 neuron	flywire	CB2439	CB2439					CB2439
FBbt:20005993	adult CB2440 neuron	flywire	CB2440	CB2440				CB2440	CB2440
FBbt:20005994	adult CB2442 neuron	flywire	CB2442	CB2442				CB2442	CB2442
FBbt:20005995	adult CB2443 neuron	flywire	CB2443	CB2443					CB2443
FBbt:20005996	adult CB2444 neuron	flywire	CB2444	CB2444				SMP196_b	CB2444
FBbt:20005997	adult CB2446 neuron	flywire	CB2446	CB2446					CB2446
FBbt:20005998	adult CB2447 neuron	flywire	CB2447	CB2447				CB2447	CB2447
FBbt:20005999	adult CB2448 neuron	flywire	CB2448	CB2448				CB2448	CB2448
FBbt:20006000	adult CB2449 neuron	flywire	CB2449	CB2449					CB2449
FBbt:20006001	adult CB2450 neuron	flywire	CB2450	CB2450					CB2450
FBbt:20006002	adult CB2451 neuron	flywire	CB2451	CB2451					CB2451
FBbt:20006003	adult CB2452 neuron	flywire	CB2452	CB2452					
FBbt:20006004	adult CB2453 neuron	flywire	CB2453	CB2453				CB2453	CB2453
FBbt:20006005	adult CB2454 neuron	flywire	CB2454						
FBbt:20006006	adult CB2455 neuron	flywire	CB2455	CB2455				GNG396	CB2455
FBbt:20006007	adult CB2456 neuron	flywire	CB2456	CB2456				GNG395	CB2456
FBbt:20006008	adult CB2457 neuron	flywire	CB2457	CB2457					CB2457
FBbt:20006009	adult CB2458 neuron	flywire	CB2458	CB2458				CB2458	CB2458
FBbt:20006010	adult CB2459 neuron	flywire	CB2459	CB2459				CB2459	CB2459
FBbt:20006011	adult CB2460 neuron	flywire	CB2460	CB2460				LAL060_b	CB2460
FBbt:20006012	adult CB2461 neuron	flywire	CB2461	CB2461				GNG657	CB2461
FBbt:20006013	adult CB2462 neuron	flywire	CB2462	CB2462				CB2462	CB2462
FBbt:20006014	adult CB2463 neuron	flywire	CB2463	CB2463				CB2463	CB2463
FBbt:20006015	adult CB2465 neuron	flywire	CB2465	CB2465				CB2465	CB2465
FBbt:20006016	adult CB2466 neuron	flywire	CB2466	CB2466					CB2466
FBbt:20006017	adult CB2467 neuron	flywire	CB2467	CB2467				CB2467	CB2467
FBbt:20006018	adult CB2468 neuron	flywire	CB2468	CB2468					
FBbt:20006019	adult CB2469 neuron	flywire	CB2469	CB2469				CB2469	CB2469
FBbt:20006020	adult CB2470 neuron	flywire	CB2470	CB2470					CB2470
FBbt:20006021	adult CB2471 neuron	flywire	CB2471	CB2471				CB2471	CB2471
FBbt:20006022	adult CB2472 neuron	flywire	CB2472	CB2472				CB2472	CB2472
FBbt:20006023	adult CB2473 neuron	flywire	CB2473	CB2473					CB2473
FBbt:20006024	adult CB2474 neuron	flywire	CB2474	CB2474					CB2474
FBbt:20006025	adult CB2475 neuron	flywire	CB2475	CB2475				CB2475	CB2475
FBbt:20006026	adult CB2476 neuron	flywire	CB2476	CB2476				LHAV5a6_b	CB2476
FBbt:20006027	adult CB2477 neuron	flywire	CB2477	CB2477					CB2477
FBbt:20006028	adult CB2478 neuron	flywire	CB2478	CB2478				CB2478	
FBbt:20006029	adult CB2479 neuron	flywire	CB2479	CB2479				CB2479	CB2479
FBbt:20006030	adult CB2480 neuron	flywire	CB2480	CB2480				CB2480	CB2480
FBbt:20006031	adult CB2481 neuron	flywire	CB2481	CB2481				CB2481	CB2481
FBbt:20006032	adult CB2482 neuron	flywire	CB2482	CB2482					CB2482
FBbt:20006033	adult CB2485 neuron	flywire	CB2485	CB2485					CB2485
FBbt:20006034	adult CB2487 neuron	flywire	CB2487	CB2487					CB2487
FBbt:20006035	adult CB2488 neuron	flywire	CB2488	CB2488					CB2488
FBbt:20006036	adult CB2489 neuron	flywire	CB2489	CB2489				CB2489	
FBbt:20006037	adult CB2490 neuron	flywire	CB2490	CB2490					CB2490
FBbt:20006038	adult CB2491 neuron	flywire	CB2491	CB2491				CB2491	CB2491
FBbt:20006039	adult CB2492 neuron	flywire	CB2492	CB2492					CB2492
FBbt:20006040	adult CB2493 neuron	flywire	CB2493	CB2493					CB2493
FBbt:20006041	adult CB2494 neuron	flywire	CB2494	CB2494				CB2494	CB2494
FBbt:20006042	adult CB2495 neuron	flywire	CB2495	CB2495				CB2495	CB2495
FBbt:20006043	adult CB2497 neuron	flywire	CB2497	CB2497				CB2497	CB2497
FBbt:20006044	adult CB2498 neuron	flywire	CB2498	CB2498				CB2498	CB2498
FBbt:20006045	adult CB2500 neuron	flywire	CB2500	CB2500				CB2500	CB2500
FBbt:20006046	adult CB2501 neuron	flywire	CB2501	CB2501				CB2501	CB2501
FBbt:20006047	adult CB2502 neuron	flywire	CB2502	CB2502					CB2502
FBbt:20006048	adult CB2503 neuron	flywire	CB2503	CB2503				CB2503	CB2503
FBbt:20006049	adult CB2505 neuron	flywire	CB2505	CB2505					CB2505
FBbt:20006050	adult CB2506 neuron	flywire	CB2506	CB2506					CB2506
FBbt:20006051	adult CB2507 neuron	flywire	CB2507	CB2507				CB2507	CB2507
FBbt:20006052	adult CB2509 neuron	flywire	CB2509	CB2509					CB2509
FBbt:20006053	adult CB2510 neuron	flywire	CB2510	CB2510					CB2510
FBbt:20006054	adult CB2511 neuron	flywire	CB2511						
FBbt:20006055	adult CB2512 neuron	flywire	CB2512	CB2512				CB2512	CB2512
FBbt:20006056	adult CB2513 neuron	flywire	CB2513	CB2513				GNG394	CB2513
FBbt:20006057	adult CB2514 neuron	flywire	CB2514	CB2514				CB2514	CB2514
FBbt:20006058	adult CB2515 neuron	flywire	CB2515	CB2515					CB2515
FBbt:20006059	adult CB2516 neuron	flywire	CB2516	CB2516				GNG393	CB2516
FBbt:20006060	adult CB2517 neuron	flywire	CB2517	CB2517				CB2517	CB2517
FBbt:20006061	adult CB2518 neuron	flywire	CB2518	CB2518				CB2518	CB2518
FBbt:20006062	adult CB2519 neuron	flywire	CB2519	CB2519					CB2519
FBbt:20006063	adult CB2520 neuron	flywire	CB2520	CB2520					CB2520
FBbt:20006064	adult CB2521 neuron	flywire	CB2521	CB2521				CB2521	CB2521
FBbt:20006065	adult CB2522 neuron	flywire	CB2522	CB2522				CB2522	CB2522
FBbt:20006066	adult CB2523 neuron	flywire	CB2523	CB2523				CB2523	CB2523
FBbt:20006067	adult CB2524 neuron	flywire	CB2524						CB2524
FBbt:20006068	adult CB2526 neuron	flywire	CB2526	CB2526				GNG367_b	CB2526
FBbt:20006069	adult CB2527 neuron	flywire	CB2527	CB2527					CB2527
FBbt:20006070	adult CB2528 neuron	flywire	CB2528	CB2528					CB2528
FBbt:20006071	adult CB2529 neuron	flywire	CB2529	CB2529				SLP252_a	
FBbt:20006072	adult CB2530 neuron	flywire	CB2530	CB2530				CB2530	
FBbt:20006073	adult CB2531 neuron	flywire	CB2531	CB2531					CB2531
FBbt:20006074	adult CB2532 neuron	flywire	CB2532	CB2532					CB2532
FBbt:20006075	adult CB2533 neuron	flywire	CB2533	CB2533					
FBbt:20006076	adult CB2534 neuron	flywire	CB2534	CB2534					CB2534
FBbt:20006077	adult CB2535 neuron	flywire	CB2535	CB2535				CB2535	CB2535
FBbt:20006078	adult CB2536 neuron	flywire	CB2536						
FBbt:20006079	adult CB2537 neuron	flywire	CB2537	CB2537				CB2537	CB2537
FBbt:20006080	adult CB2538 neuron	flywire	CB2538	CB2538				CB2538	CB2538
FBbt:20006081	adult CB2539 neuron	flywire	CB2539	CB2539				CB2539	CB2539
FBbt:20006082	adult CB2540 neuron	flywire	CB2540						
FBbt:20006083	adult CB2541 neuron	flywire	CB2541	CB2541					CB2541
FBbt:20006084	adult CB2542 neuron	flywire	CB2542	CB2542					CB2542
FBbt:20006085	adult CB2543 neuron	flywire	CB2543	CB2543					
FBbt:20006086	adult CB2544 neuron	flywire	CB2544	CB2544					CB2544
FBbt:20006087	adult CB2545 neuron	flywire	CB2545	CB2545				CB2545	CB2545
FBbt:20006088	adult CB2547 neuron	flywire	CB2547	CB2547					CB2547
FBbt:20006089	adult CB2548 neuron	flywire	CB2548	CB2548				GNG391	
FBbt:20006090	adult CB2549 neuron	flywire	CB2549	CB2549				CB2549	CB2549
FBbt:20006091	adult CB2550 neuron	flywire	CB2550	CB2550				CB2550	CB2550
FBbt:20006092	adult CB2551 neuron	flywire	CB2551	CB2551					CB2551
FBbt:20006093	adult CB2552 neuron	flywire	CB2552	CB2552				LHAD3f1_b	CB2552
FBbt:20006094	adult CB2553 neuron	flywire	CB2553	CB2553				GNG406	CB2553
FBbt:20006095	adult CB2554 neuron	flywire	CB2554	CB2554					CB2554
FBbt:20006096	adult CB2555 neuron	flywire	CB2555	CB2555				CB2555	CB2555
FBbt:20006097	adult CB2556 neuron	flywire	CB2556	CB2556				AMMC034_b|AMMC034_a	CB2556
FBbt:20006098	adult CB2557 neuron	flywire	CB2557	CB2557					CB2557
FBbt:20006099	adult CB2558 neuron	flywire	CB2558	CB2558				CB2558	CB2558
FBbt:20006100	adult CB2559 neuron	flywire	CB2559					CB2559	CB2559
FBbt:20006101	adult CB2560 neuron	flywire	CB2560	CB2560					CB2560
FBbt:20006102	adult CB2561 neuron	flywire	CB2561	CB2561				CB2561	CB2561
FBbt:20006104	adult CB2563 neuron	flywire	CB2563	CB2563				CB2563	CB2563
FBbt:20006105	adult CB2564 neuron	flywire	CB2564	CB2564					CB2564
FBbt:20006106	adult CB2565 neuron	flywire	CB2565	CB2565					CB2565
FBbt:20006107	adult CB2566 neuron	flywire	CB2566	CB2566					CB2566
FBbt:20006108	adult CB2567 neuron	flywire	CB2567	CB2567					CB2567
FBbt:20006109	adult CB2568 neuron	flywire	CB2568						CB2568
FBbt:20006110	adult CB2569 neuron	flywire	CB2569	CB2569					CB2569
FBbt:20006111	adult CB2570 neuron	flywire	CB2570						
FBbt:20006112	adult CB2571 neuron	flywire	CB2571	CB2571					CB2571
FBbt:20006113	adult CB2572 neuron	flywire	CB2572	CB2572				CB2572	CB2572
FBbt:20006114	adult CB2573 neuron	flywire	CB2573	CB2573					CB2573
FBbt:20006115	adult CB2574 neuron	flywire	CB2574	CB2574				AVLP225_b2|AVLP225_b1	CB2574
FBbt:20006116	adult CB2575 neuron	flywire	CB2575	CB2575					
FBbt:20006117	adult CB2576 neuron	flywire	CB2576	CB2576					CB2576
FBbt:20006118	adult CB2577 neuron	flywire	CB2577	CB2577				CB2577	CB2577
FBbt:20006120	adult CB2579 neuron	flywire	CB2579	CB2579					CB2579
FBbt:20006121	adult CB2580 neuron	flywire	CB2580	CB2580					CB2580
FBbt:20006122	adult CB2581 neuron	flywire	CB2581	CB2581					CB2581
FBbt:20006123	adult CB2582 neuron	flywire	CB2582	CB2582					CB2582
FBbt:20006124	adult CB2583 neuron	flywire	CB2583	CB2583					CB2583
FBbt:20006125	adult CB2584 neuron	flywire	CB2584	CB2584				CB2584	CB2584
FBbt:20006126	adult CB2585 neuron	flywire	CB2585	CB2585				CB2585	
FBbt:20006127	adult CB2587 neuron	flywire	CB2587						
FBbt:20006128	adult CB2588 neuron	flywire	CB2588	CB2588				PRW025	CB2588
FBbt:20006129	adult CB2590 neuron	flywire	CB2590						
FBbt:20006130	adult CB2591 neuron	flywire	CB2591	CB2591					CB2591
FBbt:20006131	adult CB2592 neuron	flywire	CB2592	CB2592				CB2592	CB2592
FBbt:20006132	adult CB2593 neuron	flywire	CB2593	CB2593					CB2593
FBbt:20006133	adult CB2594 neuron	flywire	CB2594	CB2594					CB2594
FBbt:20006134	adult CB2595 neuron	flywire	CB2595	CB2595				CB2595	CB2595
FBbt:20006135	adult CB2596 neuron	flywire	CB2596	CB2596				CB2596	CB2596
FBbt:20006136	adult CB2598 neuron	flywire	CB2598	CB2598					
FBbt:20006137	adult CB2599 neuron	flywire	CB2599	CB2599				CB2599	CB2599
FBbt:20006138	adult CB2600 neuron	flywire	CB2600	CB2600				CB2600	CB2600
FBbt:20006139	adult CB2601 neuron	flywire	CB2601						
FBbt:20006140	adult CB2602 neuron	flywire	CB2602	CB2602					CB2602
FBbt:20006141	adult CB2604 neuron	flywire	CB2604	CB2604					CB2604
FBbt:20006142	adult CB2605 neuron	flywire	CB2605	CB2605					CB2605
FBbt:20006143	adult CB2606 neuron	flywire	CB2606	CB2606				GNG200	CB2606
FBbt:20006144	adult CB2607 neuron	flywire	CB2607	CB2607					CB2607
FBbt:20006145	adult CB2608 neuron	flywire	CB2608	CB2608					CB2608
FBbt:20006146	adult CB2610 neuron	flywire	CB2610	CB2610					CB2610
FBbt:20006147	adult CB2611 neuron	flywire	CB2611	CB2611					CB2611
FBbt:20006148	adult CB2612 neuron	flywire	CB2612	CB2612					CB2612
FBbt:20006149	adult CB2613 neuron	flywire	CB2613	CB2613					CB2613
FBbt:20006150	adult CB2615 neuron	flywire	CB2615	CB2615					
FBbt:20006151	adult CB2616 neuron	flywire	CB2616	CB2616					CB2616
FBbt:20006152	adult CB2617 neuron	flywire	CB2617	CB2617					
FBbt:20006153	adult CB2618 neuron	flywire	CB2618	CB2618					CB2618
FBbt:20006154	adult CB2619 neuron	flywire	CB2619	CB2619				GNG231	CB2619
FBbt:20006155	adult CB2620 neuron	flywire	CB2620	CB2620				CB2620	
FBbt:20006156	adult CB2621 neuron	flywire	CB2621	CB2621					
FBbt:20006157	adult CB2623 neuron	flywire	CB2623	CB2623				CB2623	CB2623
FBbt:20006158	adult CB2624 neuron	flywire	CB2624	CB2624				CB2624	CB2624
FBbt:20006159	adult CB2625 neuron	flywire	CB2625	CB2625				CB2625	CB2625
FBbt:20006160	adult CB2626 neuron	flywire	CB2626	CB2626				SMP735	CB2626
FBbt:20006161	adult CB2627 neuron	flywire	CB2627	CB2627				CB2627	CB2627
FBbt:20006162	adult CB2628 neuron	flywire	CB2628	CB2628					CB2628
FBbt:20006163	adult CB2629 neuron	flywire	CB2629	CB2629					CB2629
FBbt:20006164	adult CB2630 neuron	flywire	CB2630	CB2630				CB2630	CB2630
FBbt:20006165	adult CB2632 neuron	flywire	CB2632	CB2632					CB2632
FBbt:20006166	adult CB2633 neuron	flywire	CB2633	CB2633				CB2633	CB2633
FBbt:20006167	adult CB2634 neuron	flywire	CB2634	CB2634					CB2634
FBbt:20006168	adult CB2635 neuron	flywire	CB2635	CB2635				AVLP325_a	
FBbt:20006169	adult CB2636 neuron	flywire	CB2636	CB2636				CB2636	CB2636
FBbt:20006170	adult CB2637 neuron	flywire	CB2637	CB2637					CB2637
FBbt:20006171	adult CB2638 neuron	flywire	CB2638	CB2638				CB2638	CB2638
FBbt:20006172	adult CB2639 neuron	flywire	CB2639	CB2639					CB2639
FBbt:20006173	adult CB2640 neuron	flywire	CB2640	CB2640					CB2640
FBbt:20006174	adult CB2642 neuron	flywire	CB2642	CB2642				CB2642	CB2642
FBbt:20006175	adult CB2643 neuron	flywire	CB2643	CB2643				SMP734	CB2643
FBbt:20006176	adult CB2644 neuron	flywire	CB2644	CB2644				GNG388	CB2644
FBbt:20006177	adult CB2645 neuron	flywire	CB2645	CB2645					CB2645
FBbt:20006178	adult CB2646 neuron	flywire	CB2646	CB2646				CB2646	
FBbt:20006179	adult CB2647 neuron	flywire	CB2647	CB2647				GNG387	CB2647
FBbt:20006180	adult CB2648 neuron	flywire	CB2648	CB2648				CB2648	CB2648
FBbt:20006181	adult CB2649 neuron	flywire	CB2649	CB2649					
FBbt:20006182	adult CB2650 neuron	flywire	CB2650	CB2650					
FBbt:20006183	adult CB2651 neuron	flywire	CB2651	CB2651					CB2651
FBbt:20006184	adult CB2652 neuron	flywire	CB2652	CB2652					
FBbt:20006185	adult CB2653 neuron	flywire	CB2653	CB2653				CB2653	CB2653
FBbt:20006186	adult CB2654 neuron	flywire	CB2654						
FBbt:20006187	adult CB2655 neuron	flywire	CB2655	CB2655				CB2655	CB2655
FBbt:20006188	adult CB2656 neuron	flywire	CB2656	CB2656					CB2656
FBbt:20006189	adult CB2657 neuron	flywire	CB2657	CB2657					CB2657
FBbt:20006190	adult CB2659 neuron	flywire	CB2659	CB2659				CB2659	CB2659
FBbt:20006191	adult CB2660 neuron	flywire	CB2660	CB2660				CB2660	CB2660
FBbt:20006192	adult CB2661 neuron	flywire	CB2661	CB2661					CB2661
FBbt:20006193	adult CB2663 neuron	flywire	CB2663	CB2663					CB2663
FBbt:20006194	adult CB2664 neuron	flywire	CB2664	CB2664				CB2664	CB2664
FBbt:20006195	adult CB2665 neuron	flywire	CB2665	CB2665					CB2665
FBbt:20006196	adult CB2666 neuron	flywire	CB2666	CB2666					CB2666
FBbt:20006197	adult CB2667 neuron	flywire	CB2667	CB2667				CB2667	CB2667
FBbt:20006198	adult CB2668 neuron	flywire	CB2668	CB2668					
FBbt:20006199	adult CB2669 neuron	flywire	CB2669	CB2669					CB2669
FBbt:20006200	adult CB2670 neuron	flywire	CB2670	CB2670					CB2670
FBbt:20006201	adult CB2671 neuron	flywire	CB2671	CB2671				CB2671	CB2671
FBbt:20006202	adult CB2672 neuron	flywire	CB2672	CB2672				CB2672|AVLP176_b	CB2672
FBbt:20006203	adult CB2673 neuron	flywire	CB2673	CB2673					CB2673
FBbt:20006204	adult CB2674 neuron	flywire	CB2674	CB2674				CB2674	CB2674
FBbt:20006205	adult CB2675 neuron	flywire	CB2675	CB2675					CB2675
FBbt:20006206	adult CB2676 neuron	flywire	CB2676	CB2676				CB2676	CB2676
FBbt:20006207	adult CB2677 neuron	flywire	CB2677	CB2677				LHPD3a2_c	CB2677
FBbt:20006208	adult CB2678 neuron	flywire	CB2678	CB2678				CB2678	CB2678
FBbt:20006209	adult CB2679 neuron	flywire	CB2679	CB2679				CB2679	CB2679
FBbt:20006210	adult CB2680 neuron	flywire	CB2680	CB2680					CB2680
FBbt:20006211	adult CB2681 neuron	flywire	CB2681	CB2681				CB2681	
FBbt:20006212	adult CB2682 neuron	flywire	CB2682	CB2682				CB2682	CB2682
FBbt:20006213	adult CB2683 neuron	flywire	CB2683	CB2683					
FBbt:20006214	adult CB2684 neuron	flywire	CB2684	CB2684				CB2684	CB2684
FBbt:20006215	adult CB2685 neuron	flywire	CB2685	CB2685				CB2685	CB2685
FBbt:20006216	adult CB2687 neuron	flywire	CB2687	CB2687				CB2687	CB2687
FBbt:20006217	adult CB2688 neuron	flywire	CB2688	CB2688				CB2688	CB2688
FBbt:20006218	adult CB2689 neuron	flywire	CB2689	CB2689				CB2689	CB2689
FBbt:20006219	adult CB2690 neuron	flywire	CB2690	CB2690				GNG386	CB2690
FBbt:20006220	adult CB2691 neuron	flywire	CB2691	CB2691				CB2691	CB2691
FBbt:20006221	adult CB2692 neuron	flywire	CB2692	CB2692					CB2692
FBbt:20006222	adult CB2693 neuron	flywire	CB2693	CB2693				CB2693	CB2693
FBbt:20006223	adult CB2694 neuron	flywire	CB2694	CB2694				CB2694	CB2694
FBbt:20006224	adult CB2695 neuron	flywire	CB2695	CB2695				GNG663	CB2695
FBbt:20006225	adult CB2696 neuron	flywire	CB2696	CB2696					CB2696
FBbt:20006226	adult CB2697 neuron	flywire	CB2697	CB2697					CB2697
FBbt:20006227	adult CB2698 neuron	flywire	CB2698	CB2698					CB2698
FBbt:20006228	adult CB2699 neuron	flywire	CB2699	CB2699					CB2699
FBbt:20006229	adult CB2700 neuron	flywire	CB2700	CB2700				GNG385	CB2700
FBbt:20006230	adult CB2701 neuron	flywire	CB2701	CB2701				CB2701	CB2701
FBbt:20006231	adult CB2702 neuron	flywire	CB2702	CB2702				CB2702	CB2702
FBbt:20006232	adult CB2703 neuron	flywire	CB2703	CB2703				CB2703	CB2703
FBbt:20006233	adult CB2706 neuron	flywire	CB2706	CB2706				CB2706	CB2706
FBbt:20006234	adult CB2707 neuron	flywire	CB2707	CB2707					CB2707
FBbt:20006235	adult CB2708 neuron	flywire	CB2708	CB2708					CB2708
FBbt:20006236	adult CB2709 neuron	flywire	CB2709	CB2709					
FBbt:20006237	adult CB2710 neuron	flywire	CB2710	CB2710				WEDPN8C|CB2710	CB2710
FBbt:20006238	adult CB2711 neuron	flywire	CB2711	CB2711				CB2711	CB2711
FBbt:20006239	adult CB2712 neuron	flywire	CB2712	CB2712					CB2712
FBbt:20006240	adult CB2713 neuron	flywire	CB2713	CB2713				CB2713	CB2713
FBbt:20006241	adult CB2714 neuron	flywire	CB2714	CB2714				CB2714	CB2714
FBbt:20006242	adult CB2715 neuron	flywire	CB2715	CB2715				LHAV5a6_a	CB2715
FBbt:20006243	adult CB2716 neuron	flywire	CB2716	CB2716					
FBbt:20006244	adult CB2717 neuron	flywire	CB2717	CB2717					CB2717
FBbt:20006245	adult CB2718 neuron	flywire	CB2718	CB2718				GNG384	
FBbt:20006246	adult CB2719 neuron	flywire	CB2719	CB2719				CB2719	CB2719
FBbt:20006247	adult CB2720 neuron	flywire	CB2720	CB2720				CB2720	CB2720
FBbt:20006248	adult CB2721 neuron	flywire	CB2721	CB2721				CB2721	CB2721
FBbt:20006250	adult CB2723 neuron	flywire	CB2723	CB2723					CB2723
FBbt:20006251	adult CB2724 neuron	flywire	CB2724	CB2724					CB2724
FBbt:20006252	adult CB2725 neuron	flywire	CB2725	CB2725				CB2725	CB2725
FBbt:20006253	adult CB2726 neuron	flywire	CB2726	CB2726					
FBbt:20006254	adult CB2728 neuron	flywire	CB2728	CB2728					CB2728
FBbt:20006255	adult CB2729 neuron	flywire	CB2729	CB2729					
FBbt:20006256	adult CB2730 neuron	flywire	CB2730						
FBbt:20006257	adult CB2731 neuron	flywire	CB2731	CB2731				LHAV4g6_a	
FBbt:20006258	adult CB2733 neuron	flywire	CB2733	CB2733				CB2733	CB2733
FBbt:20006259	adult CB2734 neuron	flywire	CB2734						
FBbt:20006260	adult CB2735 neuron	flywire	CB2735	CB2735					CB2735
FBbt:20006261	adult CB2736 neuron	flywire	CB2736	CB2736				CB2736	CB2736
FBbt:20006262	adult CB2737 neuron	flywire	CB2737	CB2737				CB2737	CB2737
FBbt:20006263	adult CB2738 neuron	flywire	CB2738	CB2738					CB2738
FBbt:20006264	adult CB2739 neuron	flywire	CB2739	CB2739				LHPD3a2_b	CB2739
FBbt:20006265	adult CB2740 neuron	flywire	CB2740						
FBbt:20006266	adult CB2741 neuron	flywire	CB2741	CB2741					CB2741
FBbt:20006267	adult CB2743 neuron	flywire	CB2743	CB2743				CB2743	
FBbt:20006268	adult CB2744 neuron	flywire	CB2744	CB2744				LHAV5a4_c|CB2744	CB2744
FBbt:20006269	adult CB2745 neuron	flywire	CB2745	CB2745					CB2745
FBbt:20006270	adult CB2746 neuron	flywire	CB2746	CB2746					
FBbt:20006271	adult CB2747 neuron	flywire	CB2747	CB2747					CB2747
FBbt:20006272	adult CB2748 neuron	flywire	CB2748	CB2748				GNG656	CB2748
FBbt:20006273	adult CB2749 neuron	flywire	CB2749	CB2749					CB2749
FBbt:20006274	adult CB2750 neuron	flywire	CB2750	CB2750				LHAV4e2_b2	CB2750
FBbt:20006275	adult CB2751 neuron	flywire	CB2751	CB2751				CB2751	
FBbt:20006276	adult CB2752 neuron	flywire	CB2752	CB2752					
FBbt:20006277	adult CB2754 neuron	flywire	CB2754	CB2754				CB2754	CB2754
FBbt:20006278	adult CB2755 neuron	flywire	CB2755	CB2755				CB2755	CB2755
FBbt:20006279	adult CB2756 neuron	flywire	CB2756	CB2756					CB2756
FBbt:20006280	adult CB2757 neuron	flywire	CB2757	CB2757				LHAV4g7_b	CB2757
FBbt:20006281	adult CB2758 neuron	flywire	CB2758	CB2758					CB2758
FBbt:20006282	adult CB2759 neuron	flywire	CB2759	CB2759				LHAV3b2_a	CB2759
FBbt:20006283	adult CB2760 neuron	flywire	CB2760	CB2760					
FBbt:20006284	adult CB2761 neuron	flywire	CB2761	CB2761					CB2761
FBbt:20006285	adult CB2762 neuron	flywire	CB2762	CB2762					CB2762
FBbt:20006286	adult CB2763 neuron	flywire	CB2763	CB2763				CB2763	CB2763
FBbt:20006287	adult CB2764 neuron	flywire	CB2764	CB2764				CB2764	CB2764
FBbt:20006288	adult CB2765 neuron	flywire	CB2765	CB2765					
FBbt:20006289	adult CB2766 neuron	flywire	CB2766	CB2766				CB2766	CB2766
FBbt:20006290	adult CB2767 neuron	flywire	CB2767	CB2767					
FBbt:20006291	adult CB2768 neuron	flywire	CB2768						
FBbt:20006292	adult CB2769 neuron	flywire	CB2769	CB2769				CB2769	CB2769
FBbt:20006293	adult CB2770 neuron	flywire	CB2770	CB2770				CB2770	CB2770
FBbt:20006294	adult CB2771 neuron	flywire	CB2771	CB2771					CB2771
FBbt:20006295	adult CB2772 neuron	flywire	CB2772	CB2772				CB2772	CB2772
FBbt:20006296	adult CB2773 neuron	flywire	CB2773	CB2773					CB2773
FBbt:20006297	adult CB2774 neuron	flywire	CB2774	CB2774				PS335	CB2774
FBbt:20006298	adult CB2776 neuron	flywire	CB2776	CB2776					CB2776
FBbt:20006299	adult CB2777 neuron	flywire	CB2777	CB2777					CB2777
FBbt:20006300	adult CB2778 neuron	flywire	CB2778	CB2778					CB2778
FBbt:20006301	adult CB2779 neuron	flywire	CB2779	CB2779					
FBbt:20006302	adult CB2780 neuron	flywire	CB2780	CB2780				GNG383	CB2780
FBbt:20006303	adult CB2781 neuron	flywire	CB2781	CB2781					CB2781
FBbt:20006304	adult CB2782 neuron	flywire	CB2782	CB2782				CB2782	CB2782
FBbt:20006305	adult CB2783 neuron	flywire	CB2783	CB2783				CB2783	CB2783
FBbt:20006306	adult CB2784 neuron	flywire	CB2784	CB2784				CB2784	
FBbt:20006307	adult CB2785 neuron	flywire	CB2785	CB2785					CB2785
FBbt:20006308	adult CB2786 neuron	flywire	CB2786	CB2786				CB2786	CB2786
FBbt:20006309	adult CB2787 neuron	flywire	CB2787	CB2787				CB2787	CB2787
FBbt:20006310	adult CB2789 neuron	flywire	CB2789	CB2789				CB2789	CB2789
FBbt:20006311	adult CB2790 neuron	flywire	CB2790	CB2790				CB2790	CB2790
FBbt:20006312	adult CB2791 neuron	flywire	CB2791	CB2791					CB2791
FBbt:20006313	adult CB2792 neuron	flywire	CB2792	CB2792				CB2792	CB2792
FBbt:20006314	adult CB2793 neuron	flywire	CB2793	CB2793					CB2793
FBbt:20006315	adult CB2795 neuron	flywire	CB2795	CB2795					CB2795
FBbt:20006316	adult CB2796 neuron	flywire	CB2796	CB2796				LHPV3a3_b	CB2796
FBbt:20006317	adult CB2797 neuron	flywire	CB2797	CB2797				CB2797	CB2797
FBbt:20006318	adult CB2798 neuron	flywire	CB2798	CB2798				LHAV4a1_a	CB2798
FBbt:20006320	adult CB2800 neuron	flywire	CB2800	CB2800				CB2800	CB2800
FBbt:20006321	adult CB2801 neuron	flywire	CB2801	CB2801					CB2801
FBbt:20006322	adult CB2802 neuron	flywire	CB2802	CB2802				CB2802	CB2802
FBbt:20006323	adult CB2803 neuron	flywire	CB2803	CB2803					CB2803
FBbt:20006324	adult CB2804 neuron	flywire	CB2804	CB2804				GNG382	CB2804
FBbt:20006325	adult CB2805 neuron	flywire	CB2805	CB2805				CB2805	CB2805
FBbt:20006326	adult CB2806 neuron	flywire	CB2806	CB2806					CB2806
FBbt:20006328	adult CB2808 neuron	flywire	CB2808	CB2808				CL191_b	CB2808
FBbt:20006329	adult CB2809 neuron	flywire	CB2809	CB2809					CB2809
FBbt:20006330	adult CB2810 neuron	flywire	CB2810	CB2810					CB2810
FBbt:20006331	adult CB2811 neuron	flywire	CB2811	CB2811				GNG381	
FBbt:20006332	adult CB2812 neuron	flywire	CB2812	CB2812				CB2812	CB2812
FBbt:20006333	adult CB2813 neuron	flywire	CB2813	CB2813					CB2813
FBbt:20006334	adult CB2814 neuron	flywire	CB2814	CB2814				CB2814	CB2814
FBbt:20006335	adult CB2816 neuron	flywire	CB2816	CB2816				CB2816	CB2816
FBbt:20006336	adult CB2817 neuron	flywire	CB2817	CB2817					CB2817
FBbt:20006337	adult CB2819 neuron	flywire	CB2819	CB2819					CB2819
FBbt:20006338	adult CB2820 neuron	flywire	CB2820	CB2820				GNG380	CB2820
FBbt:20006339	adult CB2821 neuron	flywire	CB2821	CB2821					CB2821
FBbt:20006340	adult CB2822 neuron	flywire	CB2822						
FBbt:20006341	adult CB2823 neuron	flywire	CB2823	CB2823				CB2823	CB2823
FBbt:20006342	adult CB2824 neuron	flywire	CB2824	CB2824				CB2824	CB2824
FBbt:20006343	adult CB2825 neuron	flywire	CB2825	CB2825				PS328|PS316	CB2825
FBbt:20006344	adult CB2826 neuron	flywire	CB2826	CB2826					CB2826
FBbt:20006345	adult CB2827 neuron	flywire	CB2827						
FBbt:20006346	adult CB2828 neuron	flywire	CB2828						CB2828
FBbt:20006347	adult CB2830 neuron	flywire	CB2830						
FBbt:20006348	adult CB2831 neuron	flywire	CB2831	CB2831				CB2831	CB2831
FBbt:20006349	adult CB2833 neuron	flywire	CB2833						
FBbt:20006350	adult CB2834 neuron	flywire	CB2834	CB2834				WED030_a	CB2834
FBbt:20006351	adult CB2835 neuron	flywire	CB2835						CB2835
FBbt:20006352	adult CB2836 neuron	flywire	CB2836	CB2836					CB2836
FBbt:20006353	adult LHPV4a7b neuron	flywire	LHPV4a7b	LHPV4a7b					LHPV4a7b
FBbt:20006354	adult CB2840 neuron	flywire	CB2840	CB2840					CB2840
FBbt:20006355	adult CB2841 neuron	flywire	CB2841	CB2841					CB2841
FBbt:20006356	adult CB2842 neuron	flywire	CB2842						CB2842
FBbt:20006357	adult CB2843 neuron	flywire	CB2843						
FBbt:20006358	adult CB2844 neuron	flywire	CB2844	CB2844					CB2844
FBbt:20006359	adult CB2845 neuron	flywire	CB2845	CB2845				CB2845	CB2845
FBbt:20006360	adult CB2846 neuron	flywire	CB2846	CB2846				CB2846	CB2846
FBbt:20006361	adult CB2847 neuron	flywire	CB2847	CB2847					CB2847
FBbt:20006362	adult CB2848 neuron	flywire	CB2848	CB2848					CB2848
FBbt:20006363	adult CB2849 neuron	flywire	CB2849	CB2849					CB2849
FBbt:20006364	adult CB2850 neuron	flywire	CB2850	CB2850					CB2850
FBbt:20006365	adult CB2851 neuron	flywire	CB2851	CB2851				CB2851	CB2851
FBbt:20006366	adult CB2853 neuron	flywire	CB2853	CB2853					CB2853
FBbt:20006367	adult CB2854 neuron	flywire	CB2854	CB2854					CB2854
FBbt:20006368	adult CB2855 neuron	flywire	CB2855	CB2855				CB2855	CB2855
FBbt:20006369	adult CB2856 neuron	flywire	CB2856	CB2856					CB2856
FBbt:20006370	adult PV7c11 neuron	flywire	PV7c11						PV7c11
FBbt:20006371	adult CB2858 neuron	flywire	CB2858	CB2858					CB2858
FBbt:20006372	adult CB2859 neuron	flywire	CB2859	CB2859				CB2859	
FBbt:20006373	adult CB2860 neuron	flywire	CB2860	CB2860					
FBbt:20006374	adult CB2861 neuron	flywire	CB2861	CB2861				CB2861	CB2861
FBbt:20006375	adult CB2862 neuron	flywire	CB2862	CB2862				CB2862	CB2862
FBbt:20006376	adult CB2863 neuron	flywire	CB2863	CB2863				CB2863	CB2863
FBbt:20006377	adult CB2864 neuron	flywire	CB2864	CB2864				VES093_c	CB2864
FBbt:20006378	adult CB2865 neuron	flywire	CB2865	CB2865					CB2865
FBbt:20006379	adult CB2866 neuron	flywire	CB2866	CB2866				AVLP274_b	CB2866
FBbt:20006380	adult CB2867 neuron	flywire	CB2867	CB2867					CB2867
FBbt:20006381	adult CB2868 neuron	flywire	CB2868						
FBbt:20006382	adult CB2869 neuron	flywire	CB2869	CB2869				CB2869	CB2869
FBbt:20006383	adult CB2870 neuron	flywire	CB2870	CB2870				CB2870	CB2870
FBbt:20006384	adult CB2872 neuron	flywire	CB2872	CB2872				PS353	CB2872
FBbt:20006385	adult CB2873 neuron	flywire	CB2873	CB2873				CB2873	CB2873
FBbt:20006386	adult CB2874 neuron	flywire	CB2874	CB2874					CB2874
FBbt:20006387	adult CB2876 neuron	flywire	CB2876	CB2876				CB2876	CB2876
FBbt:20006388	adult CB2877 neuron	flywire	CB2877	CB2877				CB2877	CB2877
FBbt:20006389	adult CB2878 neuron	flywire	CB2878	CB2878					CB2878
FBbt:20006390	adult CB2879 neuron	flywire	CB2879	CB2879					CB2879
FBbt:20006391	adult CB2880 neuron	flywire	CB2880	CB2880				CB2880	CB2880
FBbt:20006392	adult CB2881 neuron	flywire	CB2881	CB2881				CB2881	CB2881
FBbt:20006393	adult CB2883 neuron	flywire	CB2883	CB2883					CB2883
FBbt:20006394	adult CB2884 neuron	flywire	CB2884	CB2884				CB2884	CB2884
FBbt:20006395	adult CB2885 neuron	flywire	CB2885	CB2885					CB2885
FBbt:20006396	adult CB2886 neuron	flywire	CB2886	CB2886					CB2886
FBbt:20006397	adult CB2887 neuron	flywire	CB2887	CB2887				LHAV3b2_b	CB2887
FBbt:20006398	adult CB2888 neuron	flywire	CB2888	CB2888					CB2888
FBbt:20006399	adult CB2889 neuron	flywire	CB2889	CB2889				CB2889	
FBbt:20006400	adult CB2891 neuron	flywire	CB2891	CB2891					CB2891
FBbt:20006401	adult CB2892 neuron	flywire	CB2892	CB2892				CB2892	CB2892
FBbt:20006402	adult CB2893 neuron	flywire	CB2893	CB2893					CB2893
FBbt:20006403	adult CB2894 neuron	flywire	CB2894	CB2894					CB2894
FBbt:20006404	adult CB2895 neuron	flywire	CB2895	CB2895				CB2895	
FBbt:20006405	adult CB2896 neuron	flywire	CB2896	CB2896				CB2896	CB2896
FBbt:20006406	adult CB2897 neuron	flywire	CB2897	CB2897					
FBbt:20006407	adult CB2898 neuron	flywire	CB2898	CB2898					CB2898
FBbt:20006408	adult CB2899 neuron	flywire	CB2899	CB2899					
FBbt:20006409	adult CB2900 neuron	flywire	CB2900						
FBbt:20006410	adult CB2901 neuron	flywire	CB2901						CB2901
FBbt:20006411	adult CB2902 neuron	flywire	CB2902	CB2902				CB2902	CB2902
FBbt:20006412	adult CB2903 neuron	flywire	CB2903	CB2903					CB2903
FBbt:20006413	adult CB2904 neuron	flywire	CB2904	CB2904				CB2904	CB2904
FBbt:20006414	adult CB2905 neuron	flywire	CB2905	CB2905					CB2905
FBbt:20006415	adult CB2906 neuron	flywire	CB2906	CB2906				CB2906	CB2906
FBbt:20006416	adult CB2907 neuron	flywire	CB2907	CB2907				CB2907	
FBbt:20006417	adult CB2908 neuron	flywire	CB2908	CB2908				CB2908	CB2908
FBbt:20006418	adult CB2909 neuron	flywire	CB2909	CB2909					CB2909
FBbt:20006419	adult CB2910 neuron	flywire	CB2910	CB2910				CB2910	CB2910
FBbt:20006420	adult CB2911 neuron	flywire	CB2911	CB2911					CB2911
FBbt:20006421	adult CB2912 neuron	flywire	CB2912	CB2912				CB2912	CB2912
FBbt:20006422	adult CB2913 neuron	flywire	CB2913	CB2913				CB2913	CB2913
FBbt:20006423	adult CB2914 neuron	flywire	CB2914	CB2914					CB2914
FBbt:20006424	adult CB2915 neuron	flywire	CB2915	CB2915					CB2915
FBbt:20006425	adult CB2917 neuron	flywire	CB2917	CB2917					CB2917
FBbt:20006426	adult CB2918 neuron	flywire	CB2918	CB2918					CB2918
FBbt:20006427	adult CB2919 neuron	flywire	CB2919	CB2919				CB2919	CB2919
FBbt:20006428	adult CB2920 neuron	flywire	CB2920	CB2920				CB2920	CB2920
FBbt:20006429	adult CB2921 neuron	flywire	CB2921	CB2921					CB2921
FBbt:20006430	adult CB2922 neuron	flywire	CB2922	CB2922				CB2922	CB2922
FBbt:20006431	adult CB2923 neuron	flywire	CB2923	CB2923					CB2923
FBbt:20006432	adult CB2924 neuron	flywire	CB2924	CB2924				WEDPN7A	CB2924
FBbt:20006433	adult CB2925 neuron	flywire	CB2925	CB2925				WEDPN7A	
FBbt:20006434	adult CB2926 neuron	flywire	CB2926	CB2926					CB2926
FBbt:20006435	adult CB2927 neuron	flywire	CB2927	CB2927				CB2927	CB2927
FBbt:20006436	adult CB2928 neuron	flywire	CB2928	CB2928					CB2928
FBbt:20006437	adult CB2929 neuron	flywire	CB2929	CB2929					
FBbt:20006438	adult CB2930 neuron	flywire	CB2930	CB2930					CB2930
FBbt:20006439	adult CB2932 neuron	flywire	CB2932	CB2932					CB2932
FBbt:20006440	adult CB2933 neuron	flywire	CB2933	CB2933					CB2933
FBbt:20006441	adult CB2934 neuron	flywire	CB2934	CB2934				CB2934	CB2934
FBbt:20006442	adult CB2935 neuron	flywire	CB2935	CB2935				CB2935	
FBbt:20006443	adult CB2936 neuron	flywire	CB2936	CB2936				CB2936	CB2936
FBbt:20006444	adult CB2937 neuron	flywire	CB2937	CB2937				CB2937	
FBbt:20006445	adult CB2938 neuron	flywire	CB2938	CB2938				CB2938	CB2938
FBbt:20006446	adult CB2940 neuron	flywire	CB2940	CB2940				CB2940	CB2940
FBbt:20006447	adult CB2941 neuron	flywire	CB2941	CB2941				GNG278	CB2941
FBbt:20006448	adult CB2942 neuron	flywire	CB2942	CB2942					
FBbt:20006449	adult CB2943 neuron	flywire	CB2943	CB2943					CB2943
FBbt:20006450	adult CB2944 neuron	flywire	CB2944	CB2944				CB2944	CB2944
FBbt:20006451	adult CB2945 neuron	flywire	CB2945	CB2945					CB2945
FBbt:20006452	adult CB2946 neuron	flywire	CB2946	CB2946					
FBbt:20006453	adult CB2947 neuron	flywire	CB2947	CB2947				CB2947	CB2947
FBbt:20006454	adult CB2948 neuron	flywire	CB2948	CB2948				CB2948	CB2948
FBbt:20006455	adult CB2949 neuron	flywire	CB2949	CB2949					
FBbt:20006456	adult CB2950 neuron	flywire	CB2950	CB2950				CB2950	CB2950
FBbt:20006457	adult CB2951 neuron	flywire	CB2951	CB2951					CB2951
FBbt:20006458	adult CB2952 neuron	flywire	CB2952	CB2952				CB2952	CB2952
FBbt:20006459	adult CB2953 neuron	flywire	CB2953	CB2953				CB2953	CB2953
FBbt:20006460	adult CB2954 neuron	flywire	CB2954	CB2954				CB2954	CB2954
FBbt:20006461	adult CB2955 neuron	flywire	CB2955	CB2955				CB2955	CB2955
FBbt:20006462	adult CB2956 neuron	flywire	CB2956	CB2956				CB2956	CB2956
FBbt:20006463	adult CB2957 neuron	flywire	CB2957	CB2957				WED030_a	CB2957
FBbt:20006464	adult CB2958 neuron	flywire	CB2958	CB2958				CB2958	CB2958
FBbt:20006465	adult CB2960 neuron	flywire	CB2960						CB2960
FBbt:20006466	adult CB2961 neuron	flywire	CB2961	CB2961					CB2961
FBbt:20006467	adult CB2962 neuron	flywire	CB2962	CB2962				GNG379	CB2962
FBbt:20006468	adult CB2963 neuron	flywire	CB2963	CB2963				CB2963	CB2963
FBbt:20006469	adult CB2965 neuron	flywire	CB2965	CB2965					CB2965
FBbt:20006470	adult CB2966 neuron	flywire	CB2966	CB2966				CB2966	CB2966
FBbt:20006471	adult CB2967 neuron	flywire	CB2967	CB2967				CB2967	CB2967
FBbt:20006472	adult CB2968 neuron	flywire	CB2968	CB2968				PRW024	CB2968
FBbt:20006473	adult CB2969 neuron	flywire	CB2969	CB2969					
FBbt:20006474	adult CB2970 neuron	flywire	CB2970	CB2970				CB2970	
FBbt:20006475	adult CB2971 neuron	flywire	CB2971	CB2971				AVLP331a	CB2971
FBbt:20006476	adult CB2972 neuron	flywire	CB2972	CB2972				CB2972	CB2972
FBbt:20006477	adult CB2973 neuron	flywire	CB2973	CB2973					CB2973
FBbt:20006478	adult CB2974 neuron	flywire	CB2974	CB2974					
FBbt:20006479	adult CB2975 neuron	flywire	CB2975	CB2975				CB2975	CB2975
FBbt:20006480	adult CB2976 neuron	flywire	CB2976	CB2976				CB2976	CB2976
FBbt:20006481	adult CB2977 neuron	flywire	CB2977						CB2977
FBbt:20006482	adult CB2978 neuron	flywire	CB2978	CB2978				AVLP004_b	CB2978
FBbt:20006483	adult CB2979 neuron	flywire	CB2979	CB2979				CB2979	CB2979
FBbt:20006484	adult CB2980 neuron	flywire	CB2980	CB2980				LHAD3b1_a	
FBbt:20006485	adult CB2981 neuron	flywire	CB2981	CB2981				CB2981	CB2981
FBbt:20006486	adult CB2982 neuron	flywire	CB2982	CB2982				CB2982	CB2982
FBbt:20006487	adult CB2983 neuron	flywire	CB2983	CB2983				CB2983	
FBbt:20006488	adult CB2984 neuron	flywire	CB2984	CB2984					
FBbt:20006489	adult CB2985 neuron	flywire	CB2985	CB2985				CB2985	CB2985
FBbt:20006490	adult CB2986 neuron	flywire	CB2986						
FBbt:20006491	adult CB2987 neuron	flywire	CB2987						CB2987
FBbt:20006492	adult CB2988 neuron	flywire	CB2988	CB2988				CB2988	CB2988
FBbt:20006493	adult CB2989 neuron	flywire	CB2989						CB2989
FBbt:20006494	adult CB2990 neuron	flywire	CB2990						
FBbt:20006495	adult CB2991 neuron	flywire	CB2991	CB2991					CB2991
FBbt:20006496	adult CB2992 neuron	flywire	CB2992	CB2992				CB2992	CB2992
FBbt:20006497	adult CB2993 neuron	flywire	CB2993	CB2993				CB2993	CB2993
FBbt:20006498	adult CB2995 neuron	flywire	CB2995	CB2995				CB2995	CB2995
FBbt:20006499	adult CB2996 neuron	flywire	CB2996	CB2996				CB2996	CB2996
FBbt:20006500	adult CB2997 neuron	flywire	CB2997	CB2997					CB2997
FBbt:20006501	adult CB2998 neuron	flywire	CB2998	CB2998					CB2998
FBbt:20006502	adult CB3000 neuron	flywire	CB3000	CB3000					CB3000
FBbt:20006503	adult CB3001 neuron	flywire	CB3001	CB3001				CB3001	CB3001
FBbt:20006504	adult CB3002 neuron	flywire	CB3002	CB3002					CB3002
FBbt:20006505	adult CB3003 neuron	flywire	CB3003	CB3003					CB3003
FBbt:20006506	adult CB3004 neuron	flywire	CB3004	CB3004				GNG377	CB3004
FBbt:20006507	adult CB3005 neuron	flywire	CB3005	CB3005				CB3005	CB3005
FBbt:20006508	adult CB3006 neuron	flywire	CB3006	CB3006					CB3006
FBbt:20006509	adult CB3007 neuron	flywire	CB3007	CB3007				CB3007	CB3007
FBbt:20006510	adult CB3008 neuron	flywire	CB3008	CB3008				CB3008	CB3008
FBbt:20006511	adult CB3009 neuron	flywire	CB3009						CB3009
FBbt:20006512	adult CB3010 neuron	flywire	CB3010	CB3010				CB3010	CB3010
FBbt:20006513	adult CB3011 neuron	flywire	CB3011	CB3011					CB3011
FBbt:20006514	adult CB3012 neuron	flywire	CB3012	CB3012				CB3012	CB3012
FBbt:20006515	adult CB3013 neuron	flywire	CB3013	CB3013				CB3013	CB3013
FBbt:20006516	adult CB3014 neuron	flywire	CB3014	CB3014				CB3014	CB3014
FBbt:20006517	adult CB3015 neuron	flywire	CB3015	CB3015				CB3015	CB3015
FBbt:20006518	adult CB3016 neuron	flywire	CB3016	CB3016				CB3016	
FBbt:20006519	adult CB3017 neuron	flywire	CB3017	CB3017					CB3017
FBbt:20006520	adult CB3018 neuron	flywire	CB3018	CB3018					CB3018
FBbt:20006521	adult CB3019 neuron	flywire	CB3019	CB3019				CB3019	CB3019
FBbt:20006522	adult CB3020 neuron	flywire	CB3020	CB3020					
FBbt:20006523	adult CB3021 neuron	flywire	CB3021	CB3021				CB3021	CB3021
FBbt:20006524	adult CB3022 neuron	flywire	CB3022						
FBbt:20006525	adult CB3023 neuron	flywire	CB3023	CB3023				CB3023	CB3023
FBbt:20006526	adult CB3024 neuron	flywire	CB3024	CB3024				CB3024	CB3024
FBbt:20006527	adult CB3025 neuron	flywire	CB3025						
FBbt:20006528	adult CB3026 neuron	flywire	CB3026	CB3026				CRE003_b	CB3026
FBbt:20006529	adult CB3029 neuron	flywire	CB3029	CB3029					CB3029
FBbt:20006530	adult CB3030 neuron	flywire	CB3030	CB3030				CB3030	CB3030
FBbt:20006531	adult CB3031 neuron	flywire	CB3031	CB3031					CB3031
FBbt:20006532	adult CB3032 neuron	flywire	CB3032	CB3032				PRW023	
FBbt:20006533	adult CB3033 neuron	flywire	CB3033	CB3033					CB3033
FBbt:20006534	adult CB3034 neuron	flywire	CB3034	CB3034					CB3034
FBbt:20006535	adult CB3035 neuron	flywire	CB3035	CB3035					CB3035
FBbt:20006536	adult CB3036 neuron	flywire	CB3036	CB3036				CB3036	CB3036
FBbt:20006537	adult CB3037 neuron	flywire	CB3037	CB3037				GNG376	CB3037
FBbt:20006538	adult CB3038 neuron	flywire	CB3038	CB3038					
FBbt:20006539	adult CB3040 neuron	flywire	CB3040	CB3040					CB3040
FBbt:20006540	adult CB3041 neuron	flywire	CB3041	CB3041					
FBbt:20006541	adult CB3042 neuron	flywire	CB3042	CB3042				CB3042	CB3042
FBbt:20006542	adult CB3043 neuron	flywire	CB3043	CB3043				CB3043	CB3043
FBbt:20006543	adult CB3044 neuron	flywire	CB3044	CB3044				CB3044	CB3044
FBbt:20006544	adult CB3045 neuron	flywire	CB3045	CB3045				CB3045	CB3045
FBbt:20006545	adult CB3046 neuron	flywire	CB3046	CB3046					
FBbt:20006546	adult CB3047 neuron	flywire	CB3047	CB3047					CB3047
FBbt:20006547	adult CB3048 neuron	flywire	CB3048	CB3048					CB3048
FBbt:20006548	adult CB3049 neuron	flywire	CB3049	CB3049				CB3049	CB3049
FBbt:20006549	adult CB3050 neuron	flywire	CB3050	CB3050				CB3050	CB3050
FBbt:20006550	adult CB3051 neuron	flywire	CB3051	CB3051				CB3051	
FBbt:20006551	adult CB3052 neuron	flywire	CB3052	CB3052				CB3052	CB3052
FBbt:20006552	adult CB3054 neuron	flywire	CB3054	CB3054					CB3054
FBbt:20006553	adult CB3055 neuron	flywire	CB3055	CB3055				CB3055	CB3055
FBbt:20006554	adult CB3056 neuron	flywire	CB3056	CB3056				CB3056	CB3056
FBbt:20006555	adult CB3057 neuron	flywire	CB3057	CB3057					
FBbt:20006556	adult CB3058 neuron	flywire	CB3058	CB3058					CB3058
FBbt:20006557	adult CB3059 neuron	flywire	CB3059						
FBbt:20006558	adult CB3060 neuron	flywire	CB3060	CB3060				CB3060	CB3060
FBbt:20006559	adult CB3061 neuron	flywire	CB3061	CB3061					
FBbt:20006560	adult CB3063 neuron	flywire	CB3063	CB3063					CB3063
FBbt:20006561	adult CB3064 neuron	flywire	CB3064	CB3064					CB3064
FBbt:20006562	adult CB3065 neuron	flywire	CB3065	CB3065				CB3065	
FBbt:20006563	adult CB3066 neuron	flywire	CB3066	CB3066					CB3066
FBbt:20006564	adult CB3067 neuron	flywire	CB3067	CB3067				CB3067	CB3067
FBbt:20006565	adult CB3069 neuron	flywire	CB3069	CB3069				CB3069	CB3069
FBbt:20006566	adult CB3070 neuron	flywire	CB3070						
FBbt:20006567	adult CB3071 neuron	flywire	CB3071	CB3071				CB3071	
FBbt:20006568	adult CB3072 neuron	flywire	CB3072	CB3072					CB3072
FBbt:20006569	adult CB3073 neuron	flywire	CB3073	CB3073					CB3073
FBbt:20006570	adult CB3074 neuron	flywire	CB3074	CB3074				CB3074	CB3074
FBbt:20006571	adult CB3075 neuron	flywire	CB3075	CB3075				CB3075	CB3075
FBbt:20006572	adult CB3076 neuron	flywire	CB3076	CB3076				CB3076	CB3076
FBbt:20006573	adult CB3077 neuron	flywire	CB3077	CB3077					CB3077
FBbt:20006574	adult CB3079 neuron	flywire	CB3079	CB3079					
FBbt:20006575	adult CB3080 neuron	flywire	CB3080	CB3080				CB3080	CB3080
FBbt:20006576	adult CB3081 neuron	flywire	CB3081	CB3081				CB3081	CB3081
FBbt:20006577	adult CB3082 neuron	flywire	CB3082	CB3082					CB3082
FBbt:20006578	adult CB3083 neuron	flywire	CB3083	CB3083					CB3083
FBbt:20006579	adult CB3084 neuron	flywire	CB3084	CB3084				CB3084	CB3084
FBbt:20006580	adult CB3085 neuron	flywire	CB3085	CB3085					CB3085
FBbt:20006581	adult CB3087 neuron	flywire	CB3087	CB3087					CB3087
FBbt:20006582	adult CB3088 neuron	flywire	CB3088	CB3088					CB3088
FBbt:20006583	adult CB3089 neuron	flywire	CB3089	CB3089				CB3089	
FBbt:20006584	adult CB3091 neuron	flywire	CB3091						
FBbt:20006585	adult CB3092 neuron	flywire	CB3092	CB3092					CB3092
FBbt:20006586	adult CB3093 neuron	flywire	CB3093	CB3093				CB3093	CB3093
FBbt:20006587	adult CB3094 neuron	flywire	CB3094	CB3094					
FBbt:20006588	adult CB3095 neuron	flywire	CB3095						CB3095
FBbt:20006589	adult CB3098 neuron	flywire	CB3098	CB3098				CB3098	CB3098
FBbt:20006590	adult CB3099 neuron	flywire	CB3099	CB3099					CB3099
FBbt:20006591	adult CB3102 neuron	flywire	CB3102	CB3102					CB3102
FBbt:20006592	adult CB3103 neuron	flywire	CB3103	CB3103				CB3103	CB3103
FBbt:20006593	adult CB3104 neuron	flywire	CB3104	CB3104				CB3104	CB3104
FBbt:20006594	adult CB3105 neuron	flywire	CB3105	CB3105				SAD104	CB3105
FBbt:20006595	adult CB3106 neuron	flywire	CB3106	CB3106					
FBbt:20006596	adult CB3107 neuron	flywire	CB3107	CB3107					CB3107
FBbt:20006597	adult CB3108 neuron	flywire	CB3108	CB3108					CB3108
FBbt:20006598	adult CB3109 neuron	flywire	CB3109	CB3109				CB3109	CB3109
FBbt:20006599	adult CB3110 neuron	flywire	CB3110	CB3110					CB3110
FBbt:20006600	adult CB3111 neuron	flywire	CB3111	CB3111					CB3111
FBbt:20006601	adult CB3112 neuron	flywire	CB3112	CB3112					CB3112
FBbt:20006602	adult CB3113 neuron	flywire	CB3113	CB3113				CB3113	CB3113
FBbt:20006603	adult CB3114 neuron	flywire	CB3114	CB3114					CB3114
FBbt:20006604	adult CB3115 neuron	flywire	CB3115	CB3115					CB3115
FBbt:20006606	adult CB3117 neuron	flywire	CB3117	CB3117					CB3117
FBbt:20006607	adult CB3118 neuron	flywire	CB3118					CB3118	
FBbt:20006608	adult CB3119 neuron	flywire	CB3119	CB3119				LHPV6f3_b	CB3119
FBbt:20006609	adult CB3120 neuron	flywire	CB3120	CB3120				CB3120	CB3120
FBbt:20006610	adult CB3121 neuron	flywire	CB3121	CB3121				CB3121	CB3121
FBbt:20006611	adult CB3122 neuron	flywire	CB3122	CB3122					CB3122
FBbt:20006612	adult CB3123 neuron	flywire	CB3123						CB3123
FBbt:20006613	adult CB3124 neuron	flywire	CB3124	CB3124				CB3124	CB3124
FBbt:20006614	adult CB3125 neuron	flywire	CB3125	CB3125					CB3125
FBbt:20006615	adult CB3126 neuron	flywire	CB3126	CB3126					CB3126
FBbt:20006616	adult CB3127 neuron	flywire	CB3127	CB3127				CB3127	CB3127
FBbt:20006617	adult CB3129 neuron	flywire	CB3129	CB3129					CB3129
FBbt:20006618	adult CB3130 neuron	flywire	CB3130	CB3130					
FBbt:20006619	adult CB3131 neuron	flywire	CB3131	CB3131				LHPV4a7_d	CB3131
FBbt:20006620	adult CB3132 neuron	flywire	CB3132	CB3132				CB3132	
FBbt:20006621	adult CB3133 neuron	flywire	CB3133	CB3133				CB3133	CB3133
FBbt:20006622	adult CB3134 neuron	flywire	CB3134						
FBbt:20006623	adult CB3135 neuron	flywire	CB3135	CB3135				CB3135	CB3135
FBbt:20006624	adult CB3136 neuron	flywire	CB3136	CB3136					CB3136
FBbt:20006625	adult CB3137 neuron	flywire	CB3137						
FBbt:20006626	adult CB3138 neuron	flywire	CB3138						CB3138
FBbt:20006627	adult CB3140 neuron	flywire	CB3140	CB3140				CB3140	CB3140
FBbt:20006628	adult CB3141 neuron	flywire	CB3141	CB3141				CB3141	
FBbt:20006629	adult CB3142 neuron	flywire	CB3142	CB3142				CB3142	CB3142
FBbt:20006630	adult CB3143 neuron	flywire	CB3143	CB3143				CB3143	CB3143
FBbt:20006631	adult CB3145 neuron	flywire	CB3145	CB3145					CB3145
FBbt:20006632	adult CB3146 neuron	flywire	CB3146	CB3146				GNG375	CB3146
FBbt:20006633	adult CB3147 neuron	flywire	CB3147	CB3147				CB3147	CB3147
FBbt:20006634	adult CB3148 neuron	flywire	CB3148	CB3148				LHPV5h2_b	CB3148
FBbt:20006635	adult CB3149 neuron	flywire	CB3149	CB3149					
FBbt:20006636	adult CB3150 neuron	flywire	CB3150	CB3150				GNG338|GNG339	CB3150
FBbt:20006637	adult CB3151 neuron	flywire	CB3151	CB3151				GNG373	CB3151
FBbt:20006638	adult CB3152 neuron	flywire	CB3152	CB3152					CB3152
FBbt:20006639	adult CB3153 neuron	flywire	CB3153	CB3153				GNG372	CB3153
FBbt:20006640	adult CB3154 neuron	flywire	CB3154	CB3154					CB3154
FBbt:20006641	adult CB3155 neuron	flywire	CB3155	CB3155					CB3155
FBbt:20006642	adult CB3156 neuron	flywire	CB3156	CB3156				PRW022	CB3156
FBbt:20006643	adult CB3157 neuron	flywire	CB3157	CB3157					
FBbt:20006644	adult CB3158 neuron	flywire	CB3158	CB3158				PS350	CB3158
FBbt:20006645	adult CB3160 neuron	flywire	CB3160	CB3160					CB3160
FBbt:20006646	adult CB3161 neuron	flywire	CB3161						
FBbt:20006647	adult CB3162 neuron	flywire	CB3162	CB3162				CB3162	CB3162
FBbt:20006648	adult CB3163 neuron	flywire	CB3163	CB3163					CB3163
FBbt:20006649	adult CB3164 neuron	flywire	CB3164	CB3164					CB3164
FBbt:20006650	adult CB3166 neuron	flywire	CB3166	CB3166					
FBbt:20006651	adult CB3168 neuron	flywire	CB3168	CB3168				CB3168	CB3168
FBbt:20006652	adult CB3169 neuron	flywire	CB3169	CB3169					CB3169
FBbt:20006653	adult CB3171 neuron	flywire	CB3171	CB3171					
FBbt:20006654	adult CB3172 neuron	flywire	CB3172	CB3172				CB3172	CB3172
FBbt:20006655	adult CB3173 neuron	flywire	CB3173	CB3173				CB3173	CB3173
FBbt:20006656	adult CB3174 neuron	flywire	CB3174	CB3174					CB3174
FBbt:20006657	adult CB3175 neuron	flywire	CB3175	CB3175				CB3175	CB3175
FBbt:20006658	adult CB3176 neuron	flywire	CB3176	CB3176					CB3176
FBbt:20006659	adult CB3177 neuron	flywire	CB3177	CB3177					CB3177
FBbt:20006660	adult CB3178 neuron	flywire	CB3178	CB3178				AVLP345_b	CB3178
FBbt:20006661	adult CB3179 neuron	flywire	CB3179	CB3179					CB3179
FBbt:20006662	adult CB3180 neuron	flywire	CB3180	CB3180					CB3180
FBbt:20006663	adult CB3181 neuron	flywire	CB3181	CB3181					
FBbt:20006664	adult CB3182 neuron	flywire	CB3182	CB3182					CB3182
FBbt:20006665	adult CB3183 neuron	flywire	CB3183	CB3183					CB3183
FBbt:20006666	adult CB3184 neuron	flywire	CB3184	CB3184				CB3184	CB3184
FBbt:20006667	adult CB3185 neuron	flywire	CB3185	CB3185				CB3185|LHPD2a5_b	CB3185
FBbt:20006668	adult CB3186 neuron	flywire	CB3186	CB3186					CB3186
FBbt:20006669	adult CB3187 neuron	flywire	CB3187	CB3187				CB3187	CB3187
FBbt:20006670	adult CB3188 neuron	flywire	CB3188						
FBbt:20006671	adult CB3189 neuron	flywire	CB3189	CB3189				GNG371	CB3189
FBbt:20006672	adult CB3190 neuron	flywire	CB3190	CB3190					CB3190
FBbt:20006673	adult CB3191 neuron	flywire	CB3191	CB3191				LHPD4e1_b	CB3191
FBbt:20006674	adult CB3192 neuron	flywire	CB3192						CB3192
FBbt:20006675	adult CB3193 neuron	flywire	CB3193	CB3193					
FBbt:20006676	adult CB3194 neuron	flywire	CB3194	CB3194					CB3194
FBbt:20006677	adult CB3195 neuron	flywire	CB3195	CB3195					CB3195
FBbt:20006678	adult CB3196 neuron	flywire	CB3196	CB3196					CB3196
FBbt:20006679	adult CB3197 neuron	flywire	CB3197	CB3197				CB3197	CB3197
FBbt:20006680	adult CB3198 neuron	flywire	CB3198						CB3198
FBbt:20006681	adult CB3199 neuron	flywire	CB3199	CB3199					CB3199
FBbt:20006682	adult CB3200 neuron	flywire	CB3200	CB3200				AMMC030|AMMC031	CB3200
FBbt:20006683	adult CB3201 neuron	flywire	CB3201	CB3201				CB3201	CB3201
FBbt:20006684	adult CB3202 neuron	flywire	CB3202	CB3202				CB3202	CB3202
FBbt:20006685	adult CB3203 neuron	flywire	CB3203	CB3203					CB3203
FBbt:20006686	adult CB3204 neuron	flywire	CB3204	CB3204				CB3204	CB3204
FBbt:20006687	adult CB3205 neuron	flywire	CB3205						
FBbt:20006688	adult CB3207 neuron	flywire	CB3207	CB3207				CB3207	CB3207
FBbt:20006689	adult CB3208 neuron	flywire	CB3208	CB3208				CB3208	CB3208
FBbt:20006690	adult CB3209 neuron	flywire	CB3209	CB3209				CB3209	
FBbt:20006691	adult CB3210 neuron	flywire	CB3210	CB3210					CB3210
FBbt:20006692	adult CB3211 neuron	flywire	CB3211	CB3211					
FBbt:20006693	adult CB3212 neuron	flywire	CB3212	CB3212				CB3212	
FBbt:20006694	adult CB3214 neuron	flywire	CB3214	CB3214					CB3214
FBbt:20006695	adult CB3215 neuron	flywire	CB3215	CB3215					CB3215
FBbt:20006696	adult CB3218 neuron	flywire	CB3218	CB3218				CB3218	CB3218
FBbt:20006697	adult CB3219 neuron	flywire	CB3219	CB3219					CB3219
FBbt:20006698	adult CB3220 neuron	flywire	CB3220	CB3220				CB3220	CB3220
FBbt:20006699	adult CB3221 neuron	flywire	CB3221	CB3221				CB3221	CB3221
FBbt:20006701	adult CB3223 neuron	flywire	CB3223	CB3223					CB3223
FBbt:20006702	adult CB3224 neuron	flywire	CB3224	CB3224					
FBbt:20006703	adult CB3225 neuron	flywire	CB3225	CB3225					CB3225
FBbt:20006704	adult CB3226 neuron	flywire	CB3226	CB3226					
FBbt:20006705	adult CB3227 neuron	flywire	CB3227	CB3227					CB3227
FBbt:20006706	adult CB3228 neuron	flywire	CB3228	CB3228				CB3228	CB3228
FBbt:20006707	adult CB3229 neuron	flywire	CB3229	CB3229					CB3229
FBbt:20006708	adult CB3230 neuron	flywire	CB3230	CB3230					CB3230
FBbt:20006709	adult CB3231 neuron	flywire	CB3231	CB3231					CB3231
FBbt:20006710	adult CB3232 neuron	flywire	CB3232						
FBbt:20006711	adult CB3233 neuron	flywire	CB3233	CB3233				CB3233	
FBbt:20006712	adult CB3234 neuron	flywire	CB3234	CB3234					CB3234
FBbt:20006713	adult CB3235 neuron	flywire	CB3235	CB3235					CB3235
FBbt:20006714	adult CB3236 neuron	flywire	CB3236	CB3236				CB3236	CB3236
FBbt:20006715	adult CB3238 neuron	flywire	CB3238	CB3238					CB3238
FBbt:20006716	adult CB3239 neuron	flywire	CB3239	CB3239					CB3239
FBbt:20006717	adult CB3240 neuron	flywire	CB3240	CB3240				CB3240	CB3240
FBbt:20006718	adult CB3242 neuron	flywire	CB3242	CB3242				GNG366	CB3242
FBbt:20006719	adult CB3243 neuron	flywire	CB3243	CB3243					
FBbt:20006720	adult CB3244 neuron	flywire	CB3244	CB3244					CB3244
FBbt:20006721	adult CB3245 neuron	flywire	CB3245	CB3245				SAD021_b|CB3245	CB3245
FBbt:20006722	adult WEDPN8B neuron	flywire	WEDPN8B	WEDPN8B	WEDPN8B			WEDPN8B	WEDPN8B
FBbt:20006723	adult CB3248 neuron	flywire	CB3248	CB3248				LHPV6h1_b	CB3248
FBbt:20006724	adult CB3249 neuron	flywire	CB3249	CB3249				CB3249	CB3249
FBbt:20006725	adult CB3250 neuron	flywire	CB3250	CB3250				CB3250	CB3250
FBbt:20006726	adult CB3251 neuron	flywire	CB3251	CB3251					
FBbt:20006727	adult CB3252 neuron	flywire	CB3252					CB3252	CB3252
FBbt:20006728	adult CB3253 neuron	flywire	CB3253	CB3253					
FBbt:20006729	adult CB3254 neuron	flywire	CB3254	CB3254				GNG368|GNG367_a	CB3254
FBbt:20006730	adult CB3255 neuron	flywire	CB3255	CB3255				CB3255	CB3255
FBbt:20006731	adult CB3256 neuron	flywire	CB3256	CB3256					CB3256
FBbt:20006732	adult CB3257 neuron	flywire	CB3257	CB3257					CB3257
FBbt:20006733	adult LHPV2a1_b neuron	flywire	LHPV2a1_b						
FBbt:20006734	adult CB3260 neuron	flywire	CB3260	CB3260					CB3260
FBbt:20006735	adult CB3261 neuron	flywire	CB3261	CB3261				CB3261	CB3261
FBbt:20006736	adult CB3262 neuron	flywire	CB3262						
FBbt:20006737	adult CB3263 neuron	flywire	CB3263	CB3263					CB3263
FBbt:20006738	adult CB3264 neuron	flywire	CB3264	CB3264				CB3264	
FBbt:20006739	adult WEDPN7C neuron	flywire	WEDPN7C	WEDPN7C	WEDPN7C			WEDPN7C	WEDPN7C
FBbt:20006740	adult CB3267 neuron	flywire	CB3267	CB3267				PRW021	CB3267
FBbt:20006741	adult CB3268 neuron	flywire	CB3268	CB3268				CB3268	CB3268
FBbt:20006742	adult CB3269 neuron	flywire	CB3269	CB3269				CB3269	CB3269
FBbt:20006743	adult CB3270 neuron	flywire	CB3270	CB3270					CB3270
FBbt:20006744	adult CB3272 neuron	flywire	CB3272	CB3272					CB3272
FBbt:20006745	adult CB3273 neuron	flywire	CB3273	CB3273					CB3273
FBbt:20006746	adult CB3274 neuron	flywire	CB3274	CB3274				CB3274	
FBbt:20006747	adult CB3275 neuron	flywire	CB3275	CB3275					CB3275
FBbt:20006748	adult CB3276 neuron	flywire	CB3276	CB3276				CB3276	CB3276
FBbt:20006749	adult CB3277 neuron	flywire	CB3277	CB3277				CB3277	CB3277
FBbt:20006750	adult CB3278 neuron	flywire	CB3278	CB3278				CB3278	CB3278
FBbt:20006751	adult CB3279 neuron	flywire	CB3279	CB3279					
FBbt:20006752	adult CB3280 neuron	flywire	CB3280	CB3280					
FBbt:20006753	adult CB3281 neuron	flywire	CB3281	CB3281				CB3281	
FBbt:20006754	adult CB3282 neuron	flywire	CB3282						
FBbt:20006755	adult CB3283 neuron	flywire	CB3283	CB3283					CB3283
FBbt:20006756	adult CB3284 neuron	flywire	CB3284	CB3284					CB3284
FBbt:20006757	adult CB3285 neuron	flywire	CB3285	CB3285					CB3285
FBbt:20006758	adult CB3286 neuron	flywire	CB3286	CB3286				GNG365	
FBbt:20006759	adult CB3287 neuron	flywire	CB3287	CB3287					CB3287
FBbt:20006760	adult CB3288 neuron	flywire	CB3288	CB3288				CB3288	
FBbt:20006761	adult CB3289 neuron	flywire	CB3289	CB3289					CB3289
FBbt:20006762	adult CB3290 neuron	flywire	CB3290	CB3290					CB3290
FBbt:20006763	adult CB3291 neuron	flywire	CB3291	CB3291				LHAD1i2_b	CB3291
FBbt:20006764	adult CB3292 neuron	flywire	CB3292	CB3292					CB3292
FBbt:20006765	adult CB3293 neuron	flywire	CB3293	CB3293				CB3293	CB3293
FBbt:20006766	adult CB3294 neuron	flywire	CB3294	CB3294					CB3294
FBbt:20006767	adult CB3295 neuron	flywire	CB3295	CB3295				WEDPN8C	CB3295
FBbt:20006768	adult CB3297 neuron	flywire	CB3297	CB3297				CB3297	
FBbt:20006769	adult CB3298 neuron	flywire	CB3298	CB3298					CB3298
FBbt:20006770	adult CB3299 neuron	flywire	CB3299	CB3299				LHAD3f1_a	CB3299
FBbt:20006771	adult CB3300 neuron	flywire	CB3300	CB3300					
FBbt:20006772	adult CB3301 neuron	flywire	CB3301						
FBbt:20006773	adult CB3302 neuron	flywire	CB3302	CB3302				CB3302	CB3302
FBbt:20006774	adult CB3304 neuron	flywire	CB3304	CB3304					
FBbt:20006775	adult CB3305 neuron	flywire	CB3305	CB3305				CB3305	CB3305
FBbt:20006776	adult CB3306 neuron	flywire	CB3306	CB3306					CB3306
FBbt:20006777	adult CB3308 neuron	flywire	CB3308	CB3308				CB3308	CB3308
FBbt:20006778	adult CB3309 neuron	flywire	CB3309	CB3309					CB3309
FBbt:20006779	adult CB3310 neuron	flywire	CB3310	CB3310					
FBbt:20006781	adult CB3312 neuron	flywire	CB3312	CB3312					CB3312
FBbt:20006782	adult CB3313 neuron	flywire	CB3313	CB3313				aSP10A_b	CB3313
FBbt:20006783	adult CB3314 neuron	flywire	CB3314	CB3314					CB3314
FBbt:20006784	adult CB3315 neuron	flywire	CB3315	CB3315					CB3315
FBbt:20006785	adult CB3316 neuron	flywire	CB3316	CB3316				CB3316	CB3316
FBbt:20006786	adult CB3317 neuron	flywire	CB3317	CB3317					CB3317
FBbt:20006787	adult CB3318 neuron	flywire	CB3318	CB3318				CB3318	CB3318
FBbt:20006788	adult CB3319 neuron	flywire	CB3319	CB3319				CB3319	CB3319
FBbt:20006789	adult CB3320 neuron	flywire	CB3320	CB3320				CB3320	CB3320
FBbt:20006790	adult CB3321 neuron	flywire	CB3321	CB3321					CB3321
FBbt:20006791	adult CB3322 neuron	flywire	CB3322	CB3322				CB3322	CB3322
FBbt:20006792	adult CB3323 neuron	flywire	CB3323	CB3323				CB3323	CB3323
FBbt:20006793	adult CB3324 neuron	flywire	CB3324	CB3324					CB3324
FBbt:20006794	adult CB3325 neuron	flywire	CB3325	CB3325				GNG364|GNG354	CB3325
FBbt:20006795	adult CB3326 neuron	flywire	CB3326	CB3326				CB3326	CB3326
FBbt:20006796	adult CB3327 neuron	flywire	CB3327	CB3327					CB3327
FBbt:20006797	adult CB3328 neuron	flywire	CB3328	CB3328					CB3328
FBbt:20006798	adult CB3329 neuron	flywire	CB3329	CB3329				CB3329	CB3329
FBbt:20006799	adult CB3330 neuron	flywire	CB3330	CB3330					
FBbt:20006800	adult CB3331 neuron	flywire	CB3331	CB3331				LHPD2a4_b	CB3331
FBbt:20006801	adult CB3332 neuron	flywire	CB3332	CB3332				CB3332	
FBbt:20006802	adult CB3335 neuron	flywire	CB3335	CB3335					CB3335
FBbt:20006803	adult CB3336 neuron	flywire	CB3336	CB3336					
FBbt:20006804	adult CB3337 neuron	flywire	CB3337	CB3337					CB3337
FBbt:20006805	adult CB3339 neuron	flywire	CB3339	CB3339				CB3339	
FBbt:20006806	adult CB3340 neuron	flywire	CB3340	CB3340				CB3340	CB3340
FBbt:20006807	adult CB3341 neuron	flywire	CB3341	CB3341					CB3341
FBbt:20006808	adult CB3342 neuron	flywire	CB3342	CB3342					CB3342
FBbt:20006809	adult CB3343 neuron	flywire	CB3343	CB3343				CB3343	CB3343
FBbt:20006810	adult CB3344 neuron	flywire	CB3344	CB3344					CB3344
FBbt:20006811	adult CB3345 neuron	flywire	CB3345	CB3345				LHAD3f1_a	CB3345
FBbt:20006812	adult CB3346 neuron	flywire	CB3346	CB3346					CB3346
FBbt:20006813	adult CB3347 neuron	flywire	CB3347	CB3347				CB3347	CB3347
FBbt:20006814	adult CB3348 neuron	flywire	CB3348	CB3348					CB3348
FBbt:20006815	adult CB3349 neuron	flywire	CB3349	CB3349					CB3349
FBbt:20006816	adult CB3351 neuron	flywire	CB3351	CB3351				GNG238	
FBbt:20006817	adult CB3352 neuron	flywire	CB3352	CB3352					
FBbt:20006818	adult CB3353 neuron	flywire	CB3353	CB3353				GNG258	
FBbt:20006819	adult CB3354 neuron	flywire	CB3354	CB3354					CB3354
FBbt:20006820	adult CB3355 neuron	flywire	CB3355	CB3355					CB3355
FBbt:20006821	adult CB3356 neuron	flywire	CB3356	CB3356					CB3356
FBbt:20006822	adult CB3357 neuron	flywire	CB3357	CB3357				CB3357	
FBbt:20006823	adult CB3358 neuron	flywire	CB3358	CB3358				CB3358	
FBbt:20006824	adult CB3359 neuron	flywire	CB3359	CB3359					CB3359
FBbt:20006825	adult CB3360 neuron	flywire	CB3360	CB3360				CB3360	
FBbt:20006826	adult CB3361 neuron	flywire	CB3361	CB3361				CB3361	CB3361
FBbt:20006827	adult CB3362 neuron	flywire	CB3362	CB3362				CB3362	CB3362
FBbt:20006828	adult CB3363 neuron	flywire	CB3363	CB3363					CB3363
FBbt:20006829	adult CB3364 neuron	flywire	CB3364	CB3364				CB3364	
FBbt:20006830	adult CB3365 neuron	flywire	CB3365	CB3365					CB3365
FBbt:20006831	adult CB3366 neuron	flywire	CB3366	CB3366					CB3366
FBbt:20006832	adult CB3368 neuron	flywire	CB3368	CB3368				AVLP311_b2	CB3368
FBbt:20006833	adult CB3369 neuron	flywire	CB3369						CB3369
FBbt:20006834	adult CB3370 neuron	flywire	CB3370	CB3370					
FBbt:20006835	adult CB3371 neuron	flywire	CB3371	CB3371				AMMC021	CB3371
FBbt:20006836	adult CB3372 neuron	flywire	CB3372	CB3372				PS333	CB3372
FBbt:20006837	adult CB3373 neuron	flywire	CB3373	CB3373				CB3373	
FBbt:20006838	adult CB3374 neuron	flywire	CB3374	CB3374				CB3374	CB3374
FBbt:20006839	adult CB3376 neuron	flywire	CB3376	CB3376				CB3376	CB3376
FBbt:20006840	adult CB3377 neuron	flywire	CB3377	CB3377					CB3377
FBbt:20006841	adult CB3378 neuron	flywire	CB3378	CB3378					CB3378
FBbt:20006842	adult CB3379 neuron	flywire	CB3379	CB3379					CB3379
FBbt:20006843	adult CB3380 neuron	flywire	CB3380	CB3380					CB3380
FBbt:20006844	adult CB3381 neuron	flywire	CB3381	CB3381				CB3381	CB3381
FBbt:20006845	adult CB3382 neuron	flywire	CB3382	CB3382					CB3382
FBbt:20006846	adult CB3384 neuron	flywire	CB3384	CB3384				CB3384	CB3384
FBbt:20006847	adult CB3385 neuron	flywire	CB3385	CB3385				GNG363	CB3385
FBbt:20006848	adult CB3386 neuron	flywire	CB3386	CB3386					CB3386
FBbt:20006849	adult CB3387 neuron	flywire	CB3387	CB3387					
FBbt:20006850	adult CB3388 neuron	flywire	CB3388	CB3388				GNG362	
FBbt:20006851	adult CB3390 neuron	flywire	CB3390	CB3390					CB3390
FBbt:20006852	adult CB3391 neuron	flywire	CB3391	CB3391				CB3391	CB3391
FBbt:20006853	adult CB3392 neuron	flywire	CB3392	CB3392					CB3392
FBbt:20006854	adult CB3393 neuron	flywire	CB3393	CB3393				CB3393	CB3393
FBbt:20006855	adult CB3394 neuron	flywire	CB3394	CB3394				CB3394	CB3394
FBbt:20006856	adult CB3395 neuron	flywire	CB3395	CB3395				GNG277	CB3395
FBbt:20006857	adult CB3396 neuron	flywire	CB3396	CB3396				CB3396	CB3396
FBbt:20006858	adult CB3397 neuron	flywire	CB3397						
FBbt:20006859	adult CB3398 neuron	flywire	CB3398	CB3398					CB3398
FBbt:20006860	adult CB3399 neuron	flywire	CB3399	CB3399				CB3399	CB3399
FBbt:20006861	adult CB3400 neuron	flywire	CB3400	CB3400				CB3400	CB3400
FBbt:20006862	adult CB3401 neuron	flywire	CB3401	CB3401					CB3401
FBbt:20006863	adult CB3402 neuron	flywire	CB3402	CB3402				CB3402	CB3402
FBbt:20006864	adult CB3403 neuron	flywire	CB3403	CB3403					CB3403
FBbt:20006865	adult CB3404 neuron	flywire	CB3404	CB3404				CB3404	CB3404
FBbt:20006866	adult CB3405 neuron	flywire	CB3405	CB3405					
FBbt:20006867	adult CB3406 neuron	flywire	CB3406	CB3406					CB3406
FBbt:20006868	adult CB3407 neuron	flywire	CB3407	CB3407				CB3407	
FBbt:20006869	adult CB3408 neuron	flywire	CB3408	CB3408				LHAV6a8	CB3408
FBbt:20006870	adult CB3409 neuron	flywire	CB3409	CB3409				CB3409	CB3409
FBbt:20006871	adult CB3410 neuron	flywire	CB3410	CB3410					CB3410
FBbt:20006872	adult CB3411 neuron	flywire	CB3411	CB3411				AVLP203_a|CB3411	CB3411
FBbt:20006873	adult CB3412 neuron	flywire	CB3412	CB3412				GNG361	CB3412
FBbt:20006874	adult CB3413 neuron	flywire	CB3413	CB3413					CB3413
FBbt:20006875	adult CB3414 neuron	flywire	CB3414	CB3414				CB3414	CB3414
FBbt:20006876	adult CB3415 neuron	flywire	CB3415	CB3415					CB3415
FBbt:20006877	adult CB3416 neuron	flywire	CB3416	CB3416					CB3416
FBbt:20006878	adult CB3417 neuron	flywire	CB3417	CB3417				CB3417	CB3417
FBbt:20006879	adult CB3418 neuron	flywire	CB3418	CB3418					CB3418
FBbt:20006880	adult CB3419 neuron	flywire	CB3419	CB3419				CB3419	CB3419
FBbt:20006881	adult CB3422 neuron	flywire	CB3422	CB3422					CB3422
FBbt:20006882	adult CB3423 neuron	flywire	CB3423	CB3423					CB3423
FBbt:20006883	adult CB3424 neuron	flywire	CB3424	CB3424					CB3424
FBbt:20006884	adult CB3425 neuron	flywire	CB3425	CB3425					CB3425
FBbt:20006885	adult CB3426 neuron	flywire	CB3426	CB3426					CB3426
FBbt:20006886	adult CB3427 neuron	flywire	CB3427	CB3427				CB3427	
FBbt:20006887	adult CB3428 neuron	flywire	CB3428	CB3428					
FBbt:20006888	adult CB3429 neuron	flywire	CB3429	CB3429					CB3429
FBbt:20006889	adult CB3430 neuron	flywire	CB3430	CB3430					CB3430
FBbt:20006890	adult CB3431 neuron	flywire	CB3431	CB3431					CB3431
FBbt:20006891	adult CB3432 neuron	flywire	CB3432	CB3432				SMP415_a	CB3432
FBbt:20006892	adult CB3433 neuron	flywire	CB3433	CB3433				CB3433	CB3433
FBbt:20006893	adult CB3434 neuron	flywire	CB3434	CB3434					CB3434
FBbt:20006894	adult CB3435 neuron	flywire	CB3435	CB3435				CB3435	CB3435
FBbt:20006895	adult CB3436 neuron	flywire	CB3436	CB3436					CB3436
FBbt:20006896	adult CB3437 neuron	flywire	CB3437	CB3437				CB3437	CB3437
FBbt:20006897	adult CB3438 neuron	flywire	CB3438	CB3438				GNG388	CB3438
FBbt:20006898	adult CB3439 neuron	flywire	CB3439	CB3439				CB3439	CB3439
FBbt:20006899	adult CB3442 neuron	flywire	CB3442	CB3442					CB3442
FBbt:20006901	adult CB3444 neuron	flywire	CB3444	CB3444					CB3444
FBbt:20006902	adult CB3445 neuron	flywire	CB3445	CB3445				CB3445	
FBbt:20006903	adult CB3446 neuron	flywire	CB3446	CB3446				CB3446	CB3446
FBbt:20006904	adult CB3447 neuron	flywire	CB3447	CB3447				CB3447	CB3447
FBbt:20006905	adult CB3448 neuron	flywire	CB3448	CB3448				LHAD3f1_a	
FBbt:20006906	adult CB3449 neuron	flywire	CB3449						CB3449
FBbt:20006907	adult CB3450 neuron	flywire	CB3450	CB3450				CB3450	CB3450
FBbt:20006908	adult CB3452 neuron	flywire	CB3452	CB3452					CB3452
FBbt:20006909	adult CB3453 neuron	flywire	CB3453	CB3453				CB3453	CB3453
FBbt:20006910	adult CB3454 neuron	flywire	CB3454	CB3454					
FBbt:20006911	adult CB3455 neuron	flywire	CB3455	CB3455					
FBbt:20006912	adult CB3456 neuron	flywire	CB3456	CB3456				AVLP320_b	CB3456
FBbt:20006913	adult CB3457 neuron	flywire	CB3457	CB3457					CB3457
FBbt:20006914	adult CB3458 neuron	flywire	CB3458	CB3458					CB3458
FBbt:20006915	adult CB3459 neuron	flywire	CB3459	CB3459				CB3459	CB3459
FBbt:20006916	adult CB3461 neuron	flywire	CB3461	CB3461					
FBbt:20006917	adult CB3462 neuron	flywire	CB3462	CB3462					CB3462
FBbt:20006918	adult CB3463 neuron	flywire	CB3463	CB3463				GNG261	CB3463
FBbt:20006919	adult CB3464 neuron	flywire	CB3464	CB3464				CB3464	CB3464
FBbt:20006920	adult CB3465 neuron	flywire	CB3465	CB3465				GNG360	
FBbt:20006921	adult CB3466 neuron	flywire	CB3466	CB3466				CB3466	CB3466
FBbt:20006922	adult CB3467 neuron	flywire	CB3467	CB3467					CB3467
FBbt:20006923	adult CB3468 neuron	flywire	CB3468	CB3468					CB3468
FBbt:20006924	adult CB3469 neuron	flywire	CB3469	CB3469				CB3469	CB3469
FBbt:20006925	adult CB3470 neuron	flywire	CB3470	CB3470					CB3470
FBbt:20006926	adult CB3471 neuron	flywire	CB3471	CB3471					CB3471
FBbt:20006927	adult CB3472 neuron	flywire	CB3472	CB3472					
FBbt:20006928	adult CB3473 neuron	flywire	CB3473	CB3473					CB3473
FBbt:20006929	adult CB3474 neuron	flywire	CB3474	CB3474				GNG359	CB3474
FBbt:20006930	adult CB3476 neuron	flywire	CB3476	CB3476				CB3476	CB3476
FBbt:20006931	adult CB3477 neuron	flywire	CB3477	CB3477				CB3477	
FBbt:20006932	adult LHPV2a1_c neuron	flywire	LHPV2a1_c	LHPV2a1_c				LHPV2a1_e|LHPV2a1_c	LHPV2a1_c
FBbt:20006933	adult CB3479 neuron	flywire	CB3479	CB3479				CB3479	
FBbt:20006934	adult CB3480 neuron	flywire	CB3480	CB3480				WED205	
FBbt:20006935	adult CB3482 neuron	flywire	CB3482	CB3482					CB3482
FBbt:20006936	adult CB3483 neuron	flywire	CB3483	CB3483					CB3483
FBbt:20006937	adult CB3484 neuron	flywire	CB3484	CB3484				AVLP110_a	CB3484
FBbt:20006938	adult CB3485 neuron	flywire	CB3485	CB3485					CB3485
FBbt:20006939	adult CB3486 neuron	flywire	CB3486	CB3486				WED207	CB3486
FBbt:20006940	adult CB3487 neuron	flywire	CB3487	CB3487					CB3487
FBbt:20006941	adult CB3488 neuron	flywire	CB3488	CB3488				CB3488	CB3488
FBbt:20006942	adult CB3489 neuron	flywire	CB3489	CB3489					CB3489
FBbt:20006943	adult CB3491 neuron	flywire	CB3491	CB3491					CB3491
FBbt:20006944	adult CB3492 neuron	flywire	CB3492	CB3492					
FBbt:20006945	adult CB3493 neuron	flywire	CB3493	CB3493					CB3493
FBbt:20006946	adult CB3496 neuron	flywire	CB3496	CB3496				CB3496	CB3496
FBbt:20006947	adult CB3497 neuron	flywire	CB3497	CB3497					CB3497
FBbt:20006948	adult CB3498 neuron	flywire	CB3498	CB3498				CB3498	CB3498
FBbt:20006949	adult CB3499 neuron	flywire	CB3499	CB3499				CB3499	CB3499
FBbt:20006950	adult CB3500 neuron	flywire	CB3500	CB3500				PRW017	CB3500
FBbt:20006951	adult CB3501 neuron	flywire	CB3501	CB3501					CB3501
FBbt:20006952	adult CB3502 neuron	flywire	CB3502	CB3502				PRW016	CB3502
FBbt:20006953	adult CB3503 neuron	flywire	CB3503	CB3503				CB3503	CB3503
FBbt:20006954	adult CB3504 neuron	flywire	CB3504	CB3504					
FBbt:20006955	adult CB3505 neuron	flywire	CB3505	CB3505					CB3505
FBbt:20006956	adult CB3506 neuron	flywire	CB3506	CB3506				CB3506	
FBbt:20006957	adult CB3507 neuron	flywire	CB3507	CB3507				CB3507	CB3507
FBbt:20006958	adult CB3508 neuron	flywire	CB3508					CB3508	CB3508
FBbt:20006959	adult CB3509 neuron	flywire	CB3509	CB3509					CB3509
FBbt:20006960	adult CB3510 neuron	flywire	CB3510	CB3510					
FBbt:20006961	adult CB3512 neuron	flywire	CB3512	CB3512				CB3512	CB3512
FBbt:20006962	adult CB3513 neuron	flywire	CB3513					CB3513	
FBbt:20006963	adult CB3514 neuron	flywire	CB3514	CB3514				AVLP600	CB3514
FBbt:20006964	adult CB3515 neuron	flywire	CB3515	CB3515					CB3515
FBbt:20006965	adult CB3516 neuron	flywire	CB3516	CB3516					CB3516
FBbt:20006966	adult CB3517 neuron	flywire	CB3517	CB3517					CB3517
FBbt:20006967	adult CB3518 neuron	flywire	CB3518	CB3518					CB3518
FBbt:20006968	adult CB3519 neuron	flywire	CB3519	CB3519				CB3519	CB3519
FBbt:20006969	adult CB3520 neuron	flywire	CB3520	CB3520					
FBbt:20006970	adult CB3521 neuron	flywire	CB3521	CB3521					CB3521
FBbt:20006971	adult CB3522 neuron	flywire	CB3522	CB3522					CB3522
FBbt:20006972	adult CB3523 neuron	flywire	CB3523	CB3523				CB3523	CB3523
FBbt:20006973	adult CB3524 neuron	flywire	CB3524	CB3524				GNG358	CB3524
FBbt:20006974	adult CB3525 neuron	flywire	CB3525	CB3525				AVLP320_a	CB3525
FBbt:20006975	adult CB3527 neuron	flywire	CB3527	CB3527					CB3527
FBbt:20006976	adult CB3528 neuron	flywire	CB3528	CB3528				CB3528	CB3528
FBbt:20006977	adult CB3529 neuron	flywire	CB3529	CB3529					CB3529
FBbt:20006978	adult CB3530 neuron	flywire	CB3530	CB3530				CB3530	CB3530
FBbt:20006979	adult CB3531 neuron	flywire	CB3531	CB3531					CB3531
FBbt:20006980	adult CB3532 neuron	flywire	CB3532	CB3532					CB3532
FBbt:20006981	adult CB3533 neuron	flywire	CB3533	CB3533					CB3533
FBbt:20006982	adult CB3534 neuron	flywire	CB3534	CB3534					CB3534
FBbt:20006983	adult CB3535 neuron	flywire	CB3535	CB3535					CB3535
FBbt:20006984	adult CB3536 neuron	flywire	CB3536	CB3536					CB3536
FBbt:20006985	adult CB3537 neuron	flywire	CB3537	CB3537					CB3537
FBbt:20006986	adult CB3538 neuron	flywire	CB3538	CB3538					CB3538
FBbt:20006987	adult CB3539 neuron	flywire	CB3539	CB3539				CB3539	CB3539
FBbt:20006988	adult CB3540 neuron	flywire	CB3540	CB3540				WEDPN16_d	CB3540
FBbt:20006989	adult CB3541 neuron	flywire	CB3541	CB3541				CB3541	CB3541
FBbt:20006990	adult CB3544 neuron	flywire	CB3544	CB3544				CB3544	CB3544
FBbt:20006991	adult CB3545 neuron	flywire	CB3545	CB3545				CB3545	CB3545
FBbt:20006992	adult CB3546 neuron	flywire	CB3546	CB3546					CB3546
FBbt:20006993	adult CB3547 neuron	flywire	CB3547	CB3547				VES097	CB3547
FBbt:20006994	adult CB3548 neuron	flywire	CB3548	CB3548				CB3548	CB3548
FBbt:20006995	adult CB3549 neuron	flywire	CB3549	CB3549					CB3549
FBbt:20006996	adult CB3550 neuron	flywire	CB3550	CB3550					CB3550
FBbt:20006997	adult CB3551 neuron	flywire	CB3551	CB3551					CB3551
FBbt:20006998	adult CB3552 neuron	flywire	CB3552	CB3552				CB3552	CB3552
FBbt:20006999	adult CB3553 neuron	flywire	CB3553	CB3553				CB3553	CB3553
FBbt:20007000	adult CB3554 neuron	flywire	CB3554	CB3554					CB3554
FBbt:20007001	adult CB3555 neuron	flywire	CB3555	CB3555				LHPV4c1_c	CB3555
FBbt:20007002	adult CB3556 neuron	flywire	CB3556	CB3556				CB3556	CB3556
FBbt:20007003	adult CB3557 neuron	flywire	CB3557	CB3557					CB3557
FBbt:20007004	adult CB3558 neuron	flywire	CB3558						
FBbt:20007005	adult CB3559 neuron	flywire	CB3559	CB3559					CB3559
FBbt:20007006	adult CB3560 neuron	flywire	CB3560	CB3560					CB3560
FBbt:20007007	adult CB3561 neuron	flywire	CB3561	CB3561				CB3561	CB3561
FBbt:20007008	adult CB3562 neuron	flywire	CB3562	CB3562				GNG357	CB3562
FBbt:20007009	adult CB3564 neuron	flywire	CB3564	CB3564					CB3564
FBbt:20007010	adult CB3565 neuron	flywire	CB3565	CB3565				PRW015	CB3565
FBbt:20007011	adult CB3566 neuron	flywire	CB3566	CB3566				CB3566	CB3566
FBbt:20007012	adult CB3567 neuron	flywire	CB3567	CB3567					CB3567
FBbt:20007013	adult CB3568 neuron	flywire	CB3568	CB3568					CB3568
FBbt:20007014	adult CB3569 neuron	flywire	CB3569	CB3569				CB3569	CB3569
FBbt:20007015	adult CB3570 neuron	flywire	CB3570	CB3570				CB3570	CB3570
FBbt:20007016	adult CB3571 neuron	flywire	CB3571	CB3571					CB3571
FBbt:20007017	adult CB3572 neuron	flywire	CB3572	CB3572					CB3572
FBbt:20007018	adult CB3573 neuron	flywire	CB3573	CB3573					
FBbt:20007019	adult CB3574 neuron	flywire	CB3574	CB3574				CB3574	
FBbt:20007020	adult CB3575 neuron	flywire	CB3575	CB3575					CB3575
FBbt:20007021	adult CB3576 neuron	flywire	CB3576	CB3576				CB3576	CB3576
FBbt:20007022	adult CB3577 neuron	flywire	CB3577	CB3577					CB3577
FBbt:20007023	adult CB3578 neuron	flywire	CB3578	CB3578				CB3578	CB3578
FBbt:20007024	adult CB3579 neuron	flywire	CB3579	CB3579				AVLP110_b	CB3579
FBbt:20007025	adult CB3580 neuron	flywire	CB3580	CB3580				SMP279_a	CB3580
FBbt:20007026	adult CB3581 neuron	flywire	CB3581	CB3581				CB3581	CB3581
FBbt:20007027	adult CB3582 neuron	flywire	CB3582	CB3582					CB3582
FBbt:20007028	adult CB3584 neuron	flywire	CB3584	CB3584					
FBbt:20007029	adult CB3587 neuron	flywire	CB3587	CB3587					CB3587
FBbt:20007030	adult CB3588 neuron	flywire	CB3588	CB3588				CB3588	CB3588
FBbt:20007031	adult CB3589 neuron	flywire	CB3589	CB3589					CB3589
FBbt:20007032	adult CB3590 neuron	flywire	CB3590	CB3590					CB3590
FBbt:20007033	adult CB3591 neuron	flywire	CB3591	CB3591					
FBbt:20007034	adult CB3592 neuron	flywire	CB3592	CB3592					
FBbt:20007035	adult CB3593 neuron	flywire	CB3593	CB3593				GNG075	CB3593
FBbt:20007036	adult CB3594 neuron	flywire	CB3594	CB3594				CB3594	CB3594
FBbt:20007037	adult CB3595 neuron	flywire	CB3595	CB3595				CB3595	CB3595
FBbt:20007038	adult CB3597 neuron	flywire	CB3597						
FBbt:20007039	adult CB3598 neuron	flywire	CB3598	CB3598				CB3598	CB3598
FBbt:20007040	adult CB3599 neuron	flywire	CB3599	CB3599				VES096	CB3599
FBbt:20007041	adult CB3600 neuron	flywire	CB3600	CB3600					
FBbt:20007042	adult CB3601 neuron	flywire	CB3601	CB3601				SMP732	CB3601
FBbt:20007043	adult CB3602 neuron	flywire	CB3602						
FBbt:20007044	adult CB3603 neuron	flywire	CB3603	CB3603				CB3603	CB3603
FBbt:20007045	adult CB3604 neuron	flywire	CB3604	CB3604					CB3604
FBbt:20007046	adult CB3605 neuron	flywire	CB3605	CB3605					CB3605
FBbt:20007047	adult CB3606 neuron	flywire	CB3606	CB3606				CB3606	CB3606
FBbt:20007048	adult CB3607 neuron	flywire	CB3607	CB3607				CB3607	CB3607
FBbt:20007049	adult CB3608 neuron	flywire	CB3608	CB3608				CB3608	CB3608
FBbt:20007050	adult CB3609 neuron	flywire	CB3609	CB3609					CB3609
FBbt:20007051	adult CB3610 neuron	flywire	CB3610	CB3610					CB3610
FBbt:20007052	adult CB3611 neuron	flywire	CB3611	CB3611					CB3611
FBbt:20007053	adult CB3612 neuron	flywire	CB3612						CB3612
FBbt:20007054	adult CB3613 neuron	flywire	CB3613	CB3613					CB3613
FBbt:20007055	adult CB3614 neuron	flywire	CB3614	CB3614				CB3614	CB3614
FBbt:20007056	adult CB3615 neuron	flywire	CB3615	CB3615				GNG192	CB3615
FBbt:20007057	adult CB3617 neuron	flywire	CB3617	CB3617					
FBbt:20007058	adult CB3619 neuron	flywire	CB3619	CB3619				CB3619	CB3619
FBbt:20007059	adult CB3621 neuron	flywire	CB3621	CB3621					CB3621
FBbt:20007060	adult CB3622 neuron	flywire	CB3622	CB3622					CB3622
FBbt:20007061	adult CB3624 neuron	flywire	CB3624	CB3624					CB3624
FBbt:20007062	adult CB3625 neuron	flywire	CB3625	CB3625					CB3625
FBbt:20007063	adult CB3626 neuron	flywire	CB3626						CB3626
FBbt:20007064	adult CB3627 neuron	flywire	CB3627	CB3627					CB3627
FBbt:20007065	adult CB3628 neuron	flywire	CB3628	CB3628					CB3628
FBbt:20007066	adult CB3629 neuron	flywire	CB3629	CB3629				CB3629	CB3629
FBbt:20007067	adult CB3630 neuron	flywire	CB3630	CB3630				CB3630	CB3630
FBbt:20007068	adult CB3631 neuron	flywire	CB3631	CB3631				CB3631	CB3631
FBbt:20007069	adult CB3632 neuron	flywire	CB3632	CB3632				GNG356|PRW015	CB3632
FBbt:20007070	adult CB3633 neuron	flywire	CB3633	CB3633					CB3633
FBbt:20007071	adult CB3635 neuron	flywire	CB3635	CB3635				CB3635	
FBbt:20007072	adult CB3636 neuron	flywire	CB3636	CB3636					CB3636
FBbt:20007073	adult CB3637 neuron	flywire	CB3637	CB3637					CB3637
FBbt:20007074	adult CB3638 neuron	flywire	CB3638	CB3638				CB3638	CB3638
FBbt:20007075	adult CB3639 neuron	flywire	CB3639	CB3639					CB3639
FBbt:20007076	adult CB3640 neuron	flywire	CB3640	CB3640					CB3640
FBbt:20007077	adult CB3641 neuron	flywire	CB3641	CB3641				AVLP261_b	
FBbt:20007078	adult CB3642 neuron	flywire	CB3642	CB3642				GNG355	CB3642
FBbt:20007079	adult CB3643 neuron	flywire	CB3643	CB3643					
FBbt:20007080	adult CB3645 neuron	flywire	CB3645	CB3645				GNG257	CB3645
FBbt:20007081	adult CB3646 neuron	flywire	CB3646	CB3646				CB3646	CB3646
FBbt:20007082	adult CB3648 neuron	flywire	CB3648	CB3648					CB3648
FBbt:20007083	adult CB3649 neuron	flywire	CB3649	CB3649				CB3649	CB3649
FBbt:20007084	adult CB3650 neuron	flywire	CB3650	CB3650					CB3650
FBbt:20007085	adult CB3651 neuron	flywire	CB3651	CB3651					CB3651
FBbt:20007086	adult CB3652 neuron	flywire	CB3652	CB3652					CB3652
FBbt:20007087	adult CB3653 neuron	flywire	CB3653	CB3653					CB3653
FBbt:20007088	adult CB3654 neuron	flywire	CB3654	CB3654			VLP_TBD1	VLP_TBD1	CB3654
FBbt:20007089	adult CB3655 neuron	flywire	CB3655	CB3655					CB3655
FBbt:20007090	adult CB3656 neuron	flywire	CB3656	CB3656				PRW014	CB3656
FBbt:20007091	adult CB3657 neuron	flywire	CB3657	CB3657				CB3657	
FBbt:20007092	adult CB3658 neuron	flywire	CB3658	CB3658				PRW013	CB3658
FBbt:20007093	adult CB3659 neuron	flywire	CB3659	CB3659				GNG354	CB3659
FBbt:20007094	adult CB3660 neuron	flywire	CB3660	CB3660				CB3660	CB3660
FBbt:20007095	adult CB3661 neuron	flywire	CB3661	CB3661				CB3661	CB3661
FBbt:20007096	adult CB3662 neuron	flywire	CB3662	CB3662					CB3662
FBbt:20007097	adult CB3663 neuron	flywire	CB3663	CB3663					CB3663
FBbt:20007098	adult CB3664 neuron	flywire	CB3664	CB3664				CB3664	CB3664
FBbt:20007099	adult CB3665 neuron	flywire	CB3665	CB3665				LHAV6i2_b	
FBbt:20007100	adult CB3666 neuron	flywire	CB3666	CB3666				CB3666	CB3666
FBbt:20007101	adult CB3667 neuron	flywire	CB3667	CB3667				CB3667	
FBbt:20007102	adult CB3668 neuron	flywire	CB3668	CB3668					CB3668
FBbt:20007103	adult CB3669 neuron	flywire	CB3669	CB3669				GNG353	CB3669
FBbt:20007104	adult CB3670 neuron	flywire	CB3670	CB3670				GNG352	CB3670
FBbt:20007105	adult CB3671 neuron	flywire	CB3671	CB3671				CB3671	CB3671
FBbt:20007106	adult CB3672 neuron	flywire	CB3672	CB3672					
FBbt:20007107	adult CB3673 neuron	flywire	CB3673	CB3673					CB3673
FBbt:20007108	adult CB3674 neuron	flywire	CB3674	CB3674				GNG210	CB3674
FBbt:20007109	adult CB3675 neuron	flywire	CB3675	CB3675				AVLP296_b	CB3675
FBbt:20007110	adult CB3676 neuron	flywire	CB3676	CB3676				CB3676	CB3676
FBbt:20007111	adult CB3678 neuron	flywire	CB3678	CB3678					CB3678
FBbt:20007112	adult CB3679 neuron	flywire	CB3679	CB3679				CB3679	CB3679
FBbt:20007113	adult CB3680 neuron	flywire	CB3680	CB3680				GNG074	CB3680
FBbt:20007114	adult CB3682 neuron	flywire	CB3682	CB3682				CB3682	CB3682
FBbt:20007115	adult CB3683 neuron	flywire	CB3683	CB3683				CB3683	CB3683
FBbt:20007116	adult CB3684 neuron	flywire	CB3684	CB3684				CB3684	CB3684
FBbt:20007117	adult CB3685 neuron	flywire	CB3685	CB3685					CB3685
FBbt:20007118	adult CB3686 neuron	flywire	CB3686	CB3686				SLP252_c	CB3686
FBbt:20007119	adult CB3687 neuron	flywire	CB3687	CB3687					CB3687
FBbt:20007120	adult CB3690 neuron	flywire	CB3690	CB3690				CB3690	CB3690
FBbt:20007121	adult CB3691 neuron	flywire	CB3691	CB3691				CB3691	
FBbt:20007122	adult CB3692 neuron	flywire	CB3692	CB3692				CB3692	CB3692
FBbt:20007123	adult CB3693 neuron	flywire	CB3693	CB3693					
FBbt:20007124	adult CB3694 neuron	flywire	CB3694	CB3694				VES107	CB3694
FBbt:20007125	adult CB3695 neuron	flywire	CB3695	CB3695				PRW001	CB3695
FBbt:20007126	adult CB3696 neuron	flywire	CB3696	CB3696				PRW012	CB3696
FBbt:20007127	adult CB3697 neuron	flywire	CB3697	CB3697				CB3697	CB3697
FBbt:20007128	adult CB3698 neuron	flywire	CB3698	CB3698					CB3698
FBbt:20007129	adult CB3699 neuron	flywire	CB3699	CB3699					CB3699
FBbt:20007130	adult CB3700 neuron	flywire	CB3700	CB3700					CB3700
FBbt:20007131	adult CB3701 neuron	flywire	CB3701	CB3701					CB3701
FBbt:20007132	adult CB3703 neuron	flywire	CB3703	CB3703				GNG351	CB3703
FBbt:20007133	adult CB3705 neuron	flywire	CB3705	CB3705					CB3705
FBbt:20007134	adult CB3706 neuron	flywire	CB3706	CB3706					CB3706
FBbt:20007135	adult CB3707 neuron	flywire	CB3707	CB3707					CB3707
FBbt:20007136	adult CB3708 neuron	flywire	CB3708	CB3708					CB3708
FBbt:20007137	adult CB3709 neuron	flywire	CB3709	CB3709					CB3709
FBbt:20007138	adult CB3710 neuron	flywire	CB3710	CB3710				CB3710	CB3710
FBbt:20007139	adult CB3713 neuron	flywire	CB3713	CB3713				PRW011	CB3713
FBbt:20007140	adult CB3714 neuron	flywire	CB3714	CB3714				GNG163	CB3714
FBbt:20007141	adult CB3715 neuron	flywire	CB3715	CB3715				GNG144	CB3715
FBbt:20007142	adult CB3716 neuron	flywire	CB3716	CB3716					CB3716
FBbt:20007143	adult CB3717 neuron	flywire	CB3717	CB3717				SLP360_a	CB3717
FBbt:20007144	adult CB3719 neuron	flywire	CB3719	B1-4					
FBbt:20007145	adult CB3720 neuron	flywire	CB3720	CB3720				GNG350	CB3720
FBbt:20007146	adult CB3721 neuron	flywire	CB3721						
FBbt:20007147	adult CB3723 neuron	flywire	CB3723	CB3723					CB3723
FBbt:20007148	adult CB3724 neuron	flywire	CB3724	CB3724				CB3724	CB3724
FBbt:20007149	adult CB3726 neuron	flywire	CB3726	CB3726				LHAV4e7_b	CB3726
FBbt:20007150	adult CB3727 neuron	flywire	CB3727	CB3727				CB3727	CB3727
FBbt:20007151	adult CB3728 neuron	flywire	CB3728	CB3728				CB3728	CB3728
FBbt:20007152	adult CB3729 neuron	flywire	CB3729	CB3729				CB3729	CB3729
FBbt:20007153	adult CB3730 neuron	flywire	CB3730	CB3730					
FBbt:20007155	adult CB3732 neuron	flywire	CB3732	CB3732				CB3732	CB3732
FBbt:20007156	adult CB3733 neuron	flywire	CB3733	CB3733				CB3733	CB3733
FBbt:20007157	adult CB3734 neuron	flywire	CB3734	CB3734				CB3734	CB3734
FBbt:20007158	adult CB3735 neuron	flywire	CB3735	CB3735					CB3735
FBbt:20007159	adult CB3736 neuron	flywire	CB3736						
FBbt:20007160	adult CB3737 neuron	flywire	CB3737	CB3737					CB3737
FBbt:20007161	adult CB3738 neuron	flywire	CB3738	CB3738				CB3738	CB3738
FBbt:20007162	adult CB3739 neuron	flywire	CB3739	CB3739				CB3739	CB3739
FBbt:20007163	adult CB3740 neuron	flywire	CB3740	CB3740				CB3740	CB3740
FBbt:20007164	adult CB3741 neuron	flywire	CB3741	CB3741				CB3741	CB3741
FBbt:20007165	adult CB3742 neuron	flywire	CB3742	CB3742				CB3742	
FBbt:20007166	adult CB3743 neuron	flywire	CB3743	CB3743				CB3743	CB3743
FBbt:20007167	adult CB3744 neuron	flywire	CB3744	CB3744				CB3744	
FBbt:20007168	adult CB3745 neuron	flywire	CB3745	CB3745				CB3745	CB3745
FBbt:20007169	adult CB3746 neuron	flywire	CB3746	CB3746				CB3746	CB3746
FBbt:20007170	adult CB3747 neuron	flywire	CB3747	CB3747				CB3747	
FBbt:20007171	adult CB3748 neuron	flywire	CB3748	CB3748				CB3748	CB3748
FBbt:20007172	adult CB3749 neuron	flywire	CB3749	CB3749					CB3749
FBbt:20007173	adult CB3750 neuron	flywire	CB3750	CB3750					CB3750
FBbt:20007174	adult CB3751 neuron	flywire	CB3751	CB3751					CB3751
FBbt:20007175	adult CB3753 neuron	flywire	CB3753	CB3753					CB3753
FBbt:20007176	adult CB3754 neuron	flywire	CB3754	CB3754				CB3754	CB3754
FBbt:20007177	adult CB3755 neuron	flywire	CB3755	CB3755					CB3755
FBbt:20007178	adult CB3758 neuron	flywire	CB3758	CB3758				CB3758	CB3758
FBbt:20007179	adult CB3759 neuron	flywire	CB3759	CB3759				CB3759	CB3759
FBbt:20007180	adult CB3760 neuron	flywire	CB3760	CB3760				CB3760	CB3760
FBbt:20007181	adult CB3761 neuron	flywire	CB3761	CB3761					CB3761
FBbt:20007182	adult CB3762 neuron	flywire	CB3762	CB3762				CB3762	CB3762
FBbt:20007183	adult CB3763 neuron	flywire	CB3763						
FBbt:20007184	adult CB3764 neuron	flywire	CB3764						CB3764
FBbt:20007185	adult CB3765 neuron	flywire	CB3765						CB3765
FBbt:20007186	adult CB3766 neuron	flywire	CB3766						
FBbt:20007187	adult CB3767 neuron	flywire	CB3767						CB3767
FBbt:20007188	adult CB3768 neuron	flywire	CB3768	CB3768				CB3768	CB3768
FBbt:20007189	adult CB3770 neuron	flywire	CB3770	CB3770					
FBbt:20007190	adult CB3771 neuron	flywire	CB3771	CB3771					CB3771
FBbt:20007191	adult CB3772 neuron	flywire	CB3772	CB3772					CB3772
FBbt:20007192	adult CB3773 neuron	flywire	CB3773	CB3773					CB3773
FBbt:20007193	adult CB3774 neuron	flywire	CB3774	CB3774					CB3774
FBbt:20007194	adult CB3775 neuron	flywire	CB3775	CB3775					CB3775
FBbt:20007195	adult CB3776 neuron	flywire	CB3776	CB3776					CB3776
FBbt:20007196	adult CB3777 neuron	flywire	CB3777	CB3777					CB3777
FBbt:20007197	adult CB3778 neuron	flywire	CB3778	CB3778					CB3778
FBbt:20007198	adult CB3779 neuron	flywire	CB3779	CB3779					CB3779
FBbt:20007199	adult CB3780 neuron	flywire	CB3780						CB3780
FBbt:20007200	adult CB3781 neuron	flywire	CB3781	CB3781				LHPV6i2_a	CB3781
FBbt:20007201	adult CB3782 neuron	flywire	CB3782	CB3782				CB3782	
FBbt:20007202	adult CB3784 neuron	flywire	CB3784	CB3784				CB3784	CB3784
FBbt:20007204	adult CB3787 neuron	flywire	CB3787	CB3787					CB3787
FBbt:20007205	adult CB3788 neuron	flywire	CB3788	CB3788				CB3788	
FBbt:20007206	adult CB3789 neuron	flywire	CB3789	CB3789				CB3789	
FBbt:20007208	adult CB3791 neuron	flywire	CB3791	CB3791				CB3791	CB3791
FBbt:20007209	adult CB3792 neuron	flywire	CB3792	CB3792					CB3792
FBbt:20007210	adult CB3793 neuron	flywire	CB3793	CB3793					CB3793
FBbt:20007211	adult CB3794 neuron	flywire	CB3794	CB3794				PS338|PS339|PS337	CB3794
FBbt:20007213	adult CB3796 neuron	flywire	CB3796	CB3796					CB3796
FBbt:20007214	adult CB3797 neuron	flywire	CB3797	CB3797				GNG341	CB3797
FBbt:20007215	adult CB3798 neuron	flywire	CB3798	CB3798				CB3798	CB3798
FBbt:20007216	adult CB3799 neuron	flywire	CB3799	CB3799				AMMC001	CB3799
FBbt:20007217	adult CB3800 neuron	flywire	CB3800	CB3800					CB3800
FBbt:20007218	adult CB3801 neuron	flywire	CB3801	CB3801					
FBbt:20007219	adult CB3802 neuron	flywire	CB3802	CB3802					CB3802
FBbt:20007220	adult CB3803 neuron	flywire	CB3803	CB3803					CB3803
FBbt:20007221	adult CB3804 neuron	flywire	CB3804	CB3804					CB3804
FBbt:20007222	adult CB3805 neuron	flywire	CB3805	CB3805				AMMC017	CB3805
FBbt:20007223	adult CB3808 neuron	flywire	CB3808	CB3808				SLP252_b	
FBbt:20007224	adult CB3809 neuron	flywire	CB3809	CB3809					CB3809
FBbt:20007225	adult AN_GNG_68 neuron	flywire	AN_GNG_68	AN_GNG_68					
FBbt:20007226	adult CB3811 neuron	flywire	CB3811	CB3811					CB3811
FBbt:20007227	adult CB3812 neuron	flywire	CB3812	CB3812				GNG280	CB3812
FBbt:20007229	adult CB3814 neuron	flywire	CB3814	CB3814					CB3814
FBbt:20007235	adult CB3820 neuron	flywire	CB3820						
FBbt:20007243	adult Li34 neuron	flywire	Li34						
FBbt:20007253	adult CB3838 neuron	flywire	CB3838						
FBbt:20007254	adult CB3839 neuron	flywire	CB3839						
FBbt:20007264	adult CB3849 neuron	flywire	CB3849						
FBbt:20007273	adult CB3858 neuron	flywire	CB3858	CB3858					CB3858
FBbt:20007286	descending neuron of the outside anterior cluster DNde007	flywire	DNde007	DNde007				DNde007	
FBbt:20007288	adult lobula plate visual centrifugal neuron 01	flywire	cLP01	cLP01				LPT112|LPT113	cLP01
FBbt:20007290	adult lobula plate visual centrifugal neuron 03	flywire	cLP03	cLP03				LPT116|LPT114|LPT115	cLP03
FBbt:20007304	adult medulla visual centrifugal neuron 11	flywire	cM11	cM11					
FBbt:20007307	descending neuron of the anterior dorsal brain DNae001	flywire	DNae001	DNae001				DNae001	DNae001
FBbt:20007308	descending neuron of the anterior ventral brain DNbe002	flywire	DNbe002	DNbe002				DNbe002	DNbe002
FBbt:20007309	descending neuron of the anterior ventral brain DNbe003	flywire	DNbe003	DNbe003				DNbe003	DNbe003
FBbt:20007310	descending neuron of the anterior ventral brain DNbe006	flywire	DNbe006	DNbe006				DNbe006	
FBbt:20007311	descending neuron of the outside anterior cluster DNde006	flywire	DNde006	DNde006				DNde006	DNde006
FBbt:20007313	descending neuron of the gnathal ganglion DNge001	flywire	DNge001	DNge001				DNge001	DNge001
FBbt:20007314	descending neuron of the gnathal ganglion DNge002	flywire	DNge002	DNge002				DNge002	
FBbt:20007315	descending neuron of the gnathal ganglion DNge003	flywire	DNge003	DNge003				DNge003	DNge003
FBbt:20007316	descending neuron of the gnathal ganglion DNge004	flywire	DNge004	DNge004				DNge004	DNge004
FBbt:20007317	descending neuron of the gnathal ganglion DNge005	flywire	DNge005	DNge005					
FBbt:20007318	descending neuron of the gnathal ganglion DNge006	flywire	DNge006	DNge006			DNge006	DNge006	DNge006
FBbt:20007319	descending neuron of the gnathal ganglion DNge007	flywire	DNge007	DNge007				DNge007	DNge007
FBbt:20007320	descending neuron of the gnathal ganglion DNge008	flywire	DNge008	DNge008				DNge008	
FBbt:20007321	descending neuron of the gnathal ganglion DNge009	flywire	DNge009	DNge009				DNge009	
FBbt:20007322	descending neuron of the gnathal ganglion DNge010	flywire	DNge010	DNge010				DNge010	DNge010
FBbt:20007323	descending neuron of the gnathal ganglion DNge011	flywire	DNge011	DNge011				DNge011	
FBbt:20007324	descending neuron of the gnathal ganglion DNge012	flywire	DNge012	DNge012				DNge012	DNge012
FBbt:20007325	descending neuron of the gnathal ganglion DNge013	flywire	DNge013	DNge013				DNge013	
FBbt:20007326	descending neuron of the gnathal ganglion DNge014	flywire	DNge014	DNge014				DNge014	DNge014
FBbt:20007327	descending neuron of the gnathal ganglion DNge015	flywire	DNge015	DNge015			DNge015	DNge015|DNge176	DNge015
FBbt:20007328	descending neuron of the gnathal ganglion DNge016	flywire	DNge016	DNge016				DNge016	DNge016
FBbt:20007329	descending neuron of the gnathal ganglion DNge017	flywire	DNge017	DNge017			DNge017	DNge017	
FBbt:20007330	descending neuron of the gnathal ganglion DNge018	flywire	DNge018	DNge018			DNge018	DNge018	
FBbt:20007331	descending neuron of the gnathal ganglion DNge019	flywire	DNge019	DNge019				DNge019|DNg12_c	DNge019
FBbt:20007332	descending neuron of the gnathal ganglion DNge020	flywire	DNge020	DNge020				DNge178|DNge020	DNge020
FBbt:20007333	descending neuron of the gnathal ganglion DNge021	flywire	DNge021	DNge021				DNge021	
FBbt:20007334	descending neuron of the gnathal ganglion DNge022	flywire	DNge022	DNge022				DNge022	
FBbt:20007335	descending neuron of the gnathal ganglion DNge023	flywire	DNge023	DNge023			DNge023	DNge023	DNge023
FBbt:20007336	descending neuron of the gnathal ganglion DNge024	flywire	DNge024	DNge024				DNge024	DNge024
FBbt:20007337	descending neuron of the gnathal ganglion DNge025	flywire	DNge025	DNge025				DNge025	DNge025
FBbt:20007338	descending neuron of the gnathal ganglion DNge026	flywire	DNge026	DNge026				DNge026	
FBbt:20007339	descending neuron of the gnathal ganglion DNge027	flywire	DNge027	DNge027				DNge027	DNge027
FBbt:20007340	descending neuron of the gnathal ganglion DNge028	flywire	DNge028	DNge028				DNge028	DNge028
FBbt:20007341	descending neuron of the gnathal ganglion DNge029	flywire	DNge029	DNge029				DNge029	DNge029
FBbt:20007342	descending neuron of the gnathal ganglion DNge030	flywire	DNge030	DNge030			DNge030	DNge030	
FBbt:20007343	descending neuron of the gnathal ganglion DNge031	flywire	DNge031	DNge031				DNge031	DNge031
FBbt:20007344	descending neuron of the gnathal ganglion DNge032	flywire	DNge032	DNge032				DNge032	DNge032
FBbt:20007345	descending neuron of the gnathal ganglion DNge033	flywire	DNge033	DNge033				DNge033	
FBbt:20007346	descending neuron of the gnathal ganglion DNge034	flywire	DNge034	DNge034				DNge034	DNge034
FBbt:20007347	descending neuron of the gnathal ganglion DNge035	flywire	DNge035	DNge035				DNge035	DNge035
FBbt:20007348	descending neuron of the gnathal ganglion DNge036	flywire	DNge036	DNge036				DNge036	
FBbt:20007349	descending neuron of the gnathal ganglion DNge037	flywire	DNge037	DNge037				DNge037	DNge037
FBbt:20007350	descending neuron of the gnathal ganglion DNge038	flywire	DNge038	DNge038				DNge038	DNge038
FBbt:20007351	descending neuron of the gnathal ganglion DNge039	flywire	DNge039	DNge039				DNge039	DNge039
FBbt:20007352	descending neuron of the gnathal ganglion DNge040	flywire	DNge040	DNge040				DNge040	
FBbt:20007353	descending neuron of the gnathal ganglion DNge041	flywire	DNge041	DNge041				DNge041	
FBbt:20007354	descending neuron of the gnathal ganglion DNge042	flywire	DNge042	DNge042				DNge042	
FBbt:20007355	descending neuron of the gnathal ganglion DNge043	flywire	DNge043	DNge043				DNge043	
FBbt:20007356	descending neuron of the gnathal ganglion DNge044	flywire	DNge044	DNge044				DNge044	DNge044
FBbt:20007357	descending neuron of the gnathal ganglion DNge045	flywire	DNge045	DNge045				DNge045	
FBbt:20007358	descending neuron of the gnathal ganglion DNge046	flywire	DNge046	DNge046				DNge046	DNge046
FBbt:20007359	descending neuron of the gnathal ganglion DNge047	flywire	DNge047	DNge047				DNge047	
FBbt:20007360	descending neuron of the gnathal ganglion DNge048	flywire	DNge048	DNge048				DNge048	DNge048
FBbt:20007361	descending neuron of the gnathal ganglion DNge049	flywire	DNge049	DNge049				DNge049	DNge049
FBbt:20007363	descending neuron of the gnathal ganglion DNge051	flywire	DNge051	DNge051				DNge051	DNge051
FBbt:20007364	descending neuron of the gnathal ganglion DNge052	flywire	DNge052	DNge052				DNge052	
FBbt:20007366	descending neuron of the gnathal ganglion DNge054	flywire	DNge054	DNge054				DNge054	DNge054
FBbt:20007367	descending neuron of the gnathal ganglion DNge055	flywire	DNge055	DNge055				DNge055	
FBbt:20007368	descending neuron of the gnathal ganglion DNge056	flywire	DNge056	DNge056				DNge056	DNge056
FBbt:20007369	descending neuron of the gnathal ganglion DNge057	flywire	DNge057	DNge057				DNge057	
FBbt:20007370	descending neuron of the gnathal ganglion DNge058	flywire	DNge058	DNge058				DNge058	DNge058
FBbt:20007371	descending neuron of the gnathal ganglion DNge059	flywire	DNge059	DNge059				DNge059	DNge059
FBbt:20007372	descending neuron of the gnathal ganglion DNge060	flywire	DNge060	DNge060				DNge060	DNge060
FBbt:20007373	descending neuron of the gnathal ganglion DNge061	flywire	DNge061	DNge061				DNge061	DNge061
FBbt:20007374	descending neuron of the gnathal ganglion DNge062	flywire	DNge062	DNge062				DNge062	DNge062
FBbt:20007375	descending neuron of the gnathal ganglion DNge063	flywire	DNge063	DNge063				DNge063	DNge063
FBbt:20007376	descending neuron of the gnathal ganglion DNge064	flywire	DNge064	DNge064				DNge064	
FBbt:20007377	descending neuron of the gnathal ganglion DNge065	flywire	DNge065	DNge065				DNge065	
FBbt:20007378	adult CB1134 neuron	flywire	CB1134	CB1134				LHPD4d2_b	CB1134
FBbt:20007379	descending neuron of the gnathal ganglion DNge067	flywire	DNge067	DNge067				DNge067	
FBbt:20007380	descending neuron of the gnathal ganglion DNge068	flywire	DNge068	DNge068				DNge068	DNge068
FBbt:20007381	descending neuron of the gnathal ganglion DNge069	flywire	DNge069	DNge069				DNge069	DNge069
FBbt:20007382	descending neuron of the gnathal ganglion DNge071	flywire	DNge071	DNge071				DNge179|DNge071	DNge071
FBbt:20007383	descending neuron of the gnathal ganglion DNge072	flywire	DNge072	DNge072				DNge072	
FBbt:20007384	descending neuron of the gnathal ganglion DNge073	flywire	DNge073	DNge073				DNge073	DNge073
FBbt:20007385	descending neuron of the gnathal ganglion DNge074	flywire	DNge074	DNge074				DNge074	DNge074
FBbt:20007386	descending neuron of the gnathal ganglion DNge075	flywire	DNge075	DNge075				DNge075	
FBbt:20007387	descending neuron of the gnathal ganglion DNge076	flywire	DNge076	DNge076				DNge076	DNge076
FBbt:20007388	descending neuron of the gnathal ganglion DNge077	flywire	DNge077	DNge077				DNge077	
FBbt:20007390	descending neuron of the gnathal ganglion DNge079	flywire	DNge079	DNge079				DNge079	
FBbt:20007392	descending neuron of the gnathal ganglion DNge081	flywire	DNge081	DNge081				DNge081	DNge081
FBbt:20007393	descending neuron of the gnathal ganglion DNge082	flywire	DNge082	DNge082				DNge082	
FBbt:20007394	descending neuron of the gnathal ganglion DNge083	flywire	DNge083	DNge083				DNge083	DNge083
FBbt:20007395	descending neuron of the gnathal ganglion DNge084	flywire	DNge084	DNge084				DNge084	DNge084
FBbt:20007396	descending neuron of the gnathal ganglion DNge085	flywire	DNge085	DNge085				DNge085	DNge085
FBbt:20007397	descending neuron of the gnathal ganglion DNge086	flywire	DNge086	DNge086				DNge086	
FBbt:20007398	descending neuron of the gnathal ganglion DNge087	flywire	DNge087	DNge087				DNge087	
FBbt:20007399	descending neuron of the gnathal ganglion DNge088	flywire	DNge088	DNge088				DNge088	DNge088
FBbt:20007400	descending neuron of the gnathal ganglion DNge089	flywire	DNge089	DNge089				DNge089	DNge089
FBbt:20007401	descending neuron of the gnathal ganglion DNge090	flywire	DNge090	DNge090				DNge090|DNge180	DNge090
FBbt:20007402	descending neuron of the gnathal ganglion DNge091	flywire	DNge091	DNge091				DNge091|DNge181	DNge091
FBbt:20007403	descending neuron of the gnathal ganglion DNge092	flywire	DNge092	DNge092				DNge092	DNge092
FBbt:20007404	descending neuron of the gnathal ganglion DNge093	flywire	DNge093	DNge093				DNge093	DNge093
FBbt:20007405	descending neuron of the gnathal ganglion DNge094	flywire	DNge094	DNge094				DNge094	DNge094
FBbt:20007406	descending neuron of the gnathal ganglion DNge095	flywire	DNge095	DNge095				DNge095	DNge095
FBbt:20007407	descending neuron of the gnathal ganglion DNge096	flywire	DNge096	DNge096				DNge096	DNge096
FBbt:20007408	descending neuron of the gnathal ganglion DNge097	flywire	DNge097	DNge097				DNge097	
FBbt:20007409	descending neuron of the gnathal ganglion DNge098	flywire	DNge098	DNge098				DNge098	DNge098
FBbt:20007410	descending neuron of the gnathal ganglion DNge099	flywire	DNge099	DNge099				DNge099	DNge099
FBbt:20007411	descending neuron of the gnathal ganglion DNge100	flywire	DNge100	DNge100				DNge100	DNge100
FBbt:20007412	descending neuron of the gnathal ganglion DNge101	flywire	DNge101	DNge101				DNge101	DNge101
FBbt:20007413	descending neuron of the gnathal ganglion DNge102	flywire	DNge102	DNge102				DNge182|DNge102	DNge102
FBbt:20007414	descending neuron of the gnathal ganglion DNge103	flywire	DNge103	DNge103				DNge103	
FBbt:20007415	descending neuron of the gnathal ganglion DNge104	flywire	DNge104	DNge104				DNge104	DNge104
FBbt:20007416	descending neuron of the gnathal ganglion DNge105	flywire	DNge105	DNge105				DNge105	
FBbt:20007417	descending neuron of the gnathal ganglion DNge106	flywire	DNge106	DNge106				DNge106	
FBbt:20007418	descending neuron of the gnathal ganglion DNge107	flywire	DNge107	DNge107				DNge107	
FBbt:20007419	descending neuron of the gnathal ganglion DNge108	flywire	DNge108	DNge108				DNge108	
FBbt:20007420	descending neuron of the gnathal ganglion DNge109	flywire	DNge109	DNge109					DNge109
FBbt:20007421	descending neuron of the gnathal ganglion DNge110	flywire	DNge110	DNge110				DNge110|DNge183	DNge110
FBbt:20007422	descending neuron of the gnathal ganglion DNge111	flywire	DNge111	DNge111				DNge111	DNge111
FBbt:20007423	descending neuron of the gnathal ganglion DNge112	flywire	DNge112	DNge112					DNge112
FBbt:20007424	descending neuron of the gnathal ganglion DNge113	flywire	DNge113	DNge113				DNge113|DNge184	
FBbt:20007425	descending neuron of the gnathal ganglion DNge114	flywire	DNge114	DNge114				DNge114|DNg36_b	DNge114
FBbt:20007426	descending neuron of the gnathal ganglion DNge115	flywire	DNge115	DNge115				DNge115	DNge115
FBbt:20007427	descending neuron of the gnathal ganglion DNge116	flywire	DNge116	DNge116				DNge116	DNge116
FBbt:20007428	descending neuron of the gnathal ganglion DNge117	flywire	DNge117	DNge117				DNge117	DNge117
FBbt:20007429	descending neuron of the gnathal ganglion DNge118	flywire	DNge118	DNge118					DNge118
FBbt:20007430	descending neuron of the gnathal ganglion DNge119	flywire	DNge119	DNge119				DNge119	
FBbt:20007431	descending neuron of the gnathal ganglion DNge120	flywire	DNge120	DNge120				DNge120	
FBbt:20007432	descending neuron of the gnathal ganglion DNge121	flywire	DNge121	DNge121				DNge121	
FBbt:20007433	descending neuron of the gnathal ganglion DNge122	flywire	DNge122	DNge122				DNge122	DNge122
FBbt:20007434	descending neuron of the gnathal ganglion DNge123	flywire	DNge123	DNge123				DNge123	
FBbt:20007435	descending neuron of the gnathal ganglion DNge124	flywire	DNge124	DNge124				DNge124	
FBbt:20007436	descending neuron of the gnathal ganglion DNge125	flywire	DNge125	DNge125				DNge125	
FBbt:20007437	descending neuron of the gnathal ganglion DNge126	flywire	DNge126	DNge126				DNge126	
FBbt:20007438	descending neuron of the gnathal ganglion DNge127	flywire	DNge127	DNge127				DNge127	DNge127
FBbt:20007439	descending neuron of the gnathal ganglion DNge128	flywire	DNge128	DNge128				DNge128	DNge128
FBbt:20007440	descending neuron of the gnathal ganglion DNge129	flywire	DNge129	DNge129				DNge129	DNge129
FBbt:20007441	descending neuron of the gnathal ganglion DNge130	flywire	DNge130	DNge130				DNge130	
FBbt:20007442	descending neuron of the gnathal ganglion DNge131	flywire	DNge131	DNge131				DNge131	DNge131
FBbt:20007443	descending neuron of the gnathal ganglion DNge132	flywire	DNge132	DNge132			DNge132	DNge132	
FBbt:20007444	descending neuron of the gnathal ganglion DNge133	flywire	DNge133	DNge133				DNge133	DNge133
FBbt:20007445	descending neuron of the gnathal ganglion DNge134	flywire	DNge134	DNge134				DNge134	
FBbt:20007446	descending neuron of the gnathal ganglion DNge135	flywire	DNge135	DNge135				DNge135	
FBbt:20007447	descending neuron of the gnathal ganglion DNge136	flywire	DNge136	DNge136				DNge136	
FBbt:20007448	descending neuron of the gnathal ganglion DNge137	flywire	DNge137	DNge137				DNge137	
FBbt:20007450	descending neuron of the gnathal ganglion DNge139	flywire	DNge139	DNge139				DNge139	DNge139
FBbt:20007451	descending neuron of the gnathal ganglion DNge140	flywire	DNge140	DNge140				DNge140	DNge140
FBbt:20007452	descending neuron of the gnathal ganglion DNge141	flywire	DNge141	DNge141			DNge141	DNge141	
FBbt:20007453	descending neuron of the gnathal ganglion DNge142	flywire	DNge142	DNge142				DNge142	DNge142
FBbt:20007454	descending neuron of the gnathal ganglion DNge143	flywire	DNge143	DNge143				DNge143	
FBbt:20007455	descending neuron of the gnathal ganglion DNge144	flywire	DNge144	DNge144				DNge144	DNge144
FBbt:20007456	descending neuron of the gnathal ganglion DNge145	flywire	DNge145	DNge145				DNge145	DNge145
FBbt:20007457	descending neuron of the gnathal ganglion DNge146	flywire	DNge146	DNge146				DNge146	
FBbt:20007458	descending neuron of the gnathal ganglion DNge147	flywire	DNge147	DNge147				DNge147	
FBbt:20007459	descending neuron of the gnathal ganglion DNge148	flywire	DNge148	DNge148				DNge148	DNge148
FBbt:20007460	descending neuron of the gnathal ganglion DNge149	flywire	DNge149	DNge149				DNge149	DNge149
FBbt:20007462	descending neuron of the gnathal ganglion DNge151	flywire	DNge151	DNge151				DNge151	DNge151
FBbt:20007463	descending neuron of the gnathal ganglion DNge152	flywire	DNge152	DNge152				DNge152	DNge152
FBbt:20007464	descending neuron of the gnathal ganglion DNge153	flywire	DNge153	DNge153				DNge153	
FBbt:20007465	descending neuron of the gnathal ganglion DNge154	flywire	DNge154	DNge154				DNge154	DNge154
FBbt:20007467	descending neuron of the gnathal ganglion DNge156	flywire	DNge156	DNge156					
FBbt:20007478	adult CB2388 neuron	flywire	CB2388	CB2388				Z_lvPNm1	CB2388
FBbt:20007482	descending neuron of the gnathal ganglion DNg110_a	flywire	DNg110_a						
FBbt:20007483	descending neuron of the gnathal ganglion DNg110_b	flywire	DNg110_b						
FBbt:20007484	descending neuron of the gnathal ganglion DNg110_c	flywire	DNg110_c						
FBbt:20007496	descending neuron of the gnathal ganglion DNg52_a	flywire	DNg52_a						
FBbt:20007497	descending neuron of the gnathal ganglion DNg52_b	flywire	DNg52_b						
FBbt:20007529	descending neuron of the gnathal ganglion DNg92_a	flywire	DNg92_a	DNg92_a				DNg92_a	
FBbt:20007530	descending neuron of the gnathal ganglion DNg92_b	flywire	DNg92_b	DNg92_b				DNg92_b	
FBbt:20007533	descending neuron of the gnathal ganglion DNg102_a	flywire	DNg102_a						
FBbt:20007534	descending neuron of the gnathal ganglion DNg102_b	flywire	DNg102_b						
FBbt:20007535	descending neuron of the posterior brain DNpe004	flywire	DNpe004	DNpe004				DNpe004	DNpe004
FBbt:20007536	descending neuron of the posterior brain DNpe007	flywire	DNpe007	DNpe007				DNpe007	DNpe007
FBbt:20007537	descending neuron of the posterior brain DNpe015	flywire	DNpe015	DNpe015				DNpe015	
FBbt:20007538	descending neuron of the posterior brain DNpe017	flywire	DNpe017	DNpe017				DNpe017	
FBbt:20007539	descending neuron of the posterior brain DNpe018	flywire	DNpe018	DNpe018				DNpe018	DNpe018
FBbt:20007540	descending neuron of the posterior brain DNpe029	flywire	DNpe029	DNpe029				DNpe029	DNpe029
FBbt:20007541	descending neuron of the posterior brain DNpe030	flywire	DNpe030	DNpe030				DNpe030	
FBbt:20007542	descending neuron of the posterior brain DNpe036	flywire	DNpe036	DNpe036				DNpe036	
FBbt:20007543	descending neuron of the posterior brain DNpe049	flywire	DNpe049	DNpe049				DNpe049	
FBbt:20007544	descending neuron of the posterior brain DNpe051	flywire	DNpe051						
FBbt:20007545	descending neuron of the posterior brain DNpe054	flywire	DNpe054	DNpe054				DNpe054|DNpe008	DNpe054
FBbt:20007553	adult lobula columnar neuron e01	flywire	LCe01						
FBbt:20007593	adult lobula tangential neuron e32	flywire	LTe32	LTe32					LTe32
FBbt:20007595	adult CB3623 neuron	flywire	CB3623	CB3623				Z_lvPNm1	CB3623
FBbt:20007598	adult lobula tangential neuron e38c	flywire	LTe38c						
FBbt:20007599	adult lobula tangential neuron e49f	flywire	LTe49f	LTe49f					LTe49f
FBbt:20007613	adult medulla tangential neuron e04	flywire	MTe04	MTe04				MeVP12|MeVP20	MTe04
FBbt:20007619	adult medulla tangential neuron e10	flywire	MTe10	MTe10				MeVP54|MeVP55	MTe10
FBbt:20007626	adult medulla tangential neuron e17	flywire	MTe17	MTe17				MeVP42|MeVP40	MTe17
FBbt:20007660	adult CB1817a neuron	flywire	CB1817a	CB1817a				SAD108	CB1817a
FBbt:20007661	adult CB1817b neuron	flywire	CB1817b	CB1817b				SAD097	CB1817b
FBbt:20007662	adult CB3865 neuron	flywire	CB3865	CB3865				CB3865	CB3865
FBbt:20007663	adult CB3866 neuron	flywire	CB3866	CB3866				CB3866	CB3866
FBbt:20007664	adult CB3867 neuron	flywire	CB3867	CB3867					CB3867
FBbt:20007665	adult CB3868 neuron	flywire	CB3868	CB3868					CB3868
FBbt:20007666	adult CB3869 neuron	flywire	CB3869	CB3869				CB3869	
FBbt:20007667	adult lobula visual centrifugal neuron 02c	flywire	cL02c	cL02c				LoVC28|LoVC29	cL02c
FBbt:20007668	adult lobula visual centrifugal neuron 02d	flywire	cL02d						
FBbt:20007675	descending neuron of the gnathal ganglion DNg74_a	flywire	DNg74_a	DNg74_a				DNg74_a	
FBbt:20007676	descending neuron of the gnathal ganglion DNg74_b	flywire	DNg74_b	DNg74_b				DNg74_b	
FBbt:20007681	adult medulla visual centrifugal neuron 08c	flywire	cM08c	cM08c				MeVC20|MeVC24	cM08c
FBbt:20007682	adult medulla tangential neuron e01b	flywire	MTe01b	MTe01b				MeVP9|MeVP59|MeVP7|MeVP8	MTe01b
FBbt:20000000	adult anterior optic tubercle neuron 001	hemibrain	AOTU001		AOTU001			AOTU001	
FBbt:20000001	adult anterior optic tubercle neuron 002	hemibrain	AOTU002		AOTU002_a|AOTU002_b			AOTU002_b	
FBbt:20000002	adult anterior optic tubercle neuron 003	hemibrain	AOTU003		AOTU003			AOTU003	
FBbt:20000003	adult anterior optic tubercle neuron 004	hemibrain	AOTU004		AOTU004			AOTU004	
FBbt:20000009	adult anterior optic tubercle neuron 010	hemibrain	AOTU010		AOTU010				
FBbt:20000015	adult anterior optic tubercle neuron 016	hemibrain	AOTU016		AOTU016			AOTU016_c|AOTU016_b	
FBbt:20000016	adult anterior optic tubercle neuron 017	hemibrain	AOTU017		AOTU017			AOTU017	
FBbt:20000017	adult anterior optic tubercle neuron 018	hemibrain	AOTU018	AOTU018	AOTU018			AOTU018	AOTU018
FBbt:20000030	adult anterior optic tubercle neuron 031	hemibrain	AOTU031		AOTU031				
FBbt:20000031	adult anterior optic tubercle neuron 032	hemibrain	AOTU032	AOTU032	AOTU032			AOTU032	AOTU032
FBbt:20000033	adult anterior optic tubercle neuron 034	hemibrain	AOTU034		AOTU034			AOTU034	
FBbt:20000039	adult anterior optic tubercle neuron 040	hemibrain	AOTU040		AOTU040			AOTU040	
FBbt:20000042	adult anterior optic tubercle neuron 043	hemibrain	AOTU043		AOTU043			AOTU043	
FBbt:20000047	adult anterior optic tubercle neuron 048	hemibrain	AOTU048	AOTU048	AOTU048			AOTU048	AOTU048
FBbt:20000048	adult anterior optic tubercle neuron 049	hemibrain	AOTU049	AOTU049	AOTU049			AOTU049	AOTU049
FBbt:20000053	adult anterior optic tubercle neuron 054	hemibrain	AOTU054	AOTU054	AOTU054			AOTU054	AOTU054
FBbt:20000054	adult anterior optic tubercle neuron 055	hemibrain	AOTU055		AOTU055			AOTU055	
FBbt:20000055	adult anterior optic tubercle neuron 056	hemibrain	AOTU056		AOTU056			AOTU056	
FBbt:20000056	adult anterior optic tubercle neuron 057	hemibrain	AOTU057		AOTU057				
FBbt:20000057	adult anterior optic tubercle neuron 058	hemibrain	AOTU058		AOTU058			AOTU058	
FBbt:20000069	adult antler neuron 005	hemibrain	ATL005		ATL005			ATL005	
FBbt:20000071	adult antler neuron 007	hemibrain	ATL007		ATL007			ATL007	
FBbt:20000081	adult antler neuron 017	hemibrain	ATL017	ATL017	ATL017			ATL017	ATL017
FBbt:20000082	adult antler neuron 018	hemibrain	ATL018		ATL018			ATL018	
FBbt:20000083	adult antler neuron 019	hemibrain	ATL019		ATL019			ATL019	
FBbt:20000084	adult antler neuron 020	hemibrain	ATL020		ATL020			ATL020	
FBbt:20000088	adult antler neuron 024	hemibrain	ATL024	ATL024	ATL024			ATL024	ATL024
FBbt:20000099	adult antler neuron 035	hemibrain	ATL035	ATL035	ATL035			ATL035	ATL035
FBbt:20000100	adult antler neuron 036	hemibrain	ATL036		ATL036			ATL036	
FBbt:20000102	adult antler neuron 038	hemibrain	ATL038	ATL038	ATL038			ATL038	ATL038
FBbt:20000103	adult antler neuron 039	hemibrain	ATL039		ATL039			ATL039	
FBbt:20000105	adult antler neuron 041	hemibrain	ATL041		ATL041			ATL041	
FBbt:20000109	adult antler neuron 045	hemibrain	ATL045		ATL045			ATL045	
FBbt:20000111	adult anterior ventrolateral protocerebrum neuron 002	hemibrain	AVLP002		AVLP002			AVLP002	
FBbt:20000112	adult anterior ventrolateral protocerebrum neuron 003	hemibrain	AVLP003		AVLP003			AVLP003	
FBbt:20000113	adult anterior ventrolateral protocerebrum neuron 004	hemibrain	AVLP004		AVLP004				
FBbt:20000114	adult anterior ventrolateral protocerebrum neuron 005	hemibrain	AVLP005		AVLP005			AVLP005	
FBbt:20000116	adult anterior ventrolateral protocerebrum neuron 007	hemibrain	AVLP007		AVLP007				
FBbt:20000120	adult anterior ventrolateral protocerebrum neuron 011	hemibrain	AVLP011	AVLP011	AVLP011				AVLP011
FBbt:20000121	adult anterior ventrolateral protocerebrum neuron 012	hemibrain	AVLP012		AVLP012				
FBbt:20000136	adult anterior ventrolateral protocerebrum neuron 027	hemibrain	AVLP027	AVLP027	AVLP027			AVLP027	AVLP027
FBbt:20000145	adult anterior ventrolateral protocerebrum neuron 036	hemibrain	AVLP036		AVLP036			AVLP036	
FBbt:20000146	adult anterior ventrolateral protocerebrum neuron 037	hemibrain	AVLP037	AVLP037	AVLP037			AVLP037	AVLP037
FBbt:20000147	adult anterior ventrolateral protocerebrum neuron 038	hemibrain	AVLP038	AVLP038	AVLP038			AVLP038	AVLP038
FBbt:20000161	adult anterior ventrolateral protocerebrum neuron 052	hemibrain	AVLP052		AVLP052				
FBbt:20000163	adult anterior ventrolateral protocerebrum neuron 054	hemibrain	AVLP054		AVLP054				
FBbt:20000165	adult anterior ventrolateral protocerebrum neuron 056	hemibrain	AVLP056		AVLP056				
FBbt:20000166	adult anterior ventrolateral protocerebrum neuron 057	hemibrain	AVLP057		AVLP057				
FBbt:20000167	adult anterior ventrolateral protocerebrum neuron 058	hemibrain	AVLP058		AVLP058				
FBbt:20000169	adult anterior ventrolateral protocerebrum neuron 060	hemibrain	AVLP060		AVLP060			AVLP060	
FBbt:20000170	adult anterior ventrolateral protocerebrum neuron 061	hemibrain	AVLP061		AVLP061				
FBbt:20000171	adult anterior ventrolateral protocerebrum neuron 062	hemibrain	AVLP062		AVLP062			AVLP062	
FBbt:20000172	adult anterior ventrolateral protocerebrum neuron 063	hemibrain	AVLP063		AVLP063			AVLP063	
FBbt:20000173	adult anterior ventrolateral protocerebrum neuron 064	hemibrain	AVLP064		AVLP064			AVLP064	
FBbt:20000174	adult anterior ventrolateral protocerebrum neuron 065	hemibrain	AVLP065		AVLP065			AVLP065	
FBbt:20000175	adult anterior ventrolateral protocerebrum neuron 066	hemibrain	AVLP066		AVLP066				
FBbt:20000176	adult anterior ventrolateral protocerebrum neuron 067	hemibrain	AVLP067		AVLP067			AVLP067	
FBbt:20000177	adult anterior ventrolateral protocerebrum neuron 068	hemibrain	AVLP068		AVLP068				
FBbt:20000179	adult anterior ventrolateral protocerebrum neuron 070	hemibrain	AVLP070		AVLP070				
FBbt:20000180	adult anterior ventrolateral protocerebrum neuron 071	hemibrain	AVLP071		AVLP071				
FBbt:20000181	adult anterior ventrolateral protocerebrum neuron 072	hemibrain	AVLP072		AVLP072_a|AVLP072_b				
FBbt:20000182	adult anterior ventrolateral protocerebrum neuron 073	hemibrain	AVLP073		AVLP073				
FBbt:20000183	adult anterior ventrolateral protocerebrum neuron 074	hemibrain	AVLP074		AVLP074				
FBbt:20000199	adult anterior ventrolateral protocerebrum neuron 090	hemibrain	AVLP090	AVLP090	AVLP090			AVLP090	AVLP090
FBbt:20000201	adult anterior ventrolateral protocerebrum neuron 092	hemibrain	AVLP092		AVLP092				
FBbt:20000204	adult anterior ventrolateral protocerebrum neuron 095	hemibrain	AVLP095		AVLP095			AVLP095	
FBbt:20000205	adult anterior ventrolateral protocerebrum neuron 096	hemibrain	AVLP096	AVLP096	AVLP096			AVLP096	AVLP096
FBbt:20000212	adult anterior ventrolateral protocerebrum neuron 103	hemibrain	AVLP103		AVLP103			AVLP103	
FBbt:20000213	adult anterior ventrolateral protocerebrum neuron 104	hemibrain	AVLP104		AVLP104			AVLP104	
FBbt:20000215	adult anterior ventrolateral protocerebrum neuron 106	hemibrain	AVLP106		AVLP106				
FBbt:20000219	adult anterior ventrolateral protocerebrum neuron 110	hemibrain	AVLP110		AVLP110				
FBbt:20000220	adult anterior ventrolateral protocerebrum neuron 111	hemibrain	AVLP111		AVLP111		AVLP111	AVLP111	
FBbt:20000221	adult anterior ventrolateral protocerebrum neuron 112	hemibrain	AVLP112		AVLP112		AVLP112	AVLP112	
FBbt:20000222	adult anterior ventrolateral protocerebrum neuron 113	hemibrain	AVLP113		AVLP113			AVLP113	
FBbt:20000223	adult anterior ventrolateral protocerebrum neuron 114	hemibrain	AVLP114		AVLP114				
FBbt:20000224	adult anterior ventrolateral protocerebrum neuron 115	hemibrain	AVLP115		AVLP115			AVLP115	AVLP115
FBbt:20000226	adult anterior ventrolateral protocerebrum neuron 117	hemibrain	AVLP117		AVLP117			AVLP117	
FBbt:20000227	adult anterior ventrolateral protocerebrum neuron 118	hemibrain	AVLP118		AVLP118				
FBbt:20000228	adult anterior ventrolateral protocerebrum neuron 119	hemibrain	AVLP119		AVLP119				
FBbt:20000231	adult anterior ventrolateral protocerebrum neuron 122	hemibrain	AVLP122		AVLP122				
FBbt:20000232	adult anterior ventrolateral protocerebrum neuron 123	hemibrain	AVLP123		AVLP123				
FBbt:20000233	adult anterior ventrolateral protocerebrum neuron 124	hemibrain	AVLP124		AVLP124			AVLP124	
FBbt:20000234	adult anterior ventrolateral protocerebrum neuron 125	hemibrain	AVLP125		AVLP125				
FBbt:20000235	adult anterior ventrolateral protocerebrum neuron 126	hemibrain	AVLP126		AVLP126			AVLP126	
FBbt:20000236	adult anterior ventrolateral protocerebrum neuron 127	hemibrain	AVLP127		AVLP127				
FBbt:20000237	adult anterior ventrolateral protocerebrum neuron 128	hemibrain	AVLP128		AVLP128				
FBbt:20000239	adult anterior ventrolateral protocerebrum neuron 130	hemibrain	AVLP130		AVLP130				
FBbt:20000240	adult anterior ventrolateral protocerebrum neuron 131	hemibrain	AVLP131		AVLP131				
FBbt:20000242	adult anterior ventrolateral protocerebrum neuron 133	hemibrain	AVLP133		AVLP133				
FBbt:20000243	adult anterior ventrolateral protocerebrum neuron 134	hemibrain	AVLP134		AVLP134				
FBbt:20000244	adult anterior ventrolateral protocerebrum neuron 135	hemibrain	AVLP135		AVLP135				
FBbt:20000246	adult anterior ventrolateral protocerebrum neuron 137	hemibrain	AVLP137		AVLP137			AVLP137	
FBbt:20000247	adult anterior ventrolateral protocerebrum neuron 138	hemibrain	AVLP138		AVLP138			AVLP138	
FBbt:20000248	adult anterior ventrolateral protocerebrum neuron 139	hemibrain	AVLP139		AVLP139			AVLP139	
FBbt:20000250	adult anterior ventrolateral protocerebrum neuron 141	hemibrain	AVLP141		AVLP141				
FBbt:20000251	adult anterior ventrolateral protocerebrum neuron 142	hemibrain	AVLP142		AVLP142				
FBbt:20000253	adult anterior ventrolateral protocerebrum neuron 144	hemibrain	AVLP144		AVLP144				
FBbt:20000254	adult anterior ventrolateral protocerebrum neuron 145	hemibrain	AVLP145		AVLP145			AVLP145	
FBbt:20000255	adult anterior ventrolateral protocerebrum neuron 146	hemibrain	AVLP146		AVLP146				
FBbt:20000257	adult anterior ventrolateral protocerebrum neuron 148	hemibrain	AVLP148		AVLP148				
FBbt:20000259	adult anterior ventrolateral protocerebrum neuron 150	hemibrain	AVLP150		AVLP150				
FBbt:20000272	adult anterior ventrolateral protocerebrum neuron 163	hemibrain	AVLP163		AVLP163			AVLP163	
FBbt:20000275	adult anterior ventrolateral protocerebrum neuron 166	hemibrain	AVLP166		AVLP166			AVLP166	
FBbt:20000276	adult anterior ventrolateral protocerebrum neuron 167	hemibrain	AVLP167		AVLP167_a|AVLP167_b				
FBbt:20000277	adult anterior ventrolateral protocerebrum neuron 168	hemibrain	AVLP168		AVLP168			AVLP168	
FBbt:20000279	adult anterior ventrolateral protocerebrum neuron 170	hemibrain	AVLP170		AVLP170			AVLP170	
FBbt:20000280	adult anterior ventrolateral protocerebrum neuron 171	hemibrain	AVLP171		AVLP171				
FBbt:20000281	adult anterior ventrolateral protocerebrum neuron 172	hemibrain	AVLP172		AVLP172				
FBbt:20000282	adult anterior ventrolateral protocerebrum neuron 173	hemibrain	AVLP173		AVLP173			AVLP173	
FBbt:20000283	adult anterior ventrolateral protocerebrum neuron 174	hemibrain	AVLP174		AVLP174				
FBbt:20000284	adult anterior ventrolateral protocerebrum neuron 175	hemibrain	AVLP175		AVLP175			AVLP175	
FBbt:20000285	adult anterior ventrolateral protocerebrum neuron 176	hemibrain	AVLP176		AVLP176_a|AVLP176_b|AVLP176_c|AVLP176_d			AVLP176_c	
FBbt:20000286	adult anterior ventrolateral protocerebrum neuron 177	hemibrain	AVLP177		AVLP177_a|AVLP177_b				
FBbt:20000288	adult anterior ventrolateral protocerebrum neuron 179	hemibrain	AVLP179		AVLP179			AVLP179	
FBbt:20000290	adult anterior ventrolateral protocerebrum neuron 181	hemibrain	AVLP181		AVLP181				
FBbt:20000292	adult anterior ventrolateral protocerebrum neuron 183	hemibrain	AVLP183		AVLP183			AVLP183	
FBbt:20000294	adult anterior ventrolateral protocerebrum neuron 185	hemibrain	AVLP185		AVLP185				
FBbt:20000297	adult anterior ventrolateral protocerebrum neuron 188	hemibrain	AVLP188		AVLP188			AVLP188	
FBbt:20000298	adult anterior ventrolateral protocerebrum neuron 189	hemibrain	AVLP189		AVLP189_a|AVLP189_b			AVLP189_b|AVLP189_a	
FBbt:20000299	adult anterior ventrolateral protocerebrum neuron 190	hemibrain	AVLP190	AVLP190	AVLP190			AVLP190	AVLP190
FBbt:20000300	adult anterior ventrolateral protocerebrum neuron 191	hemibrain	AVLP191		AVLP191			AVLP191	
FBbt:20000301	adult anterior ventrolateral protocerebrum neuron 192	hemibrain	AVLP192		AVLP192			AVLP192_b|AVLP192_a	
FBbt:20000305	adult anterior ventrolateral protocerebrum neuron 196	hemibrain	AVLP196		AVLP196				
FBbt:20000306	adult anterior ventrolateral protocerebrum neuron 197	hemibrain	AVLP197		AVLP197			AVLP197	
FBbt:20000307	adult anterior ventrolateral protocerebrum neuron 198	hemibrain	AVLP198		AVLP198			AVLP198	
FBbt:20000308	adult anterior ventrolateral protocerebrum neuron 199	hemibrain	AVLP199		AVLP199			AVLP199	
FBbt:20000313	adult anterior ventrolateral protocerebrum neuron 204	hemibrain	AVLP204		AVLP204			AVLP204	
FBbt:20000315	adult anterior ventrolateral protocerebrum neuron 206	hemibrain	AVLP206		AVLP206_a|AVLP206_b				
FBbt:20000316	adult anterior ventrolateral protocerebrum neuron 207	hemibrain	AVLP207		AVLP207				AVLP207
FBbt:20000317	adult anterior ventrolateral protocerebrum neuron 208	hemibrain	AVLP208		AVLP208				
FBbt:20000330	adult anterior ventrolateral protocerebrum neuron 221	hemibrain	AVLP221		AVLP221			AVLP221	
FBbt:20000332	adult anterior ventrolateral protocerebrum neuron 223	hemibrain	AVLP223		AVLP223				
FBbt:20000333	adult anterior ventrolateral protocerebrum neuron 224	hemibrain	AVLP224		AVLP224_a|AVLP224_b			AVLP224_a	
FBbt:20000334	adult anterior ventrolateral protocerebrum neuron 225	hemibrain	AVLP225		AVLP225_a|AVLP225_b			AVLP225_a|AVLP225_b1	
FBbt:20000335	adult anterior ventrolateral protocerebrum neuron 226	hemibrain	AVLP226		AVLP226				
FBbt:20000336	adult anterior ventrolateral protocerebrum neuron 227	hemibrain	AVLP227	AVLP227	AVLP227			AVLP227	AVLP227
FBbt:20000337	adult anterior ventrolateral protocerebrum neuron 228	hemibrain	AVLP228		AVLP228				
FBbt:20000340	adult anterior ventrolateral protocerebrum neuron 231	hemibrain	AVLP231		AVLP231			AVLP231	
FBbt:20000342	adult anterior ventrolateral protocerebrum neuron 233	hemibrain	AVLP233		AVLP233				
FBbt:20000344	adult anterior ventrolateral protocerebrum neuron 235	hemibrain	AVLP235	AVLP235	AVLP235			AVLP235	AVLP235
FBbt:20000345	adult anterior ventrolateral protocerebrum neuron 236	hemibrain	AVLP236		AVLP236				
FBbt:20000346	adult anterior ventrolateral protocerebrum neuron 237	hemibrain	AVLP237		AVLP237_a|AVLP237_b|AVLP237_c				
FBbt:20000347	adult anterior ventrolateral protocerebrum neuron 238	hemibrain	AVLP238		AVLP238				
FBbt:20000348	adult anterior ventrolateral protocerebrum neuron 239	hemibrain	AVLP239		AVLP239				
FBbt:20000349	adult anterior ventrolateral protocerebrum neuron 240	hemibrain	AVLP240		AVLP240				
FBbt:20000350	adult anterior ventrolateral protocerebrum neuron 241	hemibrain	AVLP241		AVLP241				
FBbt:20000351	adult anterior ventrolateral protocerebrum neuron 242	hemibrain	AVLP242		AVLP242				
FBbt:20000354	adult anterior ventrolateral protocerebrum neuron 245	hemibrain	AVLP245		AVLP245				
FBbt:20000355	adult anterior ventrolateral protocerebrum neuron 246	hemibrain	AVLP246		AVLP246				
FBbt:20000356	adult anterior ventrolateral protocerebrum neuron 247	hemibrain	AVLP247		AVLP247				
FBbt:20000357	adult anterior ventrolateral protocerebrum neuron 248	hemibrain	AVLP248		AVLP248				
FBbt:20000358	adult anterior ventrolateral protocerebrum neuron 249	hemibrain	AVLP249		AVLP249				
FBbt:20000359	adult anterior ventrolateral protocerebrum neuron 250	hemibrain	AVLP250		AVLP250			AVLP250	
FBbt:20000362	adult anterior ventrolateral protocerebrum neuron 253	hemibrain	AVLP253	AVLP253	AVLP253			AVLP253	AVLP253
FBbt:20000363	adult anterior ventrolateral protocerebrum neuron 254	hemibrain	AVLP254		AVLP254			AVLP254	
FBbt:20000365	adult anterior ventrolateral protocerebrum neuron 256	hemibrain	AVLP256	AVLP256	AVLP256			AVLP256	AVLP256
FBbt:20000370	adult anterior ventrolateral protocerebrum neuron 261	hemibrain	AVLP261		AVLP261				AVLP261
FBbt:20000371	adult anterior ventrolateral protocerebrum neuron 262	hemibrain	AVLP262		AVLP262			AVLP262	
FBbt:20000373	adult anterior ventrolateral protocerebrum neuron 264	hemibrain	AVLP264		AVLP264			AVLP264	
FBbt:20000378	adult anterior ventrolateral protocerebrum neuron 269	hemibrain	AVLP269		AVLP269			AVLP269_a|AVLP269_b	
FBbt:20000379	adult anterior ventrolateral protocerebrum neuron 270	hemibrain	AVLP270		AVLP270				AVLP270
FBbt:20000380	adult anterior ventrolateral protocerebrum neuron 271	hemibrain	AVLP271		AVLP271			AVLP271	
FBbt:20000381	adult anterior ventrolateral protocerebrum neuron 272	hemibrain	AVLP272		AVLP272				
FBbt:20000382	adult anterior ventrolateral protocerebrum neuron 273	hemibrain	AVLP273		AVLP273				AVLP273
FBbt:20000383	adult anterior ventrolateral protocerebrum neuron 274	hemibrain	AVLP274		AVLP274			AVLP274_a	
FBbt:20000384	adult anterior ventrolateral protocerebrum neuron 275	hemibrain	AVLP275		AVLP275				
FBbt:20000385	adult anterior ventrolateral protocerebrum neuron 276	hemibrain	AVLP276		AVLP276				
FBbt:20000386	adult anterior ventrolateral protocerebrum neuron 277	hemibrain	AVLP277		AVLP277			AVLP277	AVLP277
FBbt:20000387	adult anterior ventrolateral protocerebrum neuron 278	hemibrain	AVLP278		AVLP278				
FBbt:20000388	adult anterior ventrolateral protocerebrum neuron 279	hemibrain	AVLP279	AVLP279	AVLP279			AVLP279	AVLP279
FBbt:20000394	adult anterior ventrolateral protocerebrum neuron 285	hemibrain	AVLP285		AVLP285			AVLP285	
FBbt:20000400	adult anterior ventrolateral protocerebrum neuron 291	hemibrain	AVLP291		AVLP291				
FBbt:20000405	adult anterior ventrolateral protocerebrum neuron 296	hemibrain	AVLP296		AVLP296			AVLP296_a	
FBbt:20000408	adult anterior ventrolateral protocerebrum neuron 299	hemibrain	AVLP299		AVLP299_a|AVLP299_b|AVLP299_c			AVLP299_b|AVLP299_c|AVLP299_a	
FBbt:20000409	adult anterior ventrolateral protocerebrum neuron 300	hemibrain	AVLP300		AVLP300_a|AVLP300_b			AVLP300_a|AVLP300_b	
FBbt:20000410	adult anterior ventrolateral protocerebrum neuron 301	hemibrain	AVLP301		AVLP301				
FBbt:20000411	adult anterior ventrolateral protocerebrum neuron 302	hemibrain	AVLP302	AVLP302	AVLP302			AVLP302	AVLP302
FBbt:20000416	adult anterior ventrolateral protocerebrum neuron 307	hemibrain	AVLP307		AVLP307				
FBbt:20000420	adult anterior ventrolateral protocerebrum neuron 311	hemibrain	AVLP311		AVLP311_a|AVLP311_b			AVLP311_a1	
FBbt:20000427	adult anterior ventrolateral protocerebrum neuron 318	hemibrain	AVLP318		AVLP318			AVLP318	
FBbt:20000428	adult anterior ventrolateral protocerebrum neuron 319	hemibrain	AVLP319		AVLP319				
FBbt:20000429	adult anterior ventrolateral protocerebrum neuron 320	hemibrain	AVLP320		AVLP320				
FBbt:20000430	adult anterior ventrolateral protocerebrum neuron 321	hemibrain	AVLP321		AVLP321			AVLP321	
FBbt:20000433	adult anterior ventrolateral protocerebrum neuron 324	hemibrain	AVLP324		AVLP324				
FBbt:20000434	adult anterior ventrolateral protocerebrum neuron 325	hemibrain	AVLP325		AVLP325_a|AVLP325_b				
FBbt:20000435	adult anterior ventrolateral protocerebrum neuron 326	hemibrain	AVLP326		AVLP326				
FBbt:20000436	adult anterior ventrolateral protocerebrum neuron 327	hemibrain	AVLP327		AVLP327				
FBbt:20000437	adult anterior ventrolateral protocerebrum neuron 328	hemibrain	AVLP328		AVLP328				
FBbt:20000438	adult anterior ventrolateral protocerebrum neuron 329	hemibrain	AVLP329		AVLP329			AVLP329	
FBbt:20000440	adult anterior ventrolateral protocerebrum neuron 331	hemibrain	AVLP331		AVLP331				
FBbt:20000441	adult anterior ventrolateral protocerebrum neuron 332	hemibrain	AVLP332		AVLP332			AVLP332	
FBbt:20000442	adult anterior ventrolateral protocerebrum neuron 333	hemibrain	AVLP333		AVLP333			AVLP333	
FBbt:20000443	adult anterior ventrolateral protocerebrum neuron 334	hemibrain	AVLP334		AVLP334			AVLP334	
FBbt:20000444	adult anterior ventrolateral protocerebrum neuron 335	hemibrain	AVLP335		AVLP335				
FBbt:20000445	adult anterior ventrolateral protocerebrum neuron 336	hemibrain	AVLP336		AVLP336				
FBbt:20000446	adult anterior ventrolateral protocerebrum neuron 337	hemibrain	AVLP337		AVLP337			AVLP337	
FBbt:20000447	adult anterior ventrolateral protocerebrum neuron 338	hemibrain	AVLP338		AVLP338			AVLP338	
FBbt:20000450	adult anterior ventrolateral protocerebrum neuron 341	hemibrain	AVLP341		AVLP341			AVLP341	
FBbt:20000452	adult anterior ventrolateral protocerebrum neuron 343	hemibrain	AVLP343	AVLP343	AVLP343			AVLP343	AVLP343
FBbt:20000455	adult anterior ventrolateral protocerebrum neuron 346	hemibrain	AVLP346	AVLP346	AVLP346			AVLP346	AVLP346
FBbt:20000457	adult anterior ventrolateral protocerebrum neuron 348	hemibrain	AVLP348	AVLP348	AVLP348			AVLP348	AVLP348
FBbt:20000458	adult anterior ventrolateral protocerebrum neuron 349	hemibrain	AVLP349		AVLP349			AVLP349	
FBbt:20000459	adult anterior ventrolateral protocerebrum neuron 350	hemibrain	AVLP350		AVLP350				
FBbt:20000460	adult anterior ventrolateral protocerebrum neuron 351	hemibrain	AVLP351		AVLP351				
FBbt:20000461	adult anterior ventrolateral protocerebrum neuron 352	hemibrain	AVLP352		AVLP352			AVLP352	
FBbt:20000462	adult anterior ventrolateral protocerebrum neuron 353	hemibrain	AVLP353		AVLP353			AVLP353	
FBbt:20000463	adult anterior ventrolateral protocerebrum neuron 354	hemibrain	AVLP354		AVLP354			AVLP354	
FBbt:20000464	adult anterior ventrolateral protocerebrum neuron 355	hemibrain	AVLP355		AVLP355				
FBbt:20000465	adult anterior ventrolateral protocerebrum neuron 356	hemibrain	AVLP356		AVLP356				
FBbt:20000466	adult anterior ventrolateral protocerebrum neuron 357	hemibrain	AVLP357		AVLP357			AVLP357	
FBbt:20000467	adult anterior ventrolateral protocerebrum neuron 358	hemibrain	AVLP358		AVLP358				
FBbt:20000468	adult anterior ventrolateral protocerebrum neuron 359	hemibrain	AVLP359		AVLP359				
FBbt:20000469	adult anterior ventrolateral protocerebrum neuron 360	hemibrain	AVLP360		AVLP360				
FBbt:20000470	adult anterior ventrolateral protocerebrum neuron 361	hemibrain	AVLP361		AVLP361				
FBbt:20000471	adult anterior ventrolateral protocerebrum neuron 362	hemibrain	AVLP362		AVLP362				
FBbt:20000473	adult anterior ventrolateral protocerebrum neuron 364	hemibrain	AVLP364		AVLP364				
FBbt:20000474	adult anterior ventrolateral protocerebrum neuron 365	hemibrain	AVLP365		AVLP365			AVLP365	
FBbt:20000475	adult anterior ventrolateral protocerebrum neuron 366	hemibrain	AVLP366		AVLP366				
FBbt:20000476	adult anterior ventrolateral protocerebrum neuron 367	hemibrain	AVLP367		AVLP367				
FBbt:20000477	adult anterior ventrolateral protocerebrum neuron 368	hemibrain	AVLP368		AVLP368				
FBbt:20000481	adult anterior ventrolateral protocerebrum neuron 372	hemibrain	AVLP372		AVLP372			AVLP372	
FBbt:20000483	adult anterior ventrolateral protocerebrum neuron 374	hemibrain	AVLP374		AVLP374			AVLP374	
FBbt:20000484	adult anterior ventrolateral protocerebrum neuron 375	hemibrain	AVLP375		AVLP375				
FBbt:20000485	adult anterior ventrolateral protocerebrum neuron 376	hemibrain	AVLP376		AVLP376				
FBbt:20000486	adult anterior ventrolateral protocerebrum neuron 377	hemibrain	AVLP377		AVLP377			AVLP377	
FBbt:20000487	adult anterior ventrolateral protocerebrum neuron 378	hemibrain	AVLP378		AVLP378			AVLP378	
FBbt:20000488	adult anterior ventrolateral protocerebrum neuron 379	hemibrain	AVLP379		AVLP379			AVLP379	
FBbt:20000491	adult anterior ventrolateral protocerebrum neuron 382	hemibrain	AVLP382		AVLP382				
FBbt:20000492	adult anterior ventrolateral protocerebrum neuron 383	hemibrain	AVLP383		AVLP383				
FBbt:20000493	adult anterior ventrolateral protocerebrum neuron 384	hemibrain	AVLP384		AVLP384				
FBbt:20000494	adult anterior ventrolateral protocerebrum neuron 385	hemibrain	AVLP385		AVLP385			AVLP385	
FBbt:20000496	adult anterior ventrolateral protocerebrum neuron 387	hemibrain	AVLP387		AVLP387			AVLP387	
FBbt:20000497	adult anterior ventrolateral protocerebrum neuron 388	hemibrain	AVLP388		AVLP388				
FBbt:20000498	adult anterior ventrolateral protocerebrum neuron 389	hemibrain	AVLP389		AVLP389				
FBbt:20000500	adult anterior ventrolateral protocerebrum neuron 391	hemibrain	AVLP391		AVLP391				
FBbt:20000501	adult anterior ventrolateral protocerebrum neuron 392	hemibrain	AVLP392		AVLP392				
FBbt:20000502	adult anterior ventrolateral protocerebrum neuron 393	hemibrain	AVLP393	AVLP393	AVLP393			AVLP393	AVLP393
FBbt:20000504	adult anterior ventrolateral protocerebrum neuron 395	hemibrain	AVLP395		AVLP395			AVLP395	
FBbt:20000509	adult anterior ventrolateral protocerebrum neuron 400	hemibrain	AVLP400		AVLP400			AVLP400	AVLP400
FBbt:20000510	adult anterior ventrolateral protocerebrum neuron 401	hemibrain	AVLP401		AVLP401			AVLP401	
FBbt:20000512	adult anterior ventrolateral protocerebrum neuron 403	hemibrain	AVLP403		AVLP403			AVLP403	
FBbt:20000513	adult anterior ventrolateral protocerebrum neuron 404	hemibrain	AVLP404		AVLP404			AVLP404	
FBbt:20000514	adult anterior ventrolateral protocerebrum neuron 405	hemibrain	AVLP405		AVLP405			AVLP405	
FBbt:20000515	adult anterior ventrolateral protocerebrum neuron 406	hemibrain	AVLP406		AVLP406				
FBbt:20000516	adult anterior ventrolateral protocerebrum neuron 407	hemibrain	AVLP407		AVLP407			AVLP407	
FBbt:20000517	adult anterior ventrolateral protocerebrum neuron 408	hemibrain	AVLP408		AVLP408				
FBbt:20000519	adult anterior ventrolateral protocerebrum neuron 410	hemibrain	AVLP410		AVLP410			AVLP410	
FBbt:20000520	adult anterior ventrolateral protocerebrum neuron 411	hemibrain	AVLP411	AVLP411	AVLP411			AVLP411	AVLP411
FBbt:20000521	adult anterior ventrolateral protocerebrum neuron 412	hemibrain	AVLP412		AVLP412			AVLP412	
FBbt:20000522	adult anterior ventrolateral protocerebrum neuron 413	hemibrain	AVLP413		AVLP413			AVLP413	
FBbt:20000523	adult anterior ventrolateral protocerebrum neuron 414	hemibrain	AVLP414		AVLP414				
FBbt:20000524	adult anterior ventrolateral protocerebrum neuron 415	hemibrain	AVLP415		AVLP415			AVLP415	
FBbt:20000525	adult anterior ventrolateral protocerebrum neuron 416	hemibrain	AVLP416		AVLP416				
FBbt:20000526	adult anterior ventrolateral protocerebrum neuron 417	hemibrain	AVLP417	AVLP417	AVLP417			AVLP417	AVLP417
FBbt:20000529	adult anterior ventrolateral protocerebrum neuron 420	hemibrain	AVLP420		AVLP420_a|AVLP420_b			AVLP420_b|AVLP420_a	
FBbt:20000531	adult anterior ventrolateral protocerebrum neuron 422	hemibrain	AVLP422		AVLP422			AVLP422	
FBbt:20000533	adult anterior ventrolateral protocerebrum neuron 424	hemibrain	AVLP424		AVLP424			AVLP424	
FBbt:20000534	adult anterior ventrolateral protocerebrum neuron 425	hemibrain	AVLP425		AVLP425				
FBbt:20000535	adult anterior ventrolateral protocerebrum neuron 426	hemibrain	AVLP426		AVLP426				
FBbt:20000536	adult anterior ventrolateral protocerebrum neuron 427	hemibrain	AVLP427		AVLP427			AVLP427	
FBbt:20000540	adult anterior ventrolateral protocerebrum neuron 431	hemibrain	AVLP431		AVLP431			AVLP431	
FBbt:20000542	adult anterior ventrolateral protocerebrum neuron 433	hemibrain	AVLP433		AVLP433_a|AVLP433_b		AVLP433	AVLP433_a|AVLP433_b	
FBbt:20000543	adult anterior ventrolateral protocerebrum neuron 434	hemibrain	AVLP434		AVLP434_a|AVLP434_b			AVLP434_a|AVLP434_b	
FBbt:20000547	adult anterior ventrolateral protocerebrum neuron 438	hemibrain	AVLP438		AVLP438		AVLP438		
FBbt:20000549	adult anterior ventrolateral protocerebrum neuron 440	hemibrain	AVLP440		AVLP440			AVLP440	
FBbt:20000559	adult anterior ventrolateral protocerebrum neuron 450	hemibrain	AVLP450		AVLP450				
FBbt:20000561	adult anterior ventrolateral protocerebrum neuron 452	hemibrain	AVLP452		AVLP452			AVLP452	
FBbt:20000562	adult anterior ventrolateral protocerebrum neuron 453	hemibrain	AVLP453		AVLP453				
FBbt:20000563	adult anterior ventrolateral protocerebrum neuron 454	hemibrain	AVLP454		AVLP454_a|AVLP454_b			AVLP454_b4|AVLP454_b6|AVLP454_b5|AVLP454_a2|AVLP454_b3|AVLP454_b1|AVLP454_b2|AVLP454_a1|AVLP454_a3	
FBbt:20000565	adult anterior ventrolateral protocerebrum neuron 456	hemibrain	AVLP456		AVLP456				
FBbt:20000570	adult anterior ventrolateral protocerebrum neuron 461	hemibrain	AVLP461	AVLP461	AVLP461			AVLP461	AVLP461
FBbt:20000572	adult anterior ventrolateral protocerebrum neuron 463	hemibrain	AVLP463		AVLP463			AVLP463	
FBbt:20000575	adult anterior ventrolateral protocerebrum neuron 466	hemibrain	AVLP466		AVLP466				
FBbt:20000576	adult anterior ventrolateral protocerebrum neuron 467	hemibrain	AVLP467		AVLP467				
FBbt:20000577	adult anterior ventrolateral protocerebrum neuron 468	hemibrain	AVLP468		AVLP468				
FBbt:20000581	adult anterior ventrolateral protocerebrum neuron 472	hemibrain	AVLP472		AVLP472				
FBbt:20000589	adult anterior ventrolateral protocerebrum neuron 480	hemibrain	AVLP480		AVLP480			AVLP480	
FBbt:20000590	adult anterior ventrolateral protocerebrum neuron 481	hemibrain	AVLP481		AVLP481			AVLP481	
FBbt:20000591	adult anterior ventrolateral protocerebrum neuron 482	hemibrain	AVLP482		AVLP482				
FBbt:20000592	adult anterior ventrolateral protocerebrum neuron 483	hemibrain	AVLP483		AVLP483			AVLP483	
FBbt:20000593	adult anterior ventrolateral protocerebrum neuron 484	hemibrain	AVLP484		AVLP484			AVLP484	
FBbt:20000594	adult anterior ventrolateral protocerebrum neuron 485	hemibrain	AVLP485		AVLP485			AVLP485	
FBbt:20000602	adult anterior ventrolateral protocerebrum neuron 493	hemibrain	AVLP493		AVLP493				
FBbt:20000604	adult anterior ventrolateral protocerebrum neuron 495	hemibrain	AVLP495		AVLP495				
FBbt:20000619	adult anterior ventrolateral protocerebrum neuron 510	hemibrain	AVLP510		AVLP510				AVLP510
FBbt:20000620	adult anterior ventrolateral protocerebrum neuron 511	hemibrain	AVLP511		AVLP511			AVLP511	
FBbt:20000621	adult anterior ventrolateral protocerebrum neuron 512	hemibrain	AVLP512		AVLP512				
FBbt:20000622	adult anterior ventrolateral protocerebrum neuron 513	hemibrain	AVLP513		AVLP513				
FBbt:20000623	adult anterior ventrolateral protocerebrum neuron 514	hemibrain	AVLP514		AVLP514				
FBbt:20000624	adult anterior ventrolateral protocerebrum neuron 515	hemibrain	AVLP515		AVLP515				
FBbt:20000625	adult anterior ventrolateral protocerebrum neuron 516	hemibrain	AVLP516		AVLP516				
FBbt:20000627	adult anterior ventrolateral protocerebrum neuron 518	hemibrain	AVLP518		AVLP518				
FBbt:20000633	adult anterior ventrolateral protocerebrum neuron 524	hemibrain	AVLP524		AVLP524_a|AVLP524_b				
FBbt:20000634	adult anterior ventrolateral protocerebrum neuron 525	hemibrain	AVLP525		AVLP525			AVLP525	
FBbt:20000635	adult anterior ventrolateral protocerebrum neuron 526	hemibrain	AVLP526		AVLP526			AVLP526	
FBbt:20000636	adult anterior ventrolateral protocerebrum neuron 527	hemibrain	AVLP527		AVLP527			AVLP527	
FBbt:20000637	adult anterior ventrolateral protocerebrum neuron 528	hemibrain	AVLP528		AVLP528				
FBbt:20000638	adult anterior ventrolateral protocerebrum neuron 529	hemibrain	AVLP529		AVLP529			AVLP529	
FBbt:20000639	adult anterior ventrolateral protocerebrum neuron 530	hemibrain	AVLP530	AVLP530	AVLP530			AVLP530	AVLP530
FBbt:20000648	adult anterior ventrolateral protocerebrum neuron 539	hemibrain	AVLP539		AVLP539			AVLP539	
FBbt:20000649	adult anterior ventrolateral protocerebrum neuron 540	hemibrain	AVLP540		AVLP540				
FBbt:20000654	adult anterior ventrolateral protocerebrum neuron 545	hemibrain	AVLP545		AVLP545			AVLP545	
FBbt:20000657	adult anterior ventrolateral protocerebrum neuron 548	hemibrain	AVLP548		AVLP548_a|AVLP548_b|AVLP548_c|AVLP548_d|AVLP548_e|AVLP548_f|AVLP548_g			AVLP548_f2|AVLP548_e|AVLP548_b|AVLP548_f1|AVLP548_d|AVLP548_c|AVLP548_a|AVLP548_g2	
FBbt:20000660	adult anterior ventrolateral protocerebrum neuron 551	hemibrain	AVLP551		AVLP551			AVLP551	
FBbt:20000661	adult anterior ventrolateral protocerebrum neuron 552	hemibrain	AVLP552		AVLP552			AVLP552	
FBbt:20000662	adult anterior ventrolateral protocerebrum neuron 553	hemibrain	AVLP553		AVLP553				
FBbt:20000663	adult anterior ventrolateral protocerebrum neuron 554	hemibrain	AVLP554		AVLP554				
FBbt:20000665	adult anterior ventrolateral protocerebrum neuron 556	hemibrain	AVLP556		AVLP556				
FBbt:20000670	adult anterior ventrolateral protocerebrum neuron 561	hemibrain	AVLP561		AVLP561				
FBbt:20000689	adult anterior ventrolateral protocerebrum neuron 580	hemibrain	AVLP580	AVLP580	AVLP580			AVLP580	AVLP580
FBbt:20000690	adult anterior ventrolateral protocerebrum neuron 581	hemibrain	AVLP581		AVLP581				
FBbt:20000691	adult anterior ventrolateral protocerebrum neuron 582	hemibrain	AVLP582		AVLP582				
FBbt:20000692	adult anterior ventrolateral protocerebrum neuron 583	hemibrain	AVLP583		AVLP583				
FBbt:20000694	adult anterior ventrolateral protocerebrum neuron 585	hemibrain	AVLP585		AVLP585				
FBbt:20000696	adult anterior ventrolateral protocerebrum neuron 587	hemibrain	AVLP587		AVLP587				
FBbt:20000697	adult anterior ventrolateral protocerebrum neuron 588	hemibrain	AVLP588		AVLP588				
FBbt:20000698	adult anterior ventrolateral protocerebrum neuron 589	hemibrain	AVLP589		AVLP589				
FBbt:20000722	adult clamp neuron 017	hemibrain	CL017		CL017				
FBbt:20000724	adult clamp neuron 019	hemibrain	CL019		CL019_a|CL019_b				
FBbt:20000725	adult clamp neuron 020	hemibrain	CL020		CL020				
FBbt:20000739	adult clamp neuron 034	hemibrain	CL034		CL034				
FBbt:20000740	adult clamp neuron 035	hemibrain	CL035		CL035				
FBbt:20000744	adult clamp neuron 039	hemibrain	CL039		CL039				
FBbt:20000745	adult clamp neuron 040	hemibrain	CL040	CL040	CL040			CL040	
FBbt:20000746	adult clamp neuron 041	hemibrain	CL041		CL041				
FBbt:20000748	adult clamp neuron 043	hemibrain	CL043		CL043				
FBbt:20000749	adult clamp neuron 044	hemibrain	CL044		CL044				
FBbt:20000750	adult clamp neuron 045	hemibrain	CL045		CL045				
FBbt:20000751	adult clamp neuron 046	hemibrain	CL046		CL046			CL046	
FBbt:20000752	adult clamp neuron 047	hemibrain	CL047		CL047				
FBbt:20000754	adult clamp neuron 049	hemibrain	CL049		CL049			CL049	
FBbt:20000755	adult clamp neuron 050	hemibrain	CL050		CL050_a|CL050_b				
FBbt:20000756	adult clamp neuron 051	hemibrain	CL051		CL051				
FBbt:20000759	adult clamp neuron 054	hemibrain	CL054		CL054			CL054	
FBbt:20000761	adult clamp neuron 056	hemibrain	CL056		CL056			CL056	
FBbt:20000762	adult clamp neuron 057	hemibrain	CL057	CL057	CL057			CL057	CL057
FBbt:20000766	adult clamp neuron 061	hemibrain	CL061		CL061				
FBbt:20000781	adult clamp neuron 076	hemibrain	CL076		CL076				
FBbt:20000784	adult clamp neuron 079	hemibrain	CL079		CL079				
FBbt:20000785	adult clamp neuron 080	hemibrain	CL080	CL080	CL080			CL080	CL080
FBbt:20000787	adult clamp neuron 082	hemibrain	CL082		CL082				
FBbt:20000789	adult clamp neuron 084	hemibrain	CL084		CL084				
FBbt:20000790	adult clamp neuron 085	hemibrain	CL085		CL085			CL085_b|CL085_c|CL085_a	
FBbt:20000791	adult clamp neuron 086	hemibrain	CL086		CL086_a|CL086_b|CL086_c|CL086_d|CL086_e			CL086_e|CL086_a|CL086_b|CL086_d|CL086_c	
FBbt:20000792	adult clamp neuron 087	hemibrain	CL087	CL087	CL087			CL087	CL087
FBbt:20000793	adult clamp neuron 088	hemibrain	CL088		CL088			CL088_a|CL088_b	
FBbt:20000794	adult clamp neuron 089	hemibrain	CL089		CL089_a|CL089_b|CL089_c			CL089_b|CL089_a1|CL089_c|CL089_a2	
FBbt:20000795	adult clamp neuron 090	hemibrain	CL090		CL090_a|CL090_b|CL090_c|CL090_d|CL090_e			CL090_b|CL090_d|CL090_c|CL090_e|CL090_a	
FBbt:20000808	adult clamp neuron 103	hemibrain	CL103		CL103				
FBbt:20000810	adult clamp neuron 105	hemibrain	CL105		CL105				
FBbt:20000811	adult clamp neuron 106	hemibrain	CL106		CL106				
FBbt:20000822	adult clamp neuron 117	hemibrain	CL117		CL117			CL117	
FBbt:20000824	adult clamp neuron 119	hemibrain	CL119		CL119				
FBbt:20000826	adult clamp neuron 121	hemibrain	CL121		CL121			CL121_a|CL12X|CL121_b	
FBbt:20000827	adult clamp neuron 122	hemibrain	CL122		CL122			CL122_b|CL122_a	
FBbt:20000828	adult clamp neuron 123	hemibrain	CL123	CL123	CL123			CL123_a|CL123_d|CL123_c|CL123_e|CL123_b	CL123
FBbt:20000839	adult clamp neuron 134	hemibrain	CL134		CL134			CL134	
FBbt:20000850	adult clamp neuron 145	hemibrain	CL145	CB2931	CL145			CB2931|SMP279_c	CB2931
FBbt:20000852	adult clamp neuron 147	hemibrain	CL147		CL147			CL147	
FBbt:20000853	adult clamp neuron 148	hemibrain	CL148		CL148				
FBbt:20000868	adult clamp neuron 163	hemibrain	CL163		CL163				
FBbt:20000869	adult clamp neuron 164	hemibrain	CL164		CL164				
FBbt:20000871	adult clamp neuron 166	hemibrain	CL166	CL166	CL166			CL166	CL166
FBbt:20000872	adult clamp neuron 167	hemibrain	CL167		CL167			CL167	
FBbt:20000873	adult clamp neuron 168	hemibrain	CL168		CL168			CL168	
FBbt:20000878	adult clamp neuron 173	hemibrain	CL173	CL173	CL173			CL173	CL173
FBbt:20000879	adult clamp neuron 174	hemibrain	CL174		CL174				
FBbt:20000886	adult clamp neuron 181	hemibrain	CL181		CL181				
FBbt:20000889	adult clamp neuron 184	hemibrain	CL184		CL184			CL184	
FBbt:20000890	adult clamp neuron 185	hemibrain	CL185		CL185			CL185	
FBbt:20000893	adult clamp neuron 188	hemibrain	CL188		CL188				
FBbt:20000894	adult clamp neuron 189	hemibrain	CL189		CL189			CL189	
FBbt:20000895	adult clamp neuron 190	hemibrain	CL190		CL190			CL190	
FBbt:20000896	adult clamp neuron 191	hemibrain	CL191		CL191				
FBbt:20000897	adult clamp neuron 192	hemibrain	CL192		CL192				
FBbt:20000898	adult clamp neuron 193	hemibrain	CL193		CL193				
FBbt:20000899	adult clamp neuron 194	hemibrain	CL194		CL194				
FBbt:20000902	adult clamp neuron 197	hemibrain	CL197		CL197				
FBbt:20000903	adult clamp neuron 198	hemibrain	CL198		CL198_a|CL198_b				
FBbt:20000922	adult clamp neuron 217	hemibrain	CL217		CL217				
FBbt:20000923	adult clamp neuron 218	hemibrain	CL218		CL218				
FBbt:20000924	adult clamp neuron 219	hemibrain	CL219		CL219				
FBbt:20000925	adult clamp neuron 220	hemibrain	CL220		CL220				
FBbt:20000926	adult clamp neuron 221	hemibrain	CL221		CL221				
FBbt:20000927	adult clamp neuron 222	hemibrain	CL222		CL222				
FBbt:20000928	adult clamp neuron 223	hemibrain	CL223		CL223				
FBbt:20000929	adult clamp neuron 224	hemibrain	CL224		CL224			CL224	
FBbt:20000930	adult clamp neuron 225	hemibrain	CL225		CL225			CL225	
FBbt:20000931	adult clamp neuron 226	hemibrain	CL226		CL226				
FBbt:20000932	adult clamp neuron 227	hemibrain	CL227		CL227				
FBbt:20000933	adult clamp neuron 228	hemibrain	CL228	CL228	CL228			CL228	CL228
FBbt:20000934	adult clamp neuron 229	hemibrain	CL229		CL229				
FBbt:20000935	adult clamp neuron 230	hemibrain	CL230		CL230				
FBbt:20000936	adult clamp neuron 231	hemibrain	CL231	CL231	CL231			CL231	CL231
FBbt:20000937	adult clamp neuron 232	hemibrain	CL232		CL232				
FBbt:20000938	adult clamp neuron 233	hemibrain	CL233		CL233				
FBbt:20000943	adult clamp neuron 238	hemibrain	CL238		CL238			CL238	
FBbt:20000945	adult clamp neuron 240	hemibrain	CL240		CL240				
FBbt:20000946	adult clamp neuron 241	hemibrain	CL241		CL241				
FBbt:20000947	adult clamp neuron 242	hemibrain	CL242		CL242				
FBbt:20000948	adult clamp neuron 243	hemibrain	CL243		CL243				CL243
FBbt:20000954	adult clamp neuron 249	hemibrain	CL249		CL249			CL249	
FBbt:20000964	adult clamp neuron 259	hemibrain	CL259	CL259	CL259			CL259	CL259
FBbt:20000965	adult clamp neuron 260	hemibrain	CL260		CL260			CL260	
FBbt:20000977	adult clamp neuron 272	hemibrain	CL272		CL272_a|CL272_b			CL272_b3|CL272_b2|CL272_a1|CL272_b1|CL272_a2	
FBbt:20000979	adult clamp neuron 274	hemibrain	CL274		CL274			CL274	
FBbt:20000980	adult clamp neuron 275	hemibrain	CL275		CL275			CL275	
FBbt:20000981	adult clamp neuron 276	hemibrain	CL276		CL276				
FBbt:20000982	adult clamp neuron 277	hemibrain	CL277		CL277				
FBbt:20000985	adult clamp neuron 280	hemibrain	CL280		CL280			CL280	
FBbt:20001000	adult clamp neuron 295	hemibrain	CL295		CL295				
FBbt:20001001	adult clamp neuron 296	hemibrain	CL296		CL296				
FBbt:20001002	adult clamp neuron 297	hemibrain	CL297		CL297				
FBbt:20001003	adult clamp neuron 298	hemibrain	CL298		CL298				
FBbt:20001004	adult clamp neuron 299	hemibrain	CL299		CL299_a|CL299_b				
FBbt:20001005	adult clamp neuron 300	hemibrain	CL300		CL300				
FBbt:20001006	adult clamp neuron 301	hemibrain	CL301	CL301	CL301			CL301	CL301
FBbt:20001007	adult clamp neuron 302	hemibrain	CL302		CL302			CL302	
FBbt:20001033	adult clamp neuron 328	hemibrain	CL328	CL328	CL328			CL328	CL328
FBbt:20001034	adult clamp neuron 329	hemibrain	CL329		CL329				
FBbt:20001036	adult clamp neuron 331	hemibrain	CL331		CL331				
FBbt:20001042	adult clamp neuron 337	hemibrain	CL337		CL337				
FBbt:20001048	adult clamp neuron 343	hemibrain	CL343		CL343				
FBbt:20001050	adult clamp neuron 345	hemibrain	CL345		CL345			CL345	CL345
FBbt:20001051	adult clamp neuron 346	hemibrain	CL346		CL346				
FBbt:20001052	adult clamp neuron 347	hemibrain	CL347		CL347				
FBbt:20001054	adult clamp neuron 349	hemibrain	CL349		CL349				
FBbt:20001055	adult clamp neuron 350	hemibrain	CL350		CL350				
FBbt:20001056	adult clamp neuron 351	hemibrain	CL351		CL351			CL351	
FBbt:20001058	adult clamp neuron 353	hemibrain	CL353	CL353	CL353			CL353	
FBbt:20001059	adult clamp neuron 354	hemibrain	CL354		CL354			CL354	
FBbt:20001060	adult clamp neuron 355	hemibrain	CL355		CL355			CL355	CL355
FBbt:20001068	adult clamp neuron 363	hemibrain	CL363		CL363				
FBbt:20001071	adult crepine neuron 002	hemibrain	CRE002		CRE002				
FBbt:20001072	adult crepine neuron 003	hemibrain	CRE003		CRE003_a|CRE003_b			CRE003_b	
FBbt:20001077	adult crepine neuron 008	hemibrain	CRE008	CRE008	CRE008			CRE008	CRE008
FBbt:20001079	adult crepine neuron 010	hemibrain	CRE010		CRE010			CRE010	
FBbt:20001083	adult crepine neuron 014	hemibrain	CRE014		CRE014			CRE014	
FBbt:20001095	adult crepine neuron 026	hemibrain	CRE026		CRE026			CRE026	CRE026
FBbt:20001097	adult crepine neuron 028	hemibrain	CRE028		CRE028			CRE028	
FBbt:20001098	adult crepine neuron 029	hemibrain	CRE029		CRE029_a|CRE029_b|CRE029_c				
FBbt:20001099	adult crepine neuron 030	hemibrain	CRE030		CRE030_a|CRE030_b			CRE030_b	
FBbt:20001100	adult crepine neuron 031	hemibrain	CRE031		CRE031				
FBbt:20001101	adult crepine neuron 032	hemibrain	CRE032		CRE032				
FBbt:20001102	adult crepine neuron 033	hemibrain	CRE033		CRE033				
FBbt:20001103	adult crepine neuron 034	hemibrain	CRE034		CRE034			CRE034	
FBbt:20001104	adult crepine neuron 035	hemibrain	CRE035	CRE035	CRE035			CRE035	CRE035
FBbt:20001105	adult crepine neuron 036	hemibrain	CRE036		CRE036				
FBbt:20001106	adult crepine neuron 037	hemibrain	CRE037		CRE037			CRE037	
FBbt:20001107	adult crepine neuron 038	hemibrain	CRE038		CRE038			CRE038	
FBbt:20001108	adult crepine neuron 039	hemibrain	CRE039		CRE039			CRE039	
FBbt:20001114	adult crepine neuron 045	hemibrain	CRE045	CRE045	CRE045			CRE045	CRE045
FBbt:20001115	adult crepine neuron 046	hemibrain	CRE046		CRE046			CRE046	
FBbt:20001116	adult crepine neuron 047	hemibrain	CRE047		CRE047				
FBbt:20001120	adult crepine neuron 051	hemibrain	CRE051		CRE051			CRE051	
FBbt:20001121	adult crepine neuron 052	hemibrain	CRE052		CRE052			CRE052	
FBbt:20001122	adult crepine neuron 053	hemibrain	CRE053		CRE053				
FBbt:20001123	adult crepine neuron 054	hemibrain	CRE054		CRE054			CRE054	
FBbt:20001124	adult crepine neuron 055	hemibrain	CRE055		CRE055			CRE055	
FBbt:20001126	adult crepine neuron 057	hemibrain	CRE057		CRE057			CRE057	
FBbt:20001127	adult crepine neuron 058	hemibrain	CRE058		CRE058				
FBbt:20001129	adult crepine neuron 060	hemibrain	CRE060	CRE060	CRE060			CRE060	CRE060
FBbt:20001130	adult crepine neuron 061	hemibrain	CRE061		CRE061				
FBbt:20001131	adult crepine neuron 062	hemibrain	CRE062		CRE062			CRE062	
FBbt:20001132	adult crepine neuron 063	hemibrain	CRE063		CRE063				
FBbt:20001133	adult crepine neuron 064	hemibrain	CRE064		CRE064				
FBbt:20001136	adult crepine neuron 067	hemibrain	CRE067		CRE067			CRE067	
FBbt:20001142	adult crepine neuron 073	hemibrain	CRE073		CRE073				
FBbt:20001152	adult crepine neuron 083	hemibrain	CRE083		CRE083			CRE083	
FBbt:20001153	adult crepine neuron 084	hemibrain	CRE084		CRE084				
FBbt:20001154	adult crepine neuron 085	hemibrain	CRE085		CRE085			CRE085	
FBbt:20001155	adult crepine neuron 086	hemibrain	CRE086		CRE086			CRE086	
FBbt:20001158	adult crepine neuron 089	hemibrain	CRE089		CRE089			CRE089	
FBbt:20001159	adult crepine neuron 090	hemibrain	CRE090		CRE090			CRE090	
FBbt:20001160	adult crepine neuron 091	hemibrain	CRE091		CRE091				
FBbt:20001161	adult crepine neuron 092	hemibrain	CRE092		CRE092			CRE092	
FBbt:20001162	adult crepine neuron 093	hemibrain	CRE093		CRE093			CRE093	
FBbt:20001166	adult crepine neuron 097	hemibrain	CRE097		CRE097				
FBbt:20001167	adult crepine neuron 098	hemibrain	CRE098		CRE098				
FBbt:20001168	adult crepine neuron 099	hemibrain	CRE099		CRE099			CRE099	CRE099
FBbt:20001178	adult inferior bridge neuron 001	hemibrain	IB001		IB001				
FBbt:20001179	adult inferior bridge neuron 002	hemibrain	IB002		IB002			IB002	
FBbt:20001180	adult inferior bridge neuron 003	hemibrain	IB003		IB003				
FBbt:20001181	adult inferior bridge neuron 004	hemibrain	IB004		IB004				
FBbt:20001204	adult inferior bridge neuron 027	hemibrain	IB027		IB027				
FBbt:20001205	adult inferior bridge neuron 028	hemibrain	IB028		IB028				
FBbt:20001210	adult inferior bridge neuron 033	hemibrain	IB033	IB033	IB033			IB033	IB033
FBbt:20001211	adult inferior bridge neuron 034	hemibrain	IB034		IB034				
FBbt:20001212	adult inferior bridge neuron 035	hemibrain	IB035		IB035			IB035	
FBbt:20001213	adult inferior bridge neuron 036	hemibrain	IB036		IB036				
FBbt:20001214	adult inferior bridge neuron 037	hemibrain	IB037		IB037				
FBbt:20001216	adult inferior bridge neuron 039	hemibrain	IB039		IB039				
FBbt:20001217	adult inferior bridge neuron 040	hemibrain	IB040		IB040				
FBbt:20001218	adult inferior bridge neuron 041	hemibrain	IB041		IB041				
FBbt:20001219	adult inferior bridge neuron 042	hemibrain	IB042		IB042			IB042	
FBbt:20001229	adult inferior bridge neuron 052	hemibrain	IB052		IB052				
FBbt:20001230	adult inferior bridge neuron 053	hemibrain	IB053		IB053			IB053	
FBbt:20001231	adult inferior bridge neuron 054	hemibrain	IB054	IB054	IB054			IB054	IB054
FBbt:20001232	adult inferior bridge neuron 055	hemibrain	IB055		IB055				
FBbt:20001233	adult inferior bridge neuron 056	hemibrain	IB056		IB056				
FBbt:20001234	adult inferior bridge neuron 057	hemibrain	IB057	IB057	IB057				
FBbt:20001240	adult inferior bridge neuron 063	hemibrain	IB063		IB063				
FBbt:20001244	adult inferior bridge neuron 067	hemibrain	IB067		IB067				
FBbt:20001247	adult inferior bridge neuron 070	hemibrain	IB070		IB070			IB070	
FBbt:20001248	adult inferior bridge neuron 071	hemibrain	IB071		IB071			IB071	
FBbt:20001249	adult inferior bridge neuron 072	hemibrain	IB072		IB072				
FBbt:20001250	adult inferior bridge neuron 073	hemibrain	IB073		IB073				
FBbt:20001251	adult inferior bridge neuron 074	hemibrain	IB074		IB074				
FBbt:20001252	adult inferior bridge neuron 075	hemibrain	IB075		IB075				
FBbt:20001254	adult inferior bridge neuron 077	hemibrain	IB077		IB077				
FBbt:20001255	adult inferior bridge neuron 078	hemibrain	IB078		IB078				
FBbt:20001256	adult inferior bridge neuron 079	hemibrain	IB079		IB079				
FBbt:20001257	adult inferior bridge neuron 080	hemibrain	IB080		IB080				
FBbt:20001258	adult inferior bridge neuron 081	hemibrain	IB081		IB081				
FBbt:20001259	adult inferior bridge neuron 082	hemibrain	IB082		IB082				
FBbt:20001260	adult inferior bridge neuron 083	hemibrain	IB083		IB083			IB083	
FBbt:20001263	adult inferior bridge neuron 086	hemibrain	IB086		IB086				
FBbt:20001264	adult inferior bridge neuron 087	hemibrain	IB087		IB087			IB087	
FBbt:20001273	adult inferior bridge neuron 096	hemibrain	IB096		IB096			IB096	
FBbt:20001275	adult inferior bridge neuron 098	hemibrain	IB098		IB098				
FBbt:20001276	adult inferior bridge neuron 099	hemibrain	IB099		IB099				
FBbt:20001277	adult inferior bridge neuron 100	hemibrain	IB100		IB100				
FBbt:20001278	adult inferior bridge neuron 101	hemibrain	IB101		IB101			IB101	
FBbt:20001279	adult inferior bridge neuron 102	hemibrain	IB102		IB102				
FBbt:20001280	adult inferior bridge neuron 103	hemibrain	IB103		IB103				
FBbt:20001281	adult inferior bridge neuron 104	hemibrain	IB104		IB104				
FBbt:20001282	adult inferior bridge neuron 105	hemibrain	IB105		IB105				
FBbt:20001283	adult inferior bridge neuron 106	hemibrain	IB106		IB106				
FBbt:20001284	adult inferior bridge neuron 107	hemibrain	IB107		IB107				
FBbt:20001285	adult inferior bridge neuron 108	hemibrain	IB108		IB108				
FBbt:20001296	adult inferior bridge neuron 119	hemibrain	IB119		IB119				
FBbt:20001299	adult lateral accessory lobe neuron 003	hemibrain	LAL003	LAL003	LAL003			LAL003	LAL003
FBbt:20001301	adult lateral accessory lobe neuron 005	hemibrain	LAL005		LAL005				
FBbt:20001321	adult lateral accessory lobe neuron 025	hemibrain	LAL025	LAL025	LAL025			LAL025	LAL025
FBbt:20001324	adult lateral accessory lobe neuron 028	hemibrain	LAL028	LAL028	LAL028			LAL028	LAL028
FBbt:20001325	adult lateral accessory lobe neuron 029	hemibrain	LAL029		LAL029			LAL029_e|LAL029_b|LAL029_c|LAL029_d|LAL029_a	
FBbt:20001326	adult lateral accessory lobe neuron 030	hemibrain	LAL030		LAL030_a|LAL030_b			LAL030_b|LAL030_a	
FBbt:20001328	adult lateral accessory lobe neuron 032	hemibrain	LAL032		LAL032			LAL032	
FBbt:20001329	adult lateral accessory lobe neuron 033	hemibrain	LAL033		LAL033				
FBbt:20001332	adult lateral accessory lobe neuron 036	hemibrain	LAL036		LAL036				
FBbt:20001335	adult lateral accessory lobe neuron 039	hemibrain	LAL039		LAL039				
FBbt:20001340	adult lateral accessory lobe neuron 044	hemibrain	LAL044		LAL044				
FBbt:20001344	adult lateral accessory lobe neuron 048	hemibrain	LAL048	LAL048	LAL048		LAL048	LAL048	LAL048
FBbt:20001346	adult lateral accessory lobe neuron 050	hemibrain	LAL050		LAL050			LAL050	
FBbt:20001353	adult lateral accessory lobe neuron 057	hemibrain	LAL057		LAL057				
FBbt:20001354	adult lateral accessory lobe neuron 058	hemibrain	LAL058		LAL058				
FBbt:20001356	adult lateral accessory lobe neuron 060	hemibrain	LAL060		LAL060				
FBbt:20001357	adult lateral accessory lobe neuron 061	hemibrain	LAL061		LAL061			LAL061	
FBbt:20001358	adult lateral accessory lobe neuron 062	hemibrain	LAL062		LAL062				
FBbt:20001359	adult lateral accessory lobe neuron 063	hemibrain	LAL063		LAL063			LAL063	
FBbt:20001361	adult lateral accessory lobe neuron 065	hemibrain	LAL065		LAL065				
FBbt:20001362	adult lateral accessory lobe neuron 066	hemibrain	LAL066		LAL066				
FBbt:20001363	adult lateral accessory lobe neuron 067	hemibrain	LAL067		LAL067			LAL067	
FBbt:20001364	adult lateral accessory lobe neuron 068	hemibrain	LAL068		LAL068				
FBbt:20001365	adult lateral accessory lobe neuron 069	hemibrain	LAL069		LAL069				
FBbt:20001366	adult lateral accessory lobe neuron 070	hemibrain	LAL070		LAL070				
FBbt:20001367	adult lateral accessory lobe neuron 071	hemibrain	LAL071		LAL071			LAL071	
FBbt:20001370	adult lateral accessory lobe neuron 074	hemibrain	LAL074	LAL074	LAL074			LAL074	LAL074
FBbt:20001373	adult lateral accessory lobe neuron 077	hemibrain	LAL077		LAL077				
FBbt:20001374	adult lateral accessory lobe neuron 078	hemibrain	LAL078		LAL078				
FBbt:20001375	adult lateral accessory lobe neuron 079	hemibrain	LAL079		LAL079				
FBbt:20001376	adult lateral accessory lobe neuron 080	hemibrain	LAL080		LAL080				
FBbt:20001379	adult lateral accessory lobe neuron 083	hemibrain	LAL083		LAL083			LAL083	
FBbt:20001380	adult lateral accessory lobe neuron 084	hemibrain	LAL084		LAL084			LAL084	
FBbt:20001387	adult lateral accessory lobe neuron 091	hemibrain	LAL091	LAL091	LAL091				LAL091
FBbt:20001388	adult lateral accessory lobe neuron 092	hemibrain	LAL092		LAL092				
FBbt:20001391	adult lateral accessory lobe neuron 095	hemibrain	LAL095		LAL095				
FBbt:20001392	adult lateral accessory lobe neuron 096	hemibrain	LAL096	LAL096	LAL096			LAL096	LAL096
FBbt:20001393	adult lateral accessory lobe neuron 097	hemibrain	LAL097		LAL097				
FBbt:20001399	adult lateral accessory lobe neuron 103	hemibrain	LAL103	LAL103	LAL103				LAL103
FBbt:20001400	adult lateral accessory lobe neuron 104	hemibrain	LAL104	LAL104	LAL104			LAL104	LAL104
FBbt:20001401	adult lateral accessory lobe neuron 105	hemibrain	LAL105		LAL105				
FBbt:20001404	adult lateral accessory lobe neuron 108	hemibrain	LAL108	LAL108	LAL108			LAL108	
FBbt:20001405	adult lateral accessory lobe neuron 109	hemibrain	LAL109		LAL109			LAL109	
FBbt:20001407	adult lateral accessory lobe neuron 111	hemibrain	LAL111	LAL111	LAL111			LAL111	LAL111
FBbt:20001414	adult lateral accessory lobe neuron 118	hemibrain	LAL118		LAL118				
FBbt:20001421	adult lateral accessory lobe neuron 125	hemibrain	LAL125		LAL125			LAL125	LAL125
FBbt:20001430	adult lateral accessory lobe neuron 134	hemibrain	LAL134	LAL134	LAL134			LAL134	
FBbt:20001432	adult lateral accessory lobe neuron 136	hemibrain	LAL136		LAL136_a|LAL136_b				
FBbt:20001456	adult lateral accessory lobe neuron 160	hemibrain	LAL160	LAL160	LAL160			LAL160	LAL160
FBbt:20001457	adult lateral accessory lobe neuron 161	hemibrain	LAL161		LAL161			LAL161	
FBbt:20001459	adult lateral accessory lobe neuron 163	hemibrain	LAL163	LAL163	LAL163			LAL163	LAL163
FBbt:20001460	adult lateral accessory lobe neuron 164	hemibrain	LAL164		LAL164			LAL164	
FBbt:20001462	adult lateral accessory lobe neuron 166	hemibrain	LAL166		LAL166			LAL166	
FBbt:20001467	adult lateral accessory lobe neuron 171	hemibrain	LAL171	LAL171	LAL171			LAL171	LAL171
FBbt:20001468	adult lateral accessory lobe neuron 172	hemibrain	LAL172		LAL172			LAL172	
FBbt:20001469	adult lateral accessory lobe neuron 173	hemibrain	LAL173	LAL173	LAL173			LAL173	LAL173
FBbt:20001470	adult lateral accessory lobe neuron 174	hemibrain	LAL174		LAL174				
FBbt:20001472	adult lateral accessory lobe neuron 176	hemibrain	LAL176	LAL176	LAL176			LAL176	LAL176
FBbt:20001473	adult lateral accessory lobe neuron 177	hemibrain	LAL177		LAL177			LAL177	
FBbt:20001474	adult lateral accessory lobe neuron 178	hemibrain	LAL178		LAL178				
FBbt:20001485	adult lateral accessory lobe neuron 189	hemibrain	LAL189		LAL189			LAL189	
FBbt:20001487	adult lateral accessory lobe neuron 191	hemibrain	LAL191	LAL191	LAL191			LAL191	LAL191
FBbt:20001488	adult lateral accessory lobe neuron 192	hemibrain	LAL192	LAL192	LAL192			LAL192	LAL192
FBbt:20001498	adult lateral accessory lobe neuron 202	hemibrain	LAL202		LAL202				
FBbt:20001500	adult lateral accessory lobe neuron 204	hemibrain	LAL204		LAL204			LAL204	
FBbt:20001502	adult posterior lateral protocerebrum neuron 002	hemibrain	PLP002		PLP002			PLP002	
FBbt:20001503	adult posterior lateral protocerebrum neuron 003	hemibrain	PLP003	PLP003	PLP003			PLP003	PLP003
FBbt:20001526	adult posterior lateral protocerebrum neuron 026	hemibrain	PLP026	PLP026	PLP026			PLP026	PLP026
FBbt:20001527	adult posterior lateral protocerebrum neuron 027	hemibrain	PLP027		PLP027				
FBbt:20001531	adult posterior lateral protocerebrum neuron 031	hemibrain	PLP031		PLP031				
FBbt:20001540	adult posterior lateral protocerebrum neuron 040	hemibrain	PLP040		PLP040				
FBbt:20001541	adult posterior lateral protocerebrum neuron 041	hemibrain	PLP041	PLP041	PLP041			PLP041	PLP041
FBbt:20001543	adult posterior lateral protocerebrum neuron 043	hemibrain	PLP043		PLP043			PLP043	
FBbt:20001545	adult posterior lateral protocerebrum neuron 045	hemibrain	PLP045		PLP045				
FBbt:20001547	adult posterior lateral protocerebrum neuron 047	hemibrain	PLP047		PLP047				
FBbt:20001549	adult posterior lateral protocerebrum neuron 049	hemibrain	PLP049		PLP049				
FBbt:20001550	adult posterior lateral protocerebrum neuron 050	hemibrain	PLP050		PLP050				
FBbt:20001556	adult posterior lateral protocerebrum neuron 056	hemibrain	PLP056		PLP056			PLP056	
FBbt:20001559	adult posterior lateral protocerebrum neuron 059	hemibrain	PLP059		PLP059			PLP059	
FBbt:20001561	adult posterior lateral protocerebrum neuron 061	hemibrain	PLP061		PLP061				
FBbt:20001562	adult posterior lateral protocerebrum neuron 062	hemibrain	PLP062		PLP062				
FBbt:20001563	adult posterior lateral protocerebrum neuron 063	hemibrain	PLP063		PLP063			PLP063	
FBbt:20001564	adult posterior lateral protocerebrum neuron 064	hemibrain	PLP064		PLP064_a|PLP064_b			PLP064_b|PLP064_a	
FBbt:20001566	adult posterior lateral protocerebrum neuron 066	hemibrain	PLP066		PLP066			PLP066	
FBbt:20001572	adult posterior lateral protocerebrum neuron 072	hemibrain	PLP072		PLP072				
FBbt:20001577	adult posterior lateral protocerebrum neuron 077	hemibrain	PLP077		PLP077				
FBbt:20001582	adult posterior lateral protocerebrum neuron 082	hemibrain	PLP082		PLP082				
FBbt:20001583	adult posterior lateral protocerebrum neuron 083	hemibrain	PLP083		PLP083				
FBbt:20001584	adult posterior lateral protocerebrum neuron 084	hemibrain	PLP084	PLP084	PLP084			PLP084	PLP084
FBbt:20001585	adult posterior lateral protocerebrum neuron 085	hemibrain	PLP085		PLP085			PLP085	
FBbt:20001588	adult posterior lateral protocerebrum neuron 088	hemibrain	PLP088		PLP088				
FBbt:20001601	adult posterior lateral protocerebrum neuron 101	hemibrain	PLP101	PLP101	PLP101			PLP101	PLP101
FBbt:20001602	adult posterior lateral protocerebrum neuron 102	hemibrain	PLP102		PLP102			PLP102	
FBbt:20001607	adult posterior lateral protocerebrum neuron 107	hemibrain	PLP107		PLP107				
FBbt:20001609	adult posterior lateral protocerebrum neuron 109	hemibrain	PLP109	PLP109	PLP109			PLP109	PLP109
FBbt:20001610	adult posterior lateral protocerebrum neuron 110	hemibrain	PLP110		PLP110				
FBbt:20001611	adult posterior lateral protocerebrum neuron 111	hemibrain	PLP111		PLP111		PLP111	PLP111	
FBbt:20001612	adult posterior lateral protocerebrum neuron 112	hemibrain	PLP112		PLP112				
FBbt:20001615	adult posterior lateral protocerebrum neuron 115	hemibrain	PLP115		PLP115_a|PLP115_b			PLP115_a|PLP115_b	
FBbt:20001617	adult posterior lateral protocerebrum neuron 117	hemibrain	PLP117		PLP117				
FBbt:20001620	adult posterior lateral protocerebrum neuron 120	hemibrain	PLP120	PLP120	PLP120			PLP120	PLP120
FBbt:20001633	adult posterior lateral protocerebrum neuron 133	hemibrain	PLP133		PLP133				
FBbt:20001634	adult posterior lateral protocerebrum neuron 134	hemibrain	PLP134		PLP134		PLP134	PLP134	
FBbt:20001635	adult posterior lateral protocerebrum neuron 135	hemibrain	PLP135		PLP135				
FBbt:20001636	adult posterior lateral protocerebrum neuron 136	hemibrain	PLP136		PLP136				
FBbt:20001637	adult posterior lateral protocerebrum neuron 137	hemibrain	PLP137		PLP137				
FBbt:20001638	adult posterior lateral protocerebrum neuron 138	hemibrain	PLP138		PLP138				
FBbt:20001639	adult posterior lateral protocerebrum neuron 139	hemibrain	PLP139	PLP139	PLP139			PLP139	PLP139
FBbt:20001640	adult posterior lateral protocerebrum neuron 140	hemibrain	PLP140		PLP140				
FBbt:20001645	adult posterior lateral protocerebrum neuron 145	hemibrain	PLP145		PLP145			PLP145	
FBbt:20001651	adult posterior lateral protocerebrum neuron 151	hemibrain	PLP151		PLP151				
FBbt:20001657	adult posterior lateral protocerebrum neuron 157	hemibrain	PLP157		PLP157			PLP157	
FBbt:20001666	adult posterior lateral protocerebrum neuron 166	hemibrain	PLP166		PLP166				PLP166
FBbt:20001667	adult posterior lateral protocerebrum neuron 167	hemibrain	PLP167		PLP167				
FBbt:20001668	adult posterior lateral protocerebrum neuron 168	hemibrain	PLP168		PLP168				
FBbt:20001676	adult posterior lateral protocerebrum neuron 176	hemibrain	PLP176		PLP176				
FBbt:20001684	adult posterior lateral protocerebrum neuron 184	hemibrain	PLP184		PLP184			PLP184	
FBbt:20001686	adult posterior lateral protocerebrum neuron 186	hemibrain	PLP186		PLP186			PLP186	
FBbt:20001688	adult posterior lateral protocerebrum neuron 188	hemibrain	PLP188	PLP188	PLP188			PLP188	PLP188
FBbt:20001689	adult posterior lateral protocerebrum neuron 189	hemibrain	PLP189		PLP189			PLP189	
FBbt:20001691	adult posterior lateral protocerebrum neuron 191	hemibrain	PLP191		PLP191			PLP191	
FBbt:20001692	adult posterior lateral protocerebrum neuron 192	hemibrain	PLP192		PLP192			PLP192	
FBbt:20001693	adult posterior lateral protocerebrum neuron 193	hemibrain	PLP193		PLP193				
FBbt:20001694	adult posterior lateral protocerebrum neuron 194	hemibrain	PLP194		PLP194				
FBbt:20001698	adult posterior lateral protocerebrum neuron 198	hemibrain	PLP198	PLP198	PLP198				PLP198
FBbt:20001700	adult posterior lateral protocerebrum neuron 200	hemibrain	PLP200		PLP200				
FBbt:20001701	adult posterior lateral protocerebrum neuron 201	hemibrain	PLP201		PLP201				
FBbt:20001702	adult posterior lateral protocerebrum neuron 202	hemibrain	PLP202		PLP202				
FBbt:20001703	adult posterior lateral protocerebrum neuron 203	hemibrain	PLP203		PLP203_a|PLP203_b				
FBbt:20001704	adult posterior lateral protocerebrum neuron 204	hemibrain	PLP204		PLP204				
FBbt:20001705	adult posterior lateral protocerebrum neuron 205	hemibrain	PLP205		PLP205				
FBbt:20001706	adult posterior lateral protocerebrum neuron 206	hemibrain	PLP206		PLP206				
FBbt:20001719	adult posterior lateral protocerebrum neuron 219	hemibrain	PLP219		PLP219			PLP219	
FBbt:20001720	adult posterior lateral protocerebrum neuron 220	hemibrain	PLP220		PLP220				
FBbt:20001724	adult posterior lateral protocerebrum neuron 224	hemibrain	PLP224		PLP224				
FBbt:20001725	adult posterior lateral protocerebrum neuron 225	hemibrain	PLP225		PLP225			PLP225	
FBbt:20001726	adult posterior lateral protocerebrum neuron 226	hemibrain	PLP226		PLP226				
FBbt:20001727	adult posterior lateral protocerebrum neuron 227	hemibrain	PLP227		PLP227				
FBbt:20001733	adult posterior lateral protocerebrum neuron 233	hemibrain	PLP233		PLP233				
FBbt:20001735	adult posterior lateral protocerebrum neuron 235	hemibrain	PLP235		PLP235				
FBbt:20001736	adult posterior lateral protocerebrum neuron 236	hemibrain	PLP236		PLP236				
FBbt:20001738	adult posterior lateral protocerebrum neuron 238	hemibrain	PLP238		PLP238				
FBbt:20001742	adult posterior lateral protocerebrum neuron 242	hemibrain	PLP242	PLP242	PLP242				
FBbt:20001753	adult posterior lateral protocerebrum neuron 253	hemibrain	PLP253		PLP253				
FBbt:20001758	adult posterior slope neuron 003	hemibrain	PS003	PS003	PS003			PS003	PS003
FBbt:20001761	adult posterior slope neuron 006	hemibrain	PS006		PS006				
FBbt:20001778	adult posterior slope neuron 023	hemibrain	PS023		PS023			PS023	
FBbt:20001779	adult posterior slope neuron 024	hemibrain	PS024		PS024			PS024	
FBbt:20001787	adult posterior slope neuron 032	hemibrain	PS032		PS032			PS032	
FBbt:20001788	adult posterior slope neuron 033	hemibrain	PS033		PS033				
FBbt:20001790	adult posterior slope neuron 035	hemibrain	PS035		PS035				
FBbt:20001791	adult posterior slope neuron 036	hemibrain	PS036		PS036				
FBbt:20001797	adult posterior slope neuron 042	hemibrain	PS042		PS042			PS042	
FBbt:20001798	adult posterior slope neuron 043	hemibrain	PS043	PS043	PS043				
FBbt:20001799	adult posterior slope neuron 044	hemibrain	PS044		PS044				
FBbt:20001811	adult posterior slope neuron 056	hemibrain	PS056		PS056				
FBbt:20001815	adult posterior slope neuron 060	hemibrain	PS060		PS060			PS060	
FBbt:20001825	adult posterior slope neuron 070	hemibrain	PS070		PS070			PS070	
FBbt:20001826	adult posterior slope neuron 071	hemibrain	PS071		PS071				
FBbt:20001827	adult posterior slope neuron 072	hemibrain	PS072		PS072			PS072	
FBbt:20001828	adult posterior slope neuron 073	hemibrain	PS073		PS073				
FBbt:20001830	adult posterior slope neuron 075	hemibrain	PS075		PS075				
FBbt:20001832	adult posterior slope neuron 077	hemibrain	PS077		PS077			PS077	
FBbt:20001836	adult posterior slope neuron 081	hemibrain	PS081	PS081	PS081			PS081	
FBbt:20001837	adult posterior slope neuron 082	hemibrain	PS082	PS082	PS082			PS082	PS082
FBbt:20001839	adult posterior slope neuron 084	hemibrain	PS084	PS084	PS084			PS084	PS084
FBbt:20001840	adult posterior slope neuron 085	hemibrain	PS085		PS085			PS085	
FBbt:20001856	adult posterior slope neuron 101	hemibrain	PS101		PS101			PS101	
FBbt:20001857	adult posterior slope neuron 102	hemibrain	PS102		PS102				
FBbt:20001865	adult posterior slope neuron 110	hemibrain	PS110		PS110			PS110	
FBbt:20001874	adult posterior slope neuron 119	hemibrain	PS119		PS119				
FBbt:20001875	adult posterior slope neuron 120	hemibrain	PS120		PS120				
FBbt:20001876	adult posterior slope neuron 121	hemibrain	PS121		PS121				
FBbt:20001877	adult posterior slope neuron 122	hemibrain	PS122		PS122				
FBbt:20001883	adult posterior slope neuron 128	hemibrain	PS128		PS128				
FBbt:20001886	adult posterior slope neuron 131	hemibrain	PS131		PS131				PS131
FBbt:20001894	adult posterior slope neuron 139	hemibrain	PS139	PPM1204	PS139			PS139	PPM1204
FBbt:20001896	adult posterior slope neuron 141	hemibrain	PS141	PS141	PS141			PS141	PS141
FBbt:20001897	adult posterior slope neuron 142	hemibrain	PS142		PS142			PS142	
FBbt:20001898	adult posterior slope neuron 143	hemibrain	PS143	PS143	PS143			PS143	PS143
FBbt:20001899	adult posterior slope neuron 144	hemibrain	PS144		PS144				
FBbt:20001900	adult posterior slope neuron 145	hemibrain	PS145		PS145				
FBbt:20001902	adult posterior slope neuron 147	hemibrain	PS147		PS147				
FBbt:20001903	adult posterior slope neuron 148	hemibrain	PS148		PS148			PS148	
FBbt:20001904	adult posterior slope neuron 149	hemibrain	PS149		PS149			PS149	
FBbt:20001906	adult posterior slope neuron 151	hemibrain	PS151		PS151				
FBbt:20001907	adult posterior slope neuron 152	hemibrain	PS152		PS152				
FBbt:20001909	adult posterior slope neuron 154	hemibrain	PS154		PS154				
FBbt:20001917	adult posterior slope neuron 162	hemibrain	PS162		PS162				
FBbt:20001919	adult posterior slope neuron 164	hemibrain	PS164	PS164	PS164			PS164	PS164
FBbt:20001920	adult posterior slope neuron 165	hemibrain	PS165		PS165				
FBbt:20001939	adult posterior slope neuron 184	hemibrain	PS184	PS184	PS184				PS184
FBbt:20001944	adult posterior slope neuron 189	hemibrain	PS189		PS189				
FBbt:20001945	adult posterior slope neuron 190	hemibrain	PS190		PS190				
FBbt:20001952	adult posterior slope neuron 197	hemibrain	PS197	PS197	PS197			PS197	PS197
FBbt:20001956	adult posterior slope neuron 201	hemibrain	PS201		PS201			PS201	
FBbt:20001959	adult posterior slope neuron 204	hemibrain	PS204		PS204				PS204
FBbt:20001960	adult posterior slope neuron 205	hemibrain	PS205		PS205				
FBbt:20001961	adult posterior slope neuron 206	hemibrain	PS206		PS206			PS206	
FBbt:20001962	adult posterior slope neuron 207	hemibrain	PS207		PS207				
FBbt:20001973	adult posterior slope neuron 218	hemibrain	PS218		PS218				
FBbt:20001974	adult posterior slope neuron 219	hemibrain	PS219		PS219				
FBbt:20001978	adult posterior slope neuron 223	hemibrain	PS223		PS223				
FBbt:20001984	adult posterior slope neuron 229	hemibrain	PS229		PS229			PS229	
FBbt:20001985	adult posterior slope neuron 230	hemibrain	PS230		PS230			PS230	PS230
FBbt:20001990	adult posterior slope neuron 235	hemibrain	PS235	PS235	PS235				PS235
FBbt:20001995	adult posterior slope neuron 240	hemibrain	PS240	PS240	PS240			PS240	PS240
FBbt:20001998	adult posterior slope neuron 243	hemibrain	PS243		PS243				
FBbt:20001999	adult posterior slope neuron 244	hemibrain	PS244		PS244				
FBbt:20002000	adult posterior slope neuron 245	hemibrain	PS245		PS245				
FBbt:20002001	adult posterior slope neuron 246	hemibrain	PS246		PS246		PS246	PS246	
FBbt:20002005	adult posterior slope neuron 250	hemibrain	PS250		PS250				
FBbt:20002009	adult posterior slope neuron 254	hemibrain	PS254		PS254				
FBbt:20002010	adult posterior slope neuron 255	hemibrain	PS255		PS255				
FBbt:20002011	adult posterior slope neuron 256	hemibrain	PS256		PS256				PS256
FBbt:20002012	adult posterior slope neuron 257	hemibrain	PS257		PS257				PS257
FBbt:20002013	adult posterior slope neuron 258	hemibrain	PS258		PS258			PS258	
FBbt:20002014	adult posterior slope neuron 259	hemibrain	PS259		PS259				
FBbt:20002019	adult posterior slope neuron 264	hemibrain	PS264		PS264				
FBbt:20002021	adult posterior slope neuron 266	hemibrain	PS266		PS266				
FBbt:20002022	adult posterior slope neuron 267	hemibrain	PS267	PS267	PS267			PS267	PS267
FBbt:20002023	adult posterior slope neuron 268	hemibrain	PS268	PS268	PS268			PS268	PS268
FBbt:20002024	adult posterior slope neuron 269	hemibrain	PS269	PS269	PS269			PS269	PS269
FBbt:20002025	adult posterior slope neuron 270	hemibrain	PS270		PS270			PS270	PS270
FBbt:20002027	adult posterior slope neuron 272	hemibrain	PS272		PS272		PS272	PS272	
FBbt:20002033	adult posterior slope neuron 278	hemibrain	PS278		PS278			PS278	
FBbt:20002036	adult posterior slope neuron 281	hemibrain	PS281		PS281			PS281	
FBbt:20002037	adult posterior slope neuron 282	hemibrain	PS282		PS282			PS282	
FBbt:20002038	adult posterior slope neuron 283	hemibrain	PS283		PS283			PS283	
FBbt:20002039	adult posterior slope neuron 284	hemibrain	PS284		PS284			PS284	
FBbt:20002040	adult posterior slope neuron 285	hemibrain	PS285		PS285			PS285	
FBbt:20002041	adult posterior slope neuron 286	hemibrain	PS286		PS286			PS286	
FBbt:20002042	adult posterior slope neuron 287	hemibrain	PS287		PS287				
FBbt:20002043	adult posterior slope neuron 288	hemibrain	PS288		PS288				
FBbt:20002044	adult posterior slope neuron 289	hemibrain	PS289	PS289	PS289				PS289
FBbt:20002045	adult posterior slope neuron 290	hemibrain	PS290		PS290				
FBbt:20002049	adult posterior slope neuron 294	hemibrain	PS294		PS294				
FBbt:20002050	adult posterior slope neuron 295	hemibrain	PS295		PS295				
FBbt:20002053	adult posterior slope neuron 298	hemibrain	PS298		PS298				
FBbt:20002057	adult posterior slope neuron 302	hemibrain	PS302		PS302				
FBbt:20002062	adult posterior ventrolateral protocerebrum neuron 004	hemibrain	PVLP004	PVLP004	PVLP004			PVLP004	PVLP004
FBbt:20002063	adult posterior ventrolateral protocerebrum neuron 005	hemibrain	PVLP005		PVLP005			PVLP005	
FBbt:20002081	adult posterior ventrolateral protocerebrum neuron 023	hemibrain	PVLP023		PVLP023				
FBbt:20002084	adult posterior ventrolateral protocerebrum neuron 026	hemibrain	PVLP026	PVLP026	PVLP026			PVLP026	PVLP026
FBbt:20002087	adult posterior ventrolateral protocerebrum neuron 029	hemibrain	PVLP029		PVLP029				PVLP029
FBbt:20002089	adult posterior ventrolateral protocerebrum neuron 031	hemibrain	PVLP031		PVLP031			PVLP031	
FBbt:20002090	adult posterior ventrolateral protocerebrum neuron 032	hemibrain	PVLP032		PVLP032				
FBbt:20002092	adult posterior ventrolateral protocerebrum neuron 034	hemibrain	PVLP034		PVLP034			PVLP034	PVLP034
FBbt:20002093	adult posterior ventrolateral protocerebrum neuron 035	hemibrain	PVLP035		PVLP035				
FBbt:20002096	adult posterior ventrolateral protocerebrum neuron 038	hemibrain	PVLP038		PVLP038				
FBbt:20002097	adult posterior ventrolateral protocerebrum neuron 039	hemibrain	PVLP039		PVLP039				
FBbt:20002098	adult posterior ventrolateral protocerebrum neuron 040	hemibrain	PVLP040		PVLP040				
FBbt:20002099	adult posterior ventrolateral protocerebrum neuron 041	hemibrain	PVLP041		PVLP041				PVLP041
FBbt:20002100	adult posterior ventrolateral protocerebrum neuron 042	hemibrain	PVLP042		PVLP042				
FBbt:20002101	adult posterior ventrolateral protocerebrum neuron 043	hemibrain	PVLP043		PVLP043				PVLP043
FBbt:20002102	adult posterior ventrolateral protocerebrum neuron 044	hemibrain	PVLP044		PVLP044				
FBbt:20002103	adult posterior ventrolateral protocerebrum neuron 045	hemibrain	PVLP045		PVLP045				
FBbt:20002105	adult posterior ventrolateral protocerebrum neuron 047	hemibrain	PVLP047		PVLP047			PVLP047	
FBbt:20002108	adult posterior ventrolateral protocerebrum neuron 050	hemibrain	PVLP050		PVLP050				
FBbt:20002109	adult posterior ventrolateral protocerebrum neuron 051	hemibrain	PVLP051		PVLP051				
FBbt:20002110	adult posterior ventrolateral protocerebrum neuron 052	hemibrain	PVLP052		PVLP052				
FBbt:20002111	adult posterior ventrolateral protocerebrum neuron 053	hemibrain	PVLP053		PVLP053				
FBbt:20002112	adult posterior ventrolateral protocerebrum neuron 054	hemibrain	PVLP054		PVLP054				
FBbt:20002113	adult posterior ventrolateral protocerebrum neuron 055	hemibrain	PVLP055		PVLP055				
FBbt:20002114	adult posterior ventrolateral protocerebrum neuron 056	hemibrain	PVLP056		PVLP056				
FBbt:20002115	adult posterior ventrolateral protocerebrum neuron 057	hemibrain	PVLP057		PVLP057				
FBbt:20002116	adult posterior ventrolateral protocerebrum neuron 058	hemibrain	PVLP058		PVLP058				
FBbt:20002117	adult posterior ventrolateral protocerebrum neuron 059	hemibrain	PVLP059		PVLP059				
FBbt:20002121	adult posterior ventrolateral protocerebrum neuron 063	hemibrain	PVLP063		PVLP063			PVLP063	
FBbt:20002122	adult posterior ventrolateral protocerebrum neuron 064	hemibrain	PVLP064		PVLP064			PVLP064	
FBbt:20002124	adult posterior ventrolateral protocerebrum neuron 066	hemibrain	PVLP066		PVLP066			PVLP066	
FBbt:20002125	adult posterior ventrolateral protocerebrum neuron 067	hemibrain	PVLP067		PVLP067				PVLP067
FBbt:20002126	adult posterior ventrolateral protocerebrum neuron 068	hemibrain	PVLP068		PVLP068			PVLP068	
FBbt:20002129	adult posterior ventrolateral protocerebrum neuron 071	hemibrain	PVLP071		PVLP071			PVLP071	
FBbt:20002130	adult posterior ventrolateral protocerebrum neuron 072	hemibrain	PVLP072		PVLP072			PVLP072	
FBbt:20002131	adult posterior ventrolateral protocerebrum neuron 073	hemibrain	PVLP073		PVLP073			PVLP073	
FBbt:20002133	adult posterior ventrolateral protocerebrum neuron 075	hemibrain	PVLP075		PVLP075			PVLP075	
FBbt:20002135	adult posterior ventrolateral protocerebrum neuron 077	hemibrain	PVLP077		PVLP077				
FBbt:20002136	adult posterior ventrolateral protocerebrum neuron 078	hemibrain	PVLP078		PVLP078			PVLP078	
FBbt:20002137	adult posterior ventrolateral protocerebrum neuron 079	hemibrain	PVLP079		PVLP079			PVLP079	
FBbt:20002141	adult posterior ventrolateral protocerebrum neuron 083	hemibrain	PVLP083		PVLP083				
FBbt:20002143	adult posterior ventrolateral protocerebrum neuron 085	hemibrain	PVLP085		PVLP085			PVLP085	
FBbt:20002144	adult posterior ventrolateral protocerebrum neuron 086	hemibrain	PVLP086	PVLP086	PVLP086			PVLP086	PVLP086
FBbt:20002145	adult posterior ventrolateral protocerebrum neuron 087	hemibrain	PVLP087		PVLP087				
FBbt:20002149	adult posterior ventrolateral protocerebrum neuron 091	hemibrain	PVLP091		PVLP091				
FBbt:20002168	adult posterior ventrolateral protocerebrum neuron 110	hemibrain	PVLP110		PVLP110			PVLP110	
FBbt:20002183	adult posterior ventrolateral protocerebrum neuron 125	hemibrain	PVLP125		PVLP125			PVLP125	
FBbt:20002184	adult posterior ventrolateral protocerebrum neuron 126	hemibrain	PVLP126		PVLP126			PVLP126_b	
FBbt:20002185	adult posterior ventrolateral protocerebrum neuron 127	hemibrain	PVLP127		PVLP127			PVLP127	
FBbt:20002187	adult posterior ventrolateral protocerebrum neuron 129	hemibrain	PVLP129		PVLP129				
FBbt:20002189	adult posterior ventrolateral protocerebrum neuron 131	hemibrain	PVLP131		PVLP131			PVLP131	
FBbt:20002200	adult posterior ventrolateral protocerebrum neuron 142	hemibrain	PVLP142		PVLP142				
FBbt:20002205	adult posterior ventrolateral protocerebrum neuron 147	hemibrain	PVLP147		PVLP147				
FBbt:20002210	adult saddle neuron 001	hemibrain	SAD001		SAD001			SAD001	
FBbt:20002211	adult saddle neuron 002	hemibrain	SAD002		SAD002				
FBbt:20002212	adult saddle neuron 003	hemibrain	SAD003	SAD003	SAD003			SAD003	SAD003
FBbt:20002213	adult saddle neuron 004	hemibrain	SAD004		SAD004			SAD004	
FBbt:20002214	adult saddle neuron 005	hemibrain	SAD005	SAD005	SAD005			SAD005	SAD005
FBbt:20002215	adult saddle neuron 006	hemibrain	SAD006		SAD006			SAD006	
FBbt:20002220	adult saddle neuron 011	hemibrain	SAD011	SAD011	SAD011			SAD011	SAD011
FBbt:20002224	adult saddle neuron 015	hemibrain	SAD015	SAD015	SAD015				SAD015
FBbt:20002227	adult saddle neuron 018	hemibrain	SAD018		SAD018				
FBbt:20002228	adult saddle neuron 019	hemibrain	SAD019		SAD019			SAD019	
FBbt:20002229	adult saddle neuron 020	hemibrain	SAD020		SAD020				
FBbt:20002230	adult saddle neuron 021	hemibrain	SAD021		SAD021_a|SAD021_b|SAD021_c			SAD021_a|SAD021_c|SAD021	
FBbt:20002231	adult saddle neuron 022	hemibrain	SAD022		SAD022				
FBbt:20002233	adult saddle neuron 024	hemibrain	SAD024		SAD024				
FBbt:20002234	adult saddle neuron 025	hemibrain	SAD025		SAD025				
FBbt:20002235	adult saddle neuron 026	hemibrain	SAD026		SAD026				
FBbt:20002236	adult saddle neuron 027	hemibrain	SAD027		SAD027				
FBbt:20002237	adult saddle neuron 028	hemibrain	SAD028		SAD028				
FBbt:20002238	adult saddle neuron 029	hemibrain	SAD029		SAD029				
FBbt:20002240	adult saddle neuron 031	hemibrain	SAD031		SAD031				
FBbt:20002241	adult saddle neuron 032	hemibrain	SAD032		SAD032				
FBbt:20002242	adult saddle neuron 033	hemibrain	SAD033		SAD033				
FBbt:20002246	adult saddle neuron 037	hemibrain	SAD037		SAD037				
FBbt:20002247	adult saddle neuron 038	hemibrain	SAD038		SAD038				
FBbt:20002251	adult saddle neuron 042	hemibrain	SAD042		SAD042				
FBbt:20002254	adult saddle neuron 045	hemibrain	SAD045	SAD045	SAD045			SAD045	SAD045
FBbt:20002255	adult saddle neuron 046	hemibrain	SAD046		SAD046			SAD046	
FBbt:20002257	adult saddle neuron 048	hemibrain	SAD048		SAD048				
FBbt:20002259	adult saddle neuron 050	hemibrain	SAD050		SAD050				
FBbt:20002260	adult saddle neuron 051	hemibrain	SAD051		SAD051_a|SAD051_b				
FBbt:20002261	adult saddle neuron 052	hemibrain	SAD052	SAD052	SAD052			SAD052	SAD052
FBbt:20002262	adult saddle neuron 053	hemibrain	SAD053	SAD053	SAD053			SAD053	SAD053
FBbt:20002263	adult saddle neuron 054	hemibrain	SAD054		SAD054				
FBbt:20002264	adult saddle neuron 055	hemibrain	SAD055		SAD055			SAD055	
FBbt:20002265	adult saddle neuron 056	hemibrain	SAD056		SAD056				
FBbt:20002266	adult saddle neuron 057	hemibrain	SAD057		SAD057			SAD057	
FBbt:20002267	adult saddle neuron 058	hemibrain	SAD058		SAD058				
FBbt:20002268	adult saddle neuron 059	hemibrain	SAD059		SAD059				
FBbt:20002269	adult saddle neuron 060	hemibrain	SAD060		SAD060				
FBbt:20002270	adult saddle neuron 061	hemibrain	SAD061		SAD061				
FBbt:20002271	adult saddle neuron 062	hemibrain	SAD062		SAD062				
FBbt:20002272	adult saddle neuron 063	hemibrain	SAD063		SAD063				
FBbt:20002273	adult saddle neuron 064	hemibrain	SAD064	SAD064	SAD064			SAD064	SAD064
FBbt:20002274	adult saddle neuron 065	hemibrain	SAD065		SAD065				
FBbt:20002275	adult saddle neuron 066	hemibrain	SAD066		SAD066				
FBbt:20002276	adult saddle neuron 067	hemibrain	SAD067		SAD067				
FBbt:20002277	adult saddle neuron 068	hemibrain	SAD068		SAD068				SAD068
FBbt:20002278	adult saddle neuron 069	hemibrain	SAD069		SAD069				SAD069
FBbt:20002282	adult saddle neuron 073	hemibrain	SAD073		SAD073			SAD073	
FBbt:20002286	adult saddle neuron 077	hemibrain	SAD077	SAD077	SAD077			SAD077	SAD077
FBbt:20002287	adult saddle neuron 078	hemibrain	SAD078		SAD078			SAD078	
FBbt:20002288	adult saddle neuron 079	hemibrain	SAD079		SAD079			SAD079	
FBbt:20002290	adult saddle neuron 081	hemibrain	SAD081		SAD081				
FBbt:20002292	adult saddle neuron 083	hemibrain	SAD083		SAD083				SAD083
FBbt:20002295	adult saddle neuron 086	hemibrain	SAD086		SAD086				
FBbt:20002296	adult saddle neuron 087	hemibrain	SAD087		SAD087				
FBbt:20002297	adult saddle neuron 088	hemibrain	SAD088		SAD088				SAD088
FBbt:20002298	adult saddle neuron 089	hemibrain	SAD089		SAD089				
FBbt:20002299	adult saddle neuron 090	hemibrain	SAD090		SAD090				SAD090
FBbt:20002300	adult saddle neuron 091	hemibrain	SAD091		SAD091			SAD091	
FBbt:20002301	adult saddle neuron 092	hemibrain	SAD092		SAD092			SAD092	
FBbt:20002305	adult superior intermediate protocerebrum neuron 001	hemibrain	SIP001		SIP001				
FBbt:20002306	adult superior intermediate protocerebrum neuron 002	hemibrain	SIP002		SIP002				
FBbt:20002307	adult superior intermediate protocerebrum neuron 003	hemibrain	SIP003		SIP003_a|SIP003_b			SIP003_a|SIP003_b	
FBbt:20002311	adult superior intermediate protocerebrum neuron 007	hemibrain	SIP007		SIP007			SIP007	
FBbt:20002312	adult superior intermediate protocerebrum neuron 008	hemibrain	SIP008		SIP008				
FBbt:20002313	adult superior intermediate protocerebrum neuron 009	hemibrain	SIP009		SIP009				
FBbt:20002314	adult superior intermediate protocerebrum neuron 010	hemibrain	SIP010		SIP010				
FBbt:20002318	adult superior intermediate protocerebrum neuron 014	hemibrain	SIP014	SIP014	SIP014				SIP014
FBbt:20002320	adult superior intermediate protocerebrum neuron 016	hemibrain	SIP016		SIP016				
FBbt:20002325	adult superior intermediate protocerebrum neuron 021	hemibrain	SIP021		SIP021				
FBbt:20002327	adult superior intermediate protocerebrum neuron 023	hemibrain	SIP023		SIP023				
FBbt:20002330	adult superior intermediate protocerebrum neuron 026	hemibrain	SIP026		SIP026			SIP026	
FBbt:20002334	adult superior intermediate protocerebrum neuron 030	hemibrain	SIP030		SIP030			SIP030	
FBbt:20002336	adult superior intermediate protocerebrum neuron 032	hemibrain	SIP032	SIP032	SIP032			SIP032	SIP032
FBbt:20002339	adult superior intermediate protocerebrum neuron 035	hemibrain	SIP035		SIP035				
FBbt:20002340	adult superior intermediate protocerebrum neuron 036	hemibrain	SIP036		SIP036				
FBbt:20002341	adult superior intermediate protocerebrum neuron 037	hemibrain	SIP037		SIP037			SIP037	
FBbt:20002342	adult superior intermediate protocerebrum neuron 038	hemibrain	SIP038		SIP038				
FBbt:20002343	adult superior intermediate protocerebrum neuron 039	hemibrain	SIP039		SIP039				
FBbt:20002344	adult superior intermediate protocerebrum neuron 040	hemibrain	SIP040		SIP040				
FBbt:20002346	adult superior intermediate protocerebrum neuron 042	hemibrain	SIP042		SIP042_a|SIP042_b			SIP042_a|SIP042_b	
FBbt:20002347	adult superior intermediate protocerebrum neuron 043	hemibrain	SIP043		SIP043				
FBbt:20002348	adult superior intermediate protocerebrum neuron 044	hemibrain	SIP044		SIP044				
FBbt:20002349	adult superior intermediate protocerebrum neuron 045	hemibrain	SIP045		SIP045			SIP045	
FBbt:20002352	adult superior intermediate protocerebrum neuron 048	hemibrain	SIP048	SIP048	SIP048			SIP048	SIP048
FBbt:20002353	adult superior intermediate protocerebrum neuron 049	hemibrain	SIP049		SIP049			SIP049	
FBbt:20002354	adult superior intermediate protocerebrum neuron 050	hemibrain	SIP050		SIP050				
FBbt:20002355	adult superior intermediate protocerebrum neuron 051	hemibrain	SIP051		SIP051			SIP051	
FBbt:20002358	adult superior intermediate protocerebrum neuron 054	hemibrain	SIP054		SIP054			SIP054	
FBbt:20002359	adult superior intermediate protocerebrum neuron 055	hemibrain	SIP055	SIP055	SIP055				SIP055
FBbt:20002360	adult superior intermediate protocerebrum neuron 056	hemibrain	SIP056		SIP056				
FBbt:20002361	adult superior intermediate protocerebrum neuron 057	hemibrain	SIP057	SIP057	SIP057			SIP057	SIP057
FBbt:20002363	adult superior intermediate protocerebrum neuron 059	hemibrain	SIP059		SIP059				
FBbt:20002364	adult superior intermediate protocerebrum neuron 060	hemibrain	SIP060		SIP060				
FBbt:20002366	adult superior intermediate protocerebrum neuron 062	hemibrain	SIP062	LTe68	SIP062			LoVP80|LoVP84	LTe68
FBbt:20002367	adult superior intermediate protocerebrum neuron 063	hemibrain	SIP063		SIP063				
FBbt:20002372	adult superior intermediate protocerebrum neuron 068	hemibrain	SIP068		SIP068				
FBbt:20002374	adult superior intermediate protocerebrum neuron 070	hemibrain	SIP070		SIP070			SIP070	
FBbt:20002375	adult superior intermediate protocerebrum neuron 071	hemibrain	SIP071		SIP071			SIP071	
FBbt:20002376	adult superior intermediate protocerebrum neuron 072	hemibrain	SIP072		SIP072				
FBbt:20002378	adult superior intermediate protocerebrum neuron 074	hemibrain	SIP074		SIP074				
FBbt:20002379	adult superior intermediate protocerebrum neuron 075	hemibrain	SIP075		SIP075			SIP075	
FBbt:20002381	adult superior intermediate protocerebrum neuron 077	hemibrain	SIP077		SIP077			SIP077	
FBbt:20002382	adult superior intermediate protocerebrum neuron 078	hemibrain	SIP078	SIP078	SIP078			SIP078	SIP078
FBbt:20002383	adult superior intermediate protocerebrum neuron 079	hemibrain	SIP079		SIP079				SIP079
FBbt:20002384	adult superior intermediate protocerebrum neuron 080	hemibrain	SIP080		SIP080			SIP080	
FBbt:20002386	adult superior intermediate protocerebrum neuron 082	hemibrain	SIP082		SIP082				
FBbt:20002387	adult superior intermediate protocerebrum neuron 083	hemibrain	SIP083		SIP083				
FBbt:20002388	adult superior intermediate protocerebrum neuron 084	hemibrain	SIP084		SIP084				
FBbt:20002389	adult superior intermediate protocerebrum neuron 085	hemibrain	SIP085		SIP085				
FBbt:20002396	adult superior lateral protocerebrum neuron 002	hemibrain	SLP002		SLP002			SLP002	
FBbt:20002403	adult superior lateral protocerebrum neuron 009	hemibrain	SLP009		SLP009				
FBbt:20002404	adult superior lateral protocerebrum neuron 010	hemibrain	SLP010		SLP010				
FBbt:20002407	adult superior lateral protocerebrum neuron 013	hemibrain	SLP013		SLP013				
FBbt:20002408	adult superior lateral protocerebrum neuron 014	hemibrain	SLP014		SLP014				
FBbt:20002409	adult superior lateral protocerebrum neuron 015	hemibrain	SLP015		SLP015_a|SLP015_b|SLP015_c|SLP015_d|SLP015_e			SLP015_c	
FBbt:20002412	adult superior lateral protocerebrum neuron 018	hemibrain	SLP018		SLP018			SLP018	
FBbt:20002414	adult superior lateral protocerebrum neuron 020	hemibrain	SLP020		SLP020				
FBbt:20002415	adult superior lateral protocerebrum neuron 021	hemibrain	SLP021		SLP021			SLP021	
FBbt:20002416	adult superior lateral protocerebrum neuron 022	hemibrain	SLP022		SLP022			SLP022	
FBbt:20002417	adult superior lateral protocerebrum neuron 023	hemibrain	SLP023		SLP023				
FBbt:20002423	adult superior lateral protocerebrum neuron 029	hemibrain	SLP029		SLP029				
FBbt:20002429	adult superior lateral protocerebrum neuron 035	hemibrain	SLP035	SLP035	SLP035			SLP035	SLP035
FBbt:20002430	adult superior lateral protocerebrum neuron 036	hemibrain	SLP036	SLP036	SLP036			SLP036	SLP036
FBbt:20002431	adult superior lateral protocerebrum neuron 037	hemibrain	SLP037		SLP037				
FBbt:20002432	adult superior lateral protocerebrum neuron 038	hemibrain	SLP038		SLP038			SLP038	
FBbt:20002433	adult superior lateral protocerebrum neuron 039	hemibrain	SLP039		SLP039				
FBbt:20002434	adult superior lateral protocerebrum neuron 040	hemibrain	SLP040		SLP040			SLP040	
FBbt:20002435	adult superior lateral protocerebrum neuron 041	hemibrain	SLP041	SLP041	SLP041			SLP041	SLP041
FBbt:20002436	adult superior lateral protocerebrum neuron 042	hemibrain	SLP042		SLP042			SLP042	
FBbt:20002437	adult superior lateral protocerebrum neuron 043	hemibrain	SLP043		SLP043			SLP043	
FBbt:20002438	adult superior lateral protocerebrum neuron 044	hemibrain	SLP044		SLP044_a|SLP044_b|SLP044_c|SLP044_d|SLP044_e			SLP044_d	
FBbt:20002439	adult superior lateral protocerebrum neuron 045	hemibrain	SLP045		SLP045				
FBbt:20002440	adult superior lateral protocerebrum neuron 046	hemibrain	SLP046		SLP046			SLP046	
FBbt:20002443	adult superior lateral protocerebrum neuron 049	hemibrain	SLP049		SLP049				
FBbt:20002444	adult superior lateral protocerebrum neuron 050	hemibrain	SLP050		SLP050				
FBbt:20002445	adult superior lateral protocerebrum neuron 051	hemibrain	SLP051		SLP051				
FBbt:20002446	adult superior lateral protocerebrum neuron 052	hemibrain	SLP052		SLP052				
FBbt:20002447	adult superior lateral protocerebrum neuron 053	hemibrain	SLP053		SLP053				
FBbt:20002448	adult superior lateral protocerebrum neuron 054	hemibrain	SLP054		SLP054				
FBbt:20002449	adult superior lateral protocerebrum neuron 055	hemibrain	SLP055		SLP055				
FBbt:20002452	adult superior lateral protocerebrum neuron 058	hemibrain	SLP058		SLP058			SLP058	
FBbt:20002457	adult superior lateral protocerebrum neuron 063	hemibrain	SLP063		SLP063				
FBbt:20002472	adult superior lateral protocerebrum neuron 078	hemibrain	SLP078		SLP078			SLP078	
FBbt:20002475	adult superior lateral protocerebrum neuron 081	hemibrain	SLP081		SLP081			SLP081	
FBbt:20002476	adult superior lateral protocerebrum neuron 082	hemibrain	SLP082	SLP082	SLP082			SLP082	SLP082
FBbt:20002478	adult superior lateral protocerebrum neuron 084	hemibrain	SLP084		SLP084				
FBbt:20002479	adult superior lateral protocerebrum neuron 085	hemibrain	SLP085		SLP085			SLP085	
FBbt:20002480	adult superior lateral protocerebrum neuron 086	hemibrain	SLP086		SLP086			SLP086	
FBbt:20002481	adult superior lateral protocerebrum neuron 087	hemibrain	SLP087		SLP087			SLP087	
FBbt:20002482	adult superior lateral protocerebrum neuron 088	hemibrain	SLP088	SLP088	SLP088				
FBbt:20002483	adult superior lateral protocerebrum neuron 089	hemibrain	SLP089		SLP089			SLP089	
FBbt:20002484	adult superior lateral protocerebrum neuron 090	hemibrain	SLP090		SLP090				
FBbt:20002485	adult superior lateral protocerebrum neuron 091	hemibrain	SLP091		SLP091				
FBbt:20002486	adult superior lateral protocerebrum neuron 092	hemibrain	SLP092		SLP092				
FBbt:20002487	adult superior lateral protocerebrum neuron 093	hemibrain	SLP093		SLP093				
FBbt:20002488	adult superior lateral protocerebrum neuron 094	hemibrain	SLP094		SLP094				
FBbt:20002489	adult superior lateral protocerebrum neuron 095	hemibrain	SLP095		SLP095				
FBbt:20002490	adult superior lateral protocerebrum neuron 096	hemibrain	SLP096		SLP096				
FBbt:20002491	adult superior lateral protocerebrum neuron 097	hemibrain	SLP097		SLP097				
FBbt:20002492	adult superior lateral protocerebrum neuron 098	hemibrain	SLP098	SLP098	SLP098			SLP098	SLP098
FBbt:20002493	adult superior lateral protocerebrum neuron 099	hemibrain	SLP099		SLP099			SLP099	
FBbt:20002494	adult superior lateral protocerebrum neuron 100	hemibrain	SLP100		SLP100				
FBbt:20002498	adult superior lateral protocerebrum neuron 104	hemibrain	SLP104	SLP104	SLP104			SLP104	SLP104
FBbt:20002499	adult superior lateral protocerebrum neuron 105	hemibrain	SLP105		SLP105			SLP105	
FBbt:20002501	adult superior lateral protocerebrum neuron 107	hemibrain	SLP107		SLP107				
FBbt:20002502	adult superior lateral protocerebrum neuron 108	hemibrain	SLP108		SLP108				
FBbt:20002503	adult superior lateral protocerebrum neuron 109	hemibrain	SLP109	SLP109	SLP109			SLP109	
FBbt:20002504	adult superior lateral protocerebrum neuron 110	hemibrain	SLP110		SLP110				
FBbt:20002505	adult superior lateral protocerebrum neuron 111	hemibrain	SLP111		SLP111_a|SLP111_b				
FBbt:20002506	adult superior lateral protocerebrum neuron 112	hemibrain	SLP112		SLP112			SLP112	
FBbt:20002507	adult superior lateral protocerebrum neuron 113	hemibrain	SLP113		SLP113			SLP113	
FBbt:20002508	adult superior lateral protocerebrum neuron 114	hemibrain	SLP114	SLP114	SLP114			SLP114	SLP114
FBbt:20002509	adult superior lateral protocerebrum neuron 115	hemibrain	SLP115		SLP115			SLP115	
FBbt:20002510	adult superior lateral protocerebrum neuron 116	hemibrain	SLP116		SLP116			SLP116	
FBbt:20002511	adult superior lateral protocerebrum neuron 117	hemibrain	SLP117		SLP117				
FBbt:20002515	adult superior lateral protocerebrum neuron 121	hemibrain	SLP121		SLP121				
FBbt:20002517	adult superior lateral protocerebrum neuron 123	hemibrain	SLP123		SLP123				
FBbt:20002518	adult superior lateral protocerebrum neuron 124	hemibrain	SLP124		SLP124				
FBbt:20002519	adult superior lateral protocerebrum neuron 125	hemibrain	SLP125		SLP125				
FBbt:20002521	adult superior lateral protocerebrum neuron 127	hemibrain	SLP127		SLP127				
FBbt:20002523	adult superior lateral protocerebrum neuron 129	hemibrain	SLP129		SLP129_a|SLP129_b|SLP129_c			SLP129_c	
FBbt:20002527	adult superior lateral protocerebrum neuron 133	hemibrain	SLP133		SLP133				
FBbt:20002529	adult superior lateral protocerebrum neuron 135	hemibrain	SLP135		SLP135				
FBbt:20002532	adult superior lateral protocerebrum neuron 138	hemibrain	SLP138		SLP138			SLP138	
FBbt:20002533	adult superior lateral protocerebrum neuron 139	hemibrain	SLP139		SLP139				
FBbt:20002534	adult superior lateral protocerebrum neuron 140	hemibrain	SLP140		SLP140				
FBbt:20002535	adult superior lateral protocerebrum neuron 141	hemibrain	SLP141	SLP141	SLP141			SLP141	SLP141
FBbt:20002536	adult superior lateral protocerebrum neuron 142	hemibrain	SLP142		SLP142			SLP142	
FBbt:20002537	adult superior lateral protocerebrum neuron 143	hemibrain	SLP143		SLP143				
FBbt:20002538	adult superior lateral protocerebrum neuron 144	hemibrain	SLP144		SLP144				
FBbt:20002539	adult superior lateral protocerebrum neuron 145	hemibrain	SLP145		SLP145				
FBbt:20002540	adult superior lateral protocerebrum neuron 146	hemibrain	SLP146		SLP146				
FBbt:20002541	adult superior lateral protocerebrum neuron 147	hemibrain	SLP147		SLP147				
FBbt:20002542	adult superior lateral protocerebrum neuron 148	hemibrain	SLP148		SLP148				
FBbt:20002548	adult superior lateral protocerebrum neuron 154	hemibrain	SLP154		SLP154				
FBbt:20002550	adult superior lateral protocerebrum neuron 156	hemibrain	SLP156		SLP156				
FBbt:20002555	adult superior lateral protocerebrum neuron 161	hemibrain	SLP161		SLP161				
FBbt:20002557	adult superior lateral protocerebrum neuron 163	hemibrain	SLP163		SLP163				
FBbt:20002558	adult superior lateral protocerebrum neuron 164	hemibrain	SLP164		SLP164_a|SLP164_b			SLP164	
FBbt:20002559	adult superior lateral protocerebrum neuron 165	hemibrain	SLP165		SLP165				
FBbt:20002560	adult superior lateral protocerebrum neuron 166	hemibrain	SLP166		SLP166				
FBbt:20002561	adult superior lateral protocerebrum neuron 167	hemibrain	SLP167		SLP167				
FBbt:20002562	adult superior lateral protocerebrum neuron 168	hemibrain	SLP168		SLP168			SLP168	
FBbt:20002565	adult superior lateral protocerebrum neuron 171	hemibrain	SLP171		SLP171			SLP171	
FBbt:20002566	adult superior lateral protocerebrum neuron 172	hemibrain	SLP172		SLP172				
FBbt:20002567	adult superior lateral protocerebrum neuron 173	hemibrain	SLP173		SLP173			SLP173	
FBbt:20002568	adult superior lateral protocerebrum neuron 174	hemibrain	SLP174		SLP174				
FBbt:20002569	adult superior lateral protocerebrum neuron 175	hemibrain	SLP175		SLP175				
FBbt:20002570	adult superior lateral protocerebrum neuron 176	hemibrain	SLP176		SLP176			SLP176	
FBbt:20002571	adult superior lateral protocerebrum neuron 177	hemibrain	SLP177		SLP177_a|SLP177_b				
FBbt:20002572	adult superior lateral protocerebrum neuron 178	hemibrain	SLP178		SLP178			SLP178	
FBbt:20002573	adult superior lateral protocerebrum neuron 179	hemibrain	SLP179		SLP179_a|SLP179_b			SLP179_b	
FBbt:20002574	adult superior lateral protocerebrum neuron 180	hemibrain	SLP180		SLP180				
FBbt:20002575	adult superior lateral protocerebrum neuron 181	hemibrain	SLP181		SLP181				
FBbt:20002576	adult superior lateral protocerebrum neuron 182	hemibrain	SLP182		SLP182_a|SLP182_b|SLP182_c				
FBbt:20002577	adult superior lateral protocerebrum neuron 183	hemibrain	SLP183		SLP183			SLP183	
FBbt:20002579	adult superior lateral protocerebrum neuron 185	hemibrain	SLP185		SLP185				
FBbt:20002580	adult superior lateral protocerebrum neuron 186	hemibrain	SLP186		SLP186			SLP186	
FBbt:20002581	adult superior lateral protocerebrum neuron 187	hemibrain	SLP187		SLP187			SLP187	
FBbt:20002584	adult superior lateral protocerebrum neuron 190	hemibrain	SLP190		SLP190				
FBbt:20002585	adult superior lateral protocerebrum neuron 191	hemibrain	SLP191		SLP191				
FBbt:20002586	adult superior lateral protocerebrum neuron 192	hemibrain	SLP192		SLP192				
FBbt:20002587	adult superior lateral protocerebrum neuron 193	hemibrain	SLP193		SLP193_a|SLP193_b				
FBbt:20002588	adult superior lateral protocerebrum neuron 194	hemibrain	SLP194		SLP194				
FBbt:20002589	adult superior lateral protocerebrum neuron 195	hemibrain	SLP195		SLP195				
FBbt:20002590	adult superior lateral protocerebrum neuron 196	hemibrain	SLP196		SLP196				
FBbt:20002591	adult superior lateral protocerebrum neuron 197	hemibrain	SLP197		SLP197				
FBbt:20002592	adult superior lateral protocerebrum neuron 198	hemibrain	SLP198		SLP198			SLP198	
FBbt:20002593	adult superior lateral protocerebrum neuron 199	hemibrain	SLP199		SLP199			SLP199	
FBbt:20002594	adult superior lateral protocerebrum neuron 200	hemibrain	SLP200		SLP200				
FBbt:20002595	adult superior lateral protocerebrum neuron 201	hemibrain	SLP201		SLP201				
FBbt:20002597	adult superior lateral protocerebrum neuron 203	hemibrain	SLP203		SLP203				
FBbt:20002599	adult superior lateral protocerebrum neuron 205	hemibrain	SLP205		SLP205				
FBbt:20002611	adult superior lateral protocerebrum neuron 217	hemibrain	SLP217		SLP217			SLP217	
FBbt:20002612	adult superior lateral protocerebrum neuron 218	hemibrain	SLP218		SLP218				
FBbt:20002614	adult superior lateral protocerebrum neuron 220	hemibrain	SLP220		SLP220				
FBbt:20002619	adult superior lateral protocerebrum neuron 225	hemibrain	SLP225		SLP225				
FBbt:20002623	adult superior lateral protocerebrum neuron 229	hemibrain	SLP229		SLP229			SLP229	
FBbt:20002626	adult superior lateral protocerebrum neuron 232	hemibrain	SLP232		SLP232				
FBbt:20002634	adult superior lateral protocerebrum neuron 240	hemibrain	SLP240		SLP240_a|SLP240_b|SLP240_c			SLP240_a|SLP240_b	
FBbt:20002639	adult superior lateral protocerebrum neuron 245	hemibrain	SLP245		SLP245			SLP245	
FBbt:20002645	adult superior lateral protocerebrum neuron 251	hemibrain	SLP251		SLP251			SLP251	
FBbt:20002646	adult superior lateral protocerebrum neuron 252	hemibrain	SLP252		SLP252				
FBbt:20002647	adult superior lateral protocerebrum neuron 253	hemibrain	SLP253		SLP253				
FBbt:20002648	adult superior lateral protocerebrum neuron 254	hemibrain	SLP254		SLP254				
FBbt:20002653	adult superior lateral protocerebrum neuron 259	hemibrain	SLP259		SLP259			SLP259	
FBbt:20002654	adult superior lateral protocerebrum neuron 260	hemibrain	SLP260		SLP260			SLP260	
FBbt:20002655	adult superior lateral protocerebrum neuron 261	hemibrain	SLP261	SLP261	SLP261				
FBbt:20002656	adult superior lateral protocerebrum neuron 262	hemibrain	SLP262		SLP262				
FBbt:20002657	adult superior lateral protocerebrum neuron 263	hemibrain	SLP263		SLP263				
FBbt:20002658	adult superior lateral protocerebrum neuron 264	hemibrain	SLP264		SLP264				
FBbt:20002660	adult superior lateral protocerebrum neuron 266	hemibrain	SLP266		SLP266			SLP266	
FBbt:20002661	adult superior lateral protocerebrum neuron 267	hemibrain	SLP267		SLP267			SLP267	
FBbt:20002662	adult superior lateral protocerebrum neuron 268	hemibrain	SLP268		SLP268			SLP268	
FBbt:20002665	adult superior lateral protocerebrum neuron 271	hemibrain	SLP271		SLP271			SLP271	
FBbt:20002666	adult superior lateral protocerebrum neuron 272	hemibrain	SLP272		SLP272				
FBbt:20002670	adult superior lateral protocerebrum neuron 276	hemibrain	SLP276		SLP276				
FBbt:20002671	adult superior lateral protocerebrum neuron 277	hemibrain	SLP277		SLP277				
FBbt:20002674	adult superior lateral protocerebrum neuron 280	hemibrain	SLP280		SLP280				SLP280
FBbt:20002676	adult superior lateral protocerebrum neuron 282	hemibrain	SLP282		SLP282				
FBbt:20002677	adult superior lateral protocerebrum neuron 283	hemibrain	SLP283		SLP283				
FBbt:20002678	adult superior lateral protocerebrum neuron 284	hemibrain	SLP284		SLP284				
FBbt:20002686	adult superior lateral protocerebrum neuron 292	hemibrain	SLP292		SLP292				
FBbt:20002687	adult superior lateral protocerebrum neuron 293	hemibrain	SLP293		SLP293				
FBbt:20002688	adult superior lateral protocerebrum neuron 294	hemibrain	SLP294		SLP294				
FBbt:20002690	adult superior lateral protocerebrum neuron 296	hemibrain	SLP296		SLP296				
FBbt:20002691	adult superior lateral protocerebrum neuron 297	hemibrain	SLP297		SLP297				
FBbt:20002693	adult superior lateral protocerebrum neuron 299	hemibrain	SLP299		SLP299				
FBbt:20002695	adult superior lateral protocerebrum neuron 301	hemibrain	SLP301		SLP301				
FBbt:20002697	adult superior lateral protocerebrum neuron 303	hemibrain	SLP303		SLP303				
FBbt:20002700	adult superior lateral protocerebrum neuron 306	hemibrain	SLP306		SLP306				
FBbt:20002703	adult superior lateral protocerebrum neuron 309	hemibrain	SLP309		SLP309				
FBbt:20002704	adult superior lateral protocerebrum neuron 310	hemibrain	SLP310		SLP310			SLP310	
FBbt:20002705	adult superior lateral protocerebrum neuron 311	hemibrain	SLP311		SLP311			SLP311	
FBbt:20002709	adult superior lateral protocerebrum neuron 315	hemibrain	SLP315		SLP315			SLP315	
FBbt:20002710	adult superior lateral protocerebrum neuron 316	hemibrain	SLP316		SLP316			SLP316	
FBbt:20002711	adult superior lateral protocerebrum neuron 317	hemibrain	SLP317	SLP317	SLP317				
FBbt:20002712	adult superior lateral protocerebrum neuron 318	hemibrain	SLP318		SLP318				
FBbt:20002714	adult superior lateral protocerebrum neuron 320	hemibrain	SLP320		SLP320			SLP320	
FBbt:20002716	adult superior lateral protocerebrum neuron 322	hemibrain	SLP322		SLP322			SLP322	
FBbt:20002717	adult superior lateral protocerebrum neuron 323	hemibrain	SLP323		SLP323				
FBbt:20002718	adult superior lateral protocerebrum neuron 324	hemibrain	SLP324		SLP324			SLP324	
FBbt:20002719	adult superior lateral protocerebrum neuron 325	hemibrain	SLP325		SLP325				
FBbt:20002720	adult superior lateral protocerebrum neuron 326	hemibrain	SLP326		SLP326				
FBbt:20002721	adult superior lateral protocerebrum neuron 327	hemibrain	SLP327	SLP327	SLP327			SLP327	SLP327
FBbt:20002722	adult superior lateral protocerebrum neuron 328	hemibrain	SLP328		SLP328			SLP328	
FBbt:20002723	adult superior lateral protocerebrum neuron 329	hemibrain	SLP329		SLP329				
FBbt:20002724	adult superior lateral protocerebrum neuron 330	hemibrain	SLP330		SLP330			SLP330	
FBbt:20002725	adult superior lateral protocerebrum neuron 331	hemibrain	SLP331		SLP331				
FBbt:20002726	adult superior lateral protocerebrum neuron 332	hemibrain	SLP332		SLP332				
FBbt:20002727	adult superior lateral protocerebrum neuron 333	hemibrain	SLP333		SLP333				
FBbt:20002728	adult superior lateral protocerebrum neuron 334	hemibrain	SLP334		SLP334			SLP334	
FBbt:20002729	adult superior lateral protocerebrum neuron 335	hemibrain	SLP335		SLP335				
FBbt:20002730	adult superior lateral protocerebrum neuron 336	hemibrain	SLP336		SLP336				
FBbt:20002731	adult superior lateral protocerebrum neuron 337	hemibrain	SLP337		SLP337			SLP337	SLP337
FBbt:20002732	adult superior lateral protocerebrum neuron 338	hemibrain	SLP338		SLP338				
FBbt:20002733	adult superior lateral protocerebrum neuron 339	hemibrain	SLP339		SLP339				
FBbt:20002735	adult superior lateral protocerebrum neuron 341	hemibrain	SLP341		SLP341				
FBbt:20002736	adult superior lateral protocerebrum neuron 342	hemibrain	SLP342		SLP342				
FBbt:20002737	adult superior lateral protocerebrum neuron 343	hemibrain	SLP343		SLP343				
FBbt:20002740	adult superior lateral protocerebrum neuron 346	hemibrain	SLP346		SLP346				
FBbt:20002741	adult superior lateral protocerebrum neuron 347	hemibrain	SLP347		SLP347			SLP347	
FBbt:20002742	adult superior lateral protocerebrum neuron 348	hemibrain	SLP348		SLP348				
FBbt:20002743	adult superior lateral protocerebrum neuron 349	hemibrain	SLP349		SLP349				
FBbt:20002744	adult superior lateral protocerebrum neuron 350	hemibrain	SLP350		SLP350				
FBbt:20002745	adult superior lateral protocerebrum neuron 351	hemibrain	SLP351		SLP351				
FBbt:20002746	adult superior lateral protocerebrum neuron 352	hemibrain	SLP352		SLP352				
FBbt:20002747	adult superior lateral protocerebrum neuron 353	hemibrain	SLP353		SLP353				
FBbt:20002748	adult superior lateral protocerebrum neuron 354	hemibrain	SLP354		SLP354			SLP354	
FBbt:20002754	adult superior lateral protocerebrum neuron 360	hemibrain	SLP360		SLP360			SLP360_b|SLP360_d|SLP360_c	
FBbt:20002755	adult superior lateral protocerebrum neuron 361	hemibrain	SLP361		SLP361			SLP361	
FBbt:20002756	adult superior lateral protocerebrum neuron 362	hemibrain	SLP362		SLP362				
FBbt:20002761	adult superior lateral protocerebrum neuron 367	hemibrain	SLP367		SLP367				
FBbt:20002763	adult superior lateral protocerebrum neuron 369	hemibrain	SLP369	SLP369	SLP369			SLP369	SLP369
FBbt:20002764	adult superior lateral protocerebrum neuron 370	hemibrain	SLP370		SLP370				
FBbt:20002765	adult superior lateral protocerebrum neuron 371	hemibrain	SLP371		SLP371				
FBbt:20002766	adult superior lateral protocerebrum neuron 372	hemibrain	SLP372		SLP372			SLP372	
FBbt:20002788	adult superior lateral protocerebrum neuron 394	hemibrain	SLP394		SLP394			SLP394	
FBbt:20002793	adult superior lateral protocerebrum neuron 399	hemibrain	SLP399		SLP399				
FBbt:20002795	adult superior lateral protocerebrum neuron 401	hemibrain	SLP401		SLP401				
FBbt:20002796	adult superior lateral protocerebrum neuron 402	hemibrain	SLP402		SLP402			SLP402_a|SLP402_b	
FBbt:20002801	adult superior lateral protocerebrum neuron 407	hemibrain	SLP407		SLP407				
FBbt:20002802	adult superior lateral protocerebrum neuron 408	hemibrain	SLP408		SLP408				
FBbt:20002803	adult superior lateral protocerebrum neuron 409	hemibrain	SLP409		SLP409				
FBbt:20002807	adult superior lateral protocerebrum neuron 413	hemibrain	SLP413		SLP413				
FBbt:20002808	adult superior lateral protocerebrum neuron 414	hemibrain	SLP414		SLP414			SLP414	
FBbt:20002809	adult superior lateral protocerebrum neuron 415	hemibrain	SLP415		SLP415				
FBbt:20002810	adult superior lateral protocerebrum neuron 416	hemibrain	SLP416		SLP416				
FBbt:20002811	adult superior lateral protocerebrum neuron 417	hemibrain	SLP417		SLP417				
FBbt:20002812	adult superior lateral protocerebrum neuron 418	hemibrain	SLP418		SLP418				
FBbt:20002813	adult superior lateral protocerebrum neuron 419	hemibrain	SLP419		SLP419				
FBbt:20002814	adult superior lateral protocerebrum neuron 420	hemibrain	SLP420		SLP420				
FBbt:20002816	adult superior lateral protocerebrum neuron 422	hemibrain	SLP422		SLP422				
FBbt:20002817	adult superior lateral protocerebrum neuron 423	hemibrain	SLP423		SLP423				
FBbt:20002818	adult superior lateral protocerebrum neuron 424	hemibrain	SLP424		SLP424			SLP424	
FBbt:20002819	adult superior lateral protocerebrum neuron 425	hemibrain	SLP425		SLP425				
FBbt:20002820	adult superior lateral protocerebrum neuron 426	hemibrain	SLP426		SLP426				
FBbt:20002821	adult superior lateral protocerebrum neuron 427	hemibrain	SLP427		SLP427				
FBbt:20002822	adult superior lateral protocerebrum neuron 428	hemibrain	SLP428		SLP428				
FBbt:20002823	adult superior lateral protocerebrum neuron 429	hemibrain	SLP429		SLP429			SLP429	
FBbt:20002824	adult superior lateral protocerebrum neuron 430	hemibrain	SLP430		SLP430				
FBbt:20002825	adult superior lateral protocerebrum neuron 431	hemibrain	SLP431		SLP431				
FBbt:20002826	adult superior lateral protocerebrum neuron 432	hemibrain	SLP432		SLP432_a|SLP432_b				
FBbt:20002828	adult superior lateral protocerebrum neuron 434	hemibrain	SLP434		SLP434				
FBbt:20002830	adult superior lateral protocerebrum neuron 436	hemibrain	SLP436		SLP436				
FBbt:20002839	adult superior lateral protocerebrum neuron 445	hemibrain	SLP445		SLP445				
FBbt:20002840	adult superior lateral protocerebrum neuron 446	hemibrain	SLP446		SLP446				
FBbt:20002846	adult superior lateral protocerebrum neuron 452	hemibrain	SLP452		SLP452				
FBbt:20002848	adult superior lateral protocerebrum neuron 454	hemibrain	SLP454		SLP454				
FBbt:20002854	adult superior lateral protocerebrum neuron 460	hemibrain	SLP460		SLP460			SLP460	
FBbt:20002855	adult superior lateral protocerebrum neuron 461	hemibrain	SLP461		SLP461			SLP461	
FBbt:20002860	adult superior lateral protocerebrum neuron 466	hemibrain	SLP466		SLP466			SLP466	
FBbt:20002862	adult superior lateral protocerebrum neuron 468	hemibrain	SLP468		SLP468				
FBbt:20002864	adult superior medial protocerebrum neuron 002	hemibrain	SMP002		SMP002			SMP002	
FBbt:20002865	adult superior medial protocerebrum neuron 003	hemibrain	SMP003	SMP003	SMP003				SMP003
FBbt:20002866	adult superior medial protocerebrum neuron 004	hemibrain	SMP004		SMP004			SMP004	
FBbt:20002867	adult superior medial protocerebrum neuron 005	hemibrain	SMP005		SMP005				
FBbt:20002869	adult superior medial protocerebrum neuron 007	hemibrain	SMP007		SMP007			SMP007	
FBbt:20002871	adult superior medial protocerebrum neuron 009	hemibrain	SMP009		SMP009			SMP009	
FBbt:20002879	adult superior medial protocerebrum neuron 017	hemibrain	SMP017	SMP017	SMP017			SMP017	
FBbt:20002885	adult superior medial protocerebrum neuron 023	hemibrain	SMP023		SMP023				
FBbt:20002886	adult superior medial protocerebrum neuron 024	hemibrain	SMP024		SMP024			SMP024	
FBbt:20002894	adult superior medial protocerebrum neuron 032	hemibrain	SMP032		SMP032				
FBbt:20002911	adult superior medial protocerebrum neuron 049	hemibrain	SMP049	SMP049	SMP049			SMP049	SMP049
FBbt:20002914	adult superior medial protocerebrum neuron 052	hemibrain	SMP052		SMP052			SMP052	
FBbt:20002922	adult superior medial protocerebrum neuron 060	hemibrain	SMP060	SMP060	SMP060				SMP060
FBbt:20002923	adult superior medial protocerebrum neuron 061	hemibrain	SMP061	SMP061	SMP061			SMP061	SMP061
FBbt:20002924	adult superior medial protocerebrum neuron 062	hemibrain	SMP062		SMP062				
FBbt:20002925	adult superior medial protocerebrum neuron 063	hemibrain	SMP063	SMP063	SMP063			SMP063	SMP063
FBbt:20002926	adult superior medial protocerebrum neuron 064	hemibrain	SMP064		SMP064			SMP064	
FBbt:20002932	adult superior medial protocerebrum neuron 070	hemibrain	SMP070		SMP070				
FBbt:20002933	adult superior medial protocerebrum neuron 071	hemibrain	SMP071		SMP071				
FBbt:20002934	adult superior medial protocerebrum neuron 072	hemibrain	SMP072		SMP072			SMP072	
FBbt:20002935	adult superior medial protocerebrum neuron 073	hemibrain	SMP073		SMP073				
FBbt:20002936	adult superior medial protocerebrum neuron 074	hemibrain	SMP074		SMP074				SMP074
FBbt:20002938	adult superior medial protocerebrum neuron 076	hemibrain	SMP076		SMP076			SMP076	
FBbt:20002940	adult superior medial protocerebrum neuron 078	hemibrain	SMP078		SMP078				
FBbt:20002944	adult superior medial protocerebrum neuron 082	hemibrain	SMP082		SMP082			SMP082	
FBbt:20002948	adult superior medial protocerebrum neuron 086	hemibrain	SMP086		SMP086			SMP086	
FBbt:20002950	adult superior medial protocerebrum neuron 088	hemibrain	SMP088		SMP088			SMP088	
FBbt:20002956	adult superior medial protocerebrum neuron 094	hemibrain	SMP094	SMP094	SMP094				
FBbt:20002959	adult superior medial protocerebrum neuron 097	hemibrain	SMP097		SMP097_a|SMP097_b				
FBbt:20002960	adult superior medial protocerebrum neuron 098	hemibrain	SMP098		SMP098_a|SMP098_b				
FBbt:20002961	adult superior medial protocerebrum neuron 099	hemibrain	SMP099		SMP099				
FBbt:20002962	adult superior medial protocerebrum neuron 100	hemibrain	SMP100		SMP100				
FBbt:20002963	adult superior medial protocerebrum neuron 101	hemibrain	SMP101		SMP101				
FBbt:20002966	adult superior medial protocerebrum neuron 104	hemibrain	SMP104		SMP104				
FBbt:20002967	adult superior medial protocerebrum neuron 105	hemibrain	SMP105		SMP105_a|SMP105_b			SMP105_b|SMP105_a	
FBbt:20002969	adult superior medial protocerebrum neuron 107	hemibrain	SMP107	SMP107	SMP107			SMP107	SMP107
FBbt:20002975	adult superior medial protocerebrum neuron 113	hemibrain	SMP113		SMP113				
FBbt:20002979	adult superior medial protocerebrum neuron 117	hemibrain	SMP117		SMP117_a|SMP117_b				
FBbt:20002980	adult superior medial protocerebrum neuron 118	hemibrain	SMP118		SMP118			SMP118	
FBbt:20002987	adult superior medial protocerebrum neuron 125	hemibrain	SMP125		SMP125			SMP125	
FBbt:20002988	adult superior medial protocerebrum neuron 126	hemibrain	SMP126		SMP126			SMP126	
FBbt:20002989	adult superior medial protocerebrum neuron 127	hemibrain	SMP127		SMP127				
FBbt:20002991	adult superior medial protocerebrum neuron 129	hemibrain	SMP129		SMP129				
FBbt:20002992	adult superior medial protocerebrum neuron 130	hemibrain	SMP130		SMP130			SMP130	
FBbt:20002993	adult superior medial protocerebrum neuron 131	hemibrain	SMP131		SMP131			SMP131	
FBbt:20002994	adult superior medial protocerebrum neuron 132	hemibrain	SMP132		SMP132			SMP132	
FBbt:20002995	adult superior medial protocerebrum neuron 133	hemibrain	SMP133		SMP133			SMP133	
FBbt:20002996	adult superior medial protocerebrum neuron 134	hemibrain	SMP134		SMP134			SMP134	
FBbt:20002997	adult superior medial protocerebrum neuron 135	hemibrain	SMP135		SMP135			SMP135	
FBbt:20002998	adult superior medial protocerebrum neuron 136	hemibrain	SMP136		SMP136			SMP136	
FBbt:20002999	adult superior medial protocerebrum neuron 137	hemibrain	SMP137		SMP137				
FBbt:20003000	adult superior medial protocerebrum neuron 138	hemibrain	SMP138	SMP138	SMP138			SMP138	SMP138
FBbt:20003001	adult superior medial protocerebrum neuron 139	hemibrain	SMP139		SMP139			SMP139	
FBbt:20003002	adult superior medial protocerebrum neuron 140	hemibrain	SMP140		SMP140				
FBbt:20003003	adult superior medial protocerebrum neuron 141	hemibrain	SMP141		SMP141				
FBbt:20003004	adult superior medial protocerebrum neuron 142	hemibrain	SMP142	SMP142	SMP142			SMP142	SMP142
FBbt:20003006	adult superior medial protocerebrum neuron 144	hemibrain	SMP144	SMP144	SMP144			SMP144	SMP144
FBbt:20003011	adult superior medial protocerebrum neuron 149	hemibrain	SMP149		SMP149				
FBbt:20003012	adult superior medial protocerebrum neuron 150	hemibrain	SMP150		SMP150			SMP150	
FBbt:20003016	adult superior medial protocerebrum neuron 154	hemibrain	SMP154		SMP154			SMP154	
FBbt:20003028	adult superior medial protocerebrum neuron 166	hemibrain	SMP166	SMP166	SMP166			SMP166	SMP166
FBbt:20003029	adult superior medial protocerebrum neuron 167	hemibrain	SMP167	SMP167	SMP167			SMP167	
FBbt:20003057	adult superior medial protocerebrum neuron 195	hemibrain	SMP195		SMP195_a|SMP195_b				
FBbt:20003058	adult superior medial protocerebrum neuron 196	hemibrain	SMP196		SMP196				
FBbt:20003059	adult superior medial protocerebrum neuron 197	hemibrain	SMP197		SMP197				
FBbt:20003067	adult superior medial protocerebrum neuron 205	hemibrain	SMP205		SMP205				
FBbt:20003068	adult superior medial protocerebrum neuron 206	hemibrain	SMP206	SMP206	SMP206			SMP206	SMP206
FBbt:20003071	adult superior medial protocerebrum neuron 209	hemibrain	SMP209		SMP209			SMP209	
FBbt:20003073	adult superior medial protocerebrum neuron 211	hemibrain	SMP211		SMP211				
FBbt:20003074	adult superior medial protocerebrum neuron 212	hemibrain	SMP212		SMP212				
FBbt:20003075	adult superior medial protocerebrum neuron 213	hemibrain	SMP213	SMP213	SMP213			SMP213	SMP213
FBbt:20003076	adult superior medial protocerebrum neuron 214	hemibrain	SMP214		SMP214			SMP214	
FBbt:20003078	adult superior medial protocerebrum neuron 216	hemibrain	SMP216		SMP216			SMP216	
FBbt:20003079	adult superior medial protocerebrum neuron 217	hemibrain	SMP217		SMP217		SMP217	SMP217	SMP217
FBbt:20003080	adult superior medial protocerebrum neuron 218	hemibrain	SMP218		SMP218			SMP218	
FBbt:20003081	adult superior medial protocerebrum neuron 219	hemibrain	SMP219		SMP219			SMP219	
FBbt:20003082	adult superior medial protocerebrum neuron 220	hemibrain	SMP220		SMP220			SMP220	
FBbt:20003083	adult superior medial protocerebrum neuron 221	hemibrain	SMP221		SMP221			SMP221	
FBbt:20003084	adult superior medial protocerebrum neuron 222	hemibrain	SMP222		SMP222			SMP222	
FBbt:20003085	adult superior medial protocerebrum neuron 223	hemibrain	SMP223		SMP223			SMP223	
FBbt:20003086	adult superior medial protocerebrum neuron 224	hemibrain	SMP224		SMP224				
FBbt:20003087	adult superior medial protocerebrum neuron 225	hemibrain	SMP225		SMP225				
FBbt:20003088	adult superior medial protocerebrum neuron 226	hemibrain	SMP226		SMP226			SMP226	
FBbt:20003089	adult superior medial protocerebrum neuron 227	hemibrain	SMP227		SMP227			SMP227	
FBbt:20003090	adult superior medial protocerebrum neuron 228	hemibrain	SMP228		SMP228			SMP228	
FBbt:20003092	adult superior medial protocerebrum neuron 230	hemibrain	SMP230		SMP230				
FBbt:20003093	adult superior medial protocerebrum neuron 231	hemibrain	SMP231		SMP231				
FBbt:20003094	adult superior medial protocerebrum neuron 232	hemibrain	SMP232		SMP232			SMP232	
FBbt:20003095	adult superior medial protocerebrum neuron 233	hemibrain	SMP233		SMP233				
FBbt:20003098	adult superior medial protocerebrum neuron 236	hemibrain	SMP236		SMP236			SMP236	
FBbt:20003104	adult superior medial protocerebrum neuron 242	hemibrain	SMP242		SMP242			SMP242	
FBbt:20003105	adult superior medial protocerebrum neuron 243	hemibrain	SMP243		SMP243			SMP243	
FBbt:20003106	adult superior medial protocerebrum neuron 244	hemibrain	SMP244		SMP244				
FBbt:20003109	adult superior medial protocerebrum neuron 247	hemibrain	SMP247		SMP247			SMP247	
FBbt:20003120	adult superior medial protocerebrum neuron 258	hemibrain	SMP258	SMP258	SMP258			SMP258	SMP258
FBbt:20003121	adult superior medial protocerebrum neuron 259	hemibrain	SMP259		SMP259				
FBbt:20003122	adult superior medial protocerebrum neuron 260	hemibrain	SMP260		SMP260				
FBbt:20003125	adult superior medial protocerebrum neuron 263	hemibrain	SMP263		SMP263				
FBbt:20003126	adult superior medial protocerebrum neuron 264	hemibrain	SMP264		SMP264				
FBbt:20003127	adult superior medial protocerebrum neuron 265	hemibrain	SMP265		SMP265				
FBbt:20003129	adult superior medial protocerebrum neuron 267	hemibrain	SMP267		SMP267			SMP267	
FBbt:20003130	adult superior medial protocerebrum neuron 268	hemibrain	SMP268		SMP268			SMP268	
FBbt:20003132	adult superior medial protocerebrum neuron 270	hemibrain	SMP270		SMP270			SMP270	
FBbt:20003136	adult superior medial protocerebrum neuron 274	hemibrain	SMP274		SMP274			SMP274	
FBbt:20003137	adult superior medial protocerebrum neuron 275	hemibrain	SMP275		SMP275			SMP275	
FBbt:20003141	adult superior medial protocerebrum neuron 279	hemibrain	SMP279		SMP279_a|SMP279_b|SMP279_c			SMP279_c|SMP279_b	
FBbt:20003149	adult superior medial protocerebrum neuron 287	hemibrain	SMP287		SMP287				
FBbt:20003150	adult superior medial protocerebrum neuron 288	hemibrain	SMP288		SMP288				
FBbt:20003154	adult superior medial protocerebrum neuron 292	hemibrain	SMP292	SMP292	SMP292				SMP292
FBbt:20003156	adult superior medial protocerebrum neuron 294	hemibrain	SMP294		SMP294				
FBbt:20003157	adult superior medial protocerebrum neuron 295	hemibrain	SMP295		SMP295				
FBbt:20003158	adult superior medial protocerebrum neuron 296	hemibrain	SMP296		SMP296				
FBbt:20003159	adult superior medial protocerebrum neuron 297	hemibrain	SMP297		SMP297			SMP297	
FBbt:20003161	adult superior medial protocerebrum neuron 299	hemibrain	SMP299		SMP299			SMP299	
FBbt:20003162	adult superior medial protocerebrum neuron 300	hemibrain	SMP300		SMP300				
FBbt:20003163	adult superior medial protocerebrum neuron 301	hemibrain	SMP301		SMP301				
FBbt:20003164	adult superior medial protocerebrum neuron 302	hemibrain	SMP302		SMP302			SMP302	
FBbt:20003165	adult superior medial protocerebrum neuron 303	hemibrain	SMP303		SMP303				
FBbt:20003166	adult superior medial protocerebrum neuron 304	hemibrain	SMP304		SMP304			SMP304	
FBbt:20003167	adult superior medial protocerebrum neuron 305	hemibrain	SMP305		SMP305			SMP305	
FBbt:20003168	adult superior medial protocerebrum neuron 306	hemibrain	SMP306		SMP306			SMP306	
FBbt:20003170	adult superior medial protocerebrum neuron 308	hemibrain	SMP308		SMP308				
FBbt:20003171	adult superior medial protocerebrum neuron 309	hemibrain	SMP309		SMP309				
FBbt:20003172	adult superior medial protocerebrum neuron 310	hemibrain	SMP310		SMP310				
FBbt:20003178	adult superior medial protocerebrum neuron 316	hemibrain	SMP316		SMP316|SMP316_a|SMP316_b			SMP316_a	
FBbt:20003183	adult superior medial protocerebrum neuron 321	hemibrain	SMP321		SMP321			SMP321_a|SMP321_b	
FBbt:20003184	adult superior medial protocerebrum neuron 322	hemibrain	SMP322		SMP322			SMP322	
FBbt:20003187	adult superior medial protocerebrum neuron 325	hemibrain	SMP325		SMP325				
FBbt:20003189	adult superior medial protocerebrum neuron 327	hemibrain	SMP327		SMP327			SMP327	
FBbt:20003200	adult superior medial protocerebrum neuron 338	hemibrain	SMP338	SMP338	SMP338			SMP338	SMP338
FBbt:20003205	adult superior medial protocerebrum neuron 343	hemibrain	SMP343		SMP343				
FBbt:20003209	adult superior medial protocerebrum neuron 347	hemibrain	SMP347		SMP347			SMP347	
FBbt:20003211	adult superior medial protocerebrum neuron 349	hemibrain	SMP349		SMP349				
FBbt:20003212	adult superior medial protocerebrum neuron 350	hemibrain	SMP350		SMP350			SMP350	
FBbt:20003213	adult superior medial protocerebrum neuron 351	hemibrain	SMP351		SMP351				
FBbt:20003214	adult superior medial protocerebrum neuron 352	hemibrain	SMP352		SMP352			SMP352	
FBbt:20003216	adult superior medial protocerebrum neuron 354	hemibrain	SMP354		SMP354			SMP354	
FBbt:20003218	adult superior medial protocerebrum neuron 356	hemibrain	SMP356	SMP356	SMP356			SMP356	SMP356
FBbt:20003220	adult superior medial protocerebrum neuron 358	hemibrain	SMP358		SMP358			SMP358	
FBbt:20003225	adult superior medial protocerebrum neuron 363	hemibrain	SMP363		SMP363				
FBbt:20003226	adult superior medial protocerebrum neuron 364	hemibrain	SMP364		SMP364				
FBbt:20003227	adult superior medial protocerebrum neuron 365	hemibrain	SMP365		SMP365				
FBbt:20003228	adult superior medial protocerebrum neuron 366	hemibrain	SMP366		SMP366				
FBbt:20003236	adult superior medial protocerebrum neuron 374	hemibrain	SMP374		SMP374			SMP374	
FBbt:20003239	adult superior medial protocerebrum neuron 377	hemibrain	SMP377		SMP377			SMP377	
FBbt:20003240	adult superior medial protocerebrum neuron 378	hemibrain	SMP378		SMP378			SMP378	
FBbt:20003242	adult superior medial protocerebrum neuron 380	hemibrain	SMP380		SMP380			SMP380	
FBbt:20003244	adult superior medial protocerebrum neuron 382	hemibrain	SMP382		SMP382			SMP382	
FBbt:20003253	adult superior medial protocerebrum neuron 391	hemibrain	SMP391		SMP391			SMP391	
FBbt:20003256	adult superior medial protocerebrum neuron 394	hemibrain	SMP394		SMP394			SMP394	
FBbt:20003257	adult superior medial protocerebrum neuron 395	hemibrain	SMP395		SMP395			SMP395	
FBbt:20003258	adult superior medial protocerebrum neuron 396	hemibrain	SMP396		SMP396				
FBbt:20003262	adult superior medial protocerebrum neuron 400	hemibrain	SMP400		SMP400			SMP400	
FBbt:20003263	adult superior medial protocerebrum neuron 401	hemibrain	SMP401		SMP401			SMP401	
FBbt:20003264	adult superior medial protocerebrum neuron 402	hemibrain	SMP402		SMP402			SMP402	
FBbt:20003265	adult superior medial protocerebrum neuron 403	hemibrain	SMP403		SMP403			SMP403	
FBbt:20003270	adult superior medial protocerebrum neuron 408	hemibrain	SMP408		SMP408|SMP408_a|SMP408_b|SMP408_c|SMP408_d			SMP408_c|SMP408_a|SMP408_d|SMP408_b	
FBbt:20003274	adult superior medial protocerebrum neuron 412	hemibrain	SMP412		SMP412			SMP412	
FBbt:20003276	adult superior medial protocerebrum neuron 414	hemibrain	SMP414		SMP414			SMP414	
FBbt:20003277	adult superior medial protocerebrum neuron 415	hemibrain	SMP415		SMP415				
FBbt:20003279	adult superior medial protocerebrum neuron 417	hemibrain	SMP417		SMP417				
FBbt:20003288	adult superior medial protocerebrum neuron 426	hemibrain	SMP426	SMP426	SMP426			SMP426	SMP426
FBbt:20003292	adult superior medial protocerebrum neuron 430	hemibrain	SMP430		SMP430			SMP430	
FBbt:20003293	adult superior medial protocerebrum neuron 431	hemibrain	SMP431		SMP431				
FBbt:20003294	adult superior medial protocerebrum neuron 432	hemibrain	SMP432		SMP432_a|SMP432_b				
FBbt:20003295	adult superior medial protocerebrum neuron 433	hemibrain	SMP433		SMP433				
FBbt:20003296	adult superior medial protocerebrum neuron 434	hemibrain	SMP434		SMP434				
FBbt:20003297	adult superior medial protocerebrum neuron 435	hemibrain	SMP435		SMP435				
FBbt:20003298	adult superior medial protocerebrum neuron 436	hemibrain	SMP436		SMP436				
FBbt:20003299	adult superior medial protocerebrum neuron 437	hemibrain	SMP437		SMP437			SMP437	
FBbt:20003300	adult superior medial protocerebrum neuron 438	hemibrain	SMP438		SMP438			SMP438	
FBbt:20003301	adult superior medial protocerebrum neuron 439	hemibrain	SMP439		SMP439				
FBbt:20003302	adult superior medial protocerebrum neuron 440	hemibrain	SMP440		SMP440				
FBbt:20003311	adult superior medial protocerebrum neuron 449	hemibrain	SMP449		SMP449			SMP449	
FBbt:20003312	adult superior medial protocerebrum neuron 450	hemibrain	SMP450	SMP450	SMP450			SMP450	
FBbt:20003315	adult superior medial protocerebrum neuron 453	hemibrain	SMP453	SMP453	SMP453			SMP453	
FBbt:20003325	adult superior medial protocerebrum neuron 463	hemibrain	SMP463		SMP463				
FBbt:20003326	adult superior medial protocerebrum neuron 464	hemibrain	SMP464		SMP464				
FBbt:20003327	adult superior medial protocerebrum neuron 465	hemibrain	SMP465		SMP465				
FBbt:20003328	adult superior medial protocerebrum neuron 466	hemibrain	SMP466		SMP466				
FBbt:20003329	adult superior medial protocerebrum neuron 467	hemibrain	SMP467		SMP467			SMP467	
FBbt:20003330	adult superior medial protocerebrum neuron 468	hemibrain	SMP468		SMP468			SMP468	
FBbt:20003334	adult superior medial protocerebrum neuron 472	hemibrain	SMP472	SMP472	SMP472			SMP472	SMP472
FBbt:20003335	adult superior medial protocerebrum neuron 473	hemibrain	SMP473		SMP473				
FBbt:20003336	adult superior medial protocerebrum neuron 474	hemibrain	SMP474		SMP474				
FBbt:20003337	adult superior medial protocerebrum neuron 475	hemibrain	SMP475		SMP475				
FBbt:20003342	adult superior medial protocerebrum neuron 480	hemibrain	SMP480		SMP480				
FBbt:20003343	adult superior medial protocerebrum neuron 481	hemibrain	SMP481		SMP481				
FBbt:20003345	adult superior medial protocerebrum neuron 483	hemibrain	SMP483		SMP483			SMP483	
FBbt:20003346	adult superior medial protocerebrum neuron 484	hemibrain	SMP484		SMP484			CB4205|SMP484	
FBbt:20003347	adult superior medial protocerebrum neuron 485	hemibrain	SMP485		SMP485				
FBbt:20003348	adult superior medial protocerebrum neuron 486	hemibrain	SMP486		SMP486_a|SMP486_b|SMP486_c|SMP486_d|SMP486_e|SMP486_f				
FBbt:20003349	adult superior medial protocerebrum neuron 487	hemibrain	SMP487		SMP487			SMP487	
FBbt:20003350	adult superior medial protocerebrum neuron 488	hemibrain	SMP488		SMP488			SMP488	
FBbt:20003351	adult superior medial protocerebrum neuron 489	hemibrain	SMP489		SMP489			SMP489	
FBbt:20003352	adult superior medial protocerebrum neuron 490	hemibrain	SMP490	SMP490	SMP490			SMP490	SMP490
FBbt:20003353	adult superior medial protocerebrum neuron 491	hemibrain	SMP491		SMP491			SMP491	
FBbt:20003359	adult superior medial protocerebrum neuron 497	hemibrain	SMP497		SMP497			SMP497	
FBbt:20003360	adult superior medial protocerebrum neuron 498	hemibrain	SMP498		SMP498				
FBbt:20003361	adult superior medial protocerebrum neuron 499	hemibrain	SMP499		SMP499				
FBbt:20003362	adult superior medial protocerebrum neuron 500	hemibrain	SMP500		SMP500				
FBbt:20003363	adult superior medial protocerebrum neuron 501	hemibrain	SMP501	SMP501	SMP501			SMP501	SMP501
FBbt:20003364	adult superior medial protocerebrum neuron 502	hemibrain	SMP502		SMP502				
FBbt:20003370	adult superior medial protocerebrum neuron 508	hemibrain	SMP508		SMP508			SMP508	
FBbt:20003379	adult superior medial protocerebrum neuron 517	hemibrain	SMP517	SMP517	SMP517			SMP517	SMP517
FBbt:20003380	adult superior medial protocerebrum neuron 518	hemibrain	SMP518	SMP518	SMP518			SMP518	SMP518
FBbt:20003381	adult superior medial protocerebrum neuron 519	hemibrain	SMP519	SMP519	SMP519			SMP519	SMP519
FBbt:20003385	adult superior medial protocerebrum neuron 523	hemibrain	SMP523	SMP523	SMP523			SMP523	SMP523
FBbt:20003386	adult superior medial protocerebrum neuron 524	hemibrain	SMP524		SMP524				
FBbt:20003398	adult superior medial protocerebrum neuron 536	hemibrain	SMP536		SMP536				
FBbt:20003400	adult superior medial protocerebrum neuron 538	hemibrain	SMP538	SMP538	SMP538			SMP538	SMP538
FBbt:20003408	adult superior medial protocerebrum neuron 546	hemibrain	SMP546	SMP546	SMP546			SMP546	SMP546
FBbt:20003409	adult superior medial protocerebrum neuron 547	hemibrain	SMP547		SMP547			SMP547	
FBbt:20003417	adult superior medial protocerebrum neuron 555	hemibrain	SMP555	SMP555	SMP555			SMP555	SMP555
FBbt:20003418	adult superior medial protocerebrum neuron 556	hemibrain	SMP556		SMP556			SMP556	
FBbt:20003419	adult superior medial protocerebrum neuron 557	hemibrain	SMP557		SMP557			aIPg5	
FBbt:20003421	adult superior medial protocerebrum neuron 559	hemibrain	SMP559		SMP559				
FBbt:20003422	adult superior medial protocerebrum neuron 560	hemibrain	SMP560		SMP560			SMP560	
FBbt:20003425	adult superior medial protocerebrum neuron 563	hemibrain	SMP563		SMP563				
FBbt:20003426	adult superior medial protocerebrum neuron 564	hemibrain	SMP564		SMP564				
FBbt:20003436	adult superior medial protocerebrum neuron 574	hemibrain	SMP574		SMP574			aIPg6|aIPg7	
FBbt:20003437	adult superior medial protocerebrum neuron 575	hemibrain	SMP575		SMP575				
FBbt:20003438	adult superior medial protocerebrum neuron 576	hemibrain	SMP576		SMP576				
FBbt:20003441	adult superior medial protocerebrum neuron 579	hemibrain	SMP579	SMP579	SMP579			SMP579	SMP579
FBbt:20003443	adult superior medial protocerebrum neuron 581	hemibrain	SMP581		SMP581			SMP581	
FBbt:20003445	adult superior medial protocerebrum neuron 583	hemibrain	SMP583		SMP583			SMP583	
FBbt:20003446	adult superior medial protocerebrum neuron 584	hemibrain	SMP584		SMP584				
FBbt:20003452	adult superior medial protocerebrum neuron 590	hemibrain	SMP590	SMP590	SMP590			SMP590_a	SMP590
FBbt:20003453	adult superior medial protocerebrum neuron 591	hemibrain	SMP591	SMP591	SMP591			SMP590_b|SMP591	SMP591
FBbt:20003454	adult superior medial protocerebrum neuron 592	hemibrain	SMP592	SMP592	SMP592			SMP592	SMP592
FBbt:20003461	adult superior medial protocerebrum neuron 599	hemibrain	SMP599		SMP599			SMP599	
FBbt:20003464	adult superior medial protocerebrum neuron 602	hemibrain	SMP602		SMP602				SMP602
FBbt:20003497	adult vest neuron 031	hemibrain	VES031		VES031			VES031	
FBbt:20003498	adult vest neuron 032	hemibrain	VES032		VES032			VES032	
FBbt:20003499	adult vest neuron 033	hemibrain	VES033		VES033			VES033	
FBbt:20003500	adult vest neuron 034	hemibrain	VES034		VES034_a|VES034_b				
FBbt:20003501	adult vest neuron 035	hemibrain	VES035		VES035				
FBbt:20003502	adult vest neuron 036	hemibrain	VES036		VES036				
FBbt:20003503	adult vest neuron 037	hemibrain	VES037		VES037			VES037	
FBbt:20003504	adult vest neuron 038	hemibrain	VES038		VES038				
FBbt:20003517	adult vest neuron 051	hemibrain	VES051	VES051	VES051			VES051	VES051
FBbt:20003518	adult vest neuron 052	hemibrain	VES052		VES052			VES052	
FBbt:20003528	adult vest neuron 062	hemibrain	VES062		VES062				
FBbt:20003535	adult vest neuron 069	hemibrain	VES069		VES069				
FBbt:20003550	adult vest neuron 084	hemibrain	VES084		VES084				
FBbt:20003551	adult wedge neuron 001	hemibrain	WED001		WED001			WED001	
FBbt:20003553	adult wedge neuron 003	hemibrain	WED003		WED003				
FBbt:20003555	adult wedge neuron 005	hemibrain	WED005		WED005				
FBbt:20003559	adult wedge neuron 009	hemibrain	WED009		WED009			WED009	
FBbt:20003569	adult wedge neuron 019	hemibrain	WED019		WED019				
FBbt:20003570	adult wedge neuron 020	hemibrain	WED020		WED020_a|WED020_b			WED020_b	
FBbt:20003571	adult wedge neuron 021	hemibrain	WED021		WED021				
FBbt:20003572	adult wedge neuron 022	hemibrain	WED022		WED022			WED022	
FBbt:20003577	adult wedge neuron 027	hemibrain	WED027		WED027				
FBbt:20003580	adult wedge neuron 030	hemibrain	WED030		WED030				
FBbt:20003584	adult wedge neuron 034	hemibrain	WED034	WED034	WED034			WED034	WED034
FBbt:20003585	adult wedge neuron 035	hemibrain	WED035		WED035			WED035	
FBbt:20003586	adult wedge neuron 036	hemibrain	WED036		WED036_a|WED036_b				
FBbt:20003592	adult wedge neuron 042	hemibrain	WED042		WED042			WED042	
FBbt:20003593	adult wedge neuron 043	hemibrain	WED043		WED043				
FBbt:20003597	adult wedge neuron 047	hemibrain	WED047		WED047			WED047	
FBbt:20003598	adult wedge neuron 048	hemibrain	WED048		WED048				
FBbt:20003599	adult wedge neuron 049	hemibrain	WED049		WED049				WED049
FBbt:20003600	adult wedge neuron 050	hemibrain	WED050		WED050				
FBbt:20003602	adult wedge neuron 052	hemibrain	WED052		WED052				
FBbt:20003603	adult wedge neuron 053	hemibrain	WED053		WED053				WED053
FBbt:20003604	adult wedge neuron 054	hemibrain	WED054		WED054				WED054
FBbt:20003605	adult wedge neuron 055	hemibrain	WED055		WED055_a|WED055_b				
FBbt:20003608	adult wedge neuron 058	hemibrain	WED058		WED058				
FBbt:20003609	adult wedge neuron 059	hemibrain	WED059		WED059				
FBbt:20003612	adult wedge neuron 062	hemibrain	WED062		WED062				
FBbt:20003613	adult wedge neuron 063	hemibrain	WED063		WED063_a|WED063_b			WED063_a|WED063_b	
FBbt:20003614	adult wedge neuron 064	hemibrain	WED064		WED064				
FBbt:20003615	adult wedge neuron 065	hemibrain	WED065		WED065			WED065	
FBbt:20003616	adult wedge neuron 066	hemibrain	WED066		WED066			WED066	
FBbt:20003617	adult wedge neuron 067	hemibrain	WED067		WED067				
FBbt:20003623	adult wedge neuron 073	hemibrain	WED073		WED073				
FBbt:20003624	adult wedge neuron 074	hemibrain	WED074		WED074			WED074	
FBbt:20003627	adult wedge neuron 077	hemibrain	WED077		WED077			WED077	
FBbt:20003628	adult wedge neuron 078	hemibrain	WED078		WED078			WED078	
FBbt:20003629	adult wedge neuron 079	hemibrain	WED079		WED079			WED079	
FBbt:20003630	adult wedge neuron 080	hemibrain	WED080	WED080	WED080			WED080	WED080
FBbt:20003633	adult wedge neuron 083	hemibrain	WED083		WED083			WED083	
FBbt:20003634	adult wedge neuron 084	hemibrain	WED084		WED084			WED084	
FBbt:20003636	adult wedge neuron 086	hemibrain	WED086		WED086				
FBbt:20003637	adult wedge neuron 087	hemibrain	WED087		WED087				
FBbt:20003638	adult wedge neuron 088	hemibrain	WED088		WED088				
FBbt:20003640	adult wedge neuron 090	hemibrain	WED090		WED090				
FBbt:20003641	adult wedge neuron 091	hemibrain	WED091	WED091	WED091			WED091	WED091
FBbt:20003643	adult wedge neuron 093	hemibrain	WED093		WED093			WED093	
FBbt:20003652	adult wedge neuron 102	hemibrain	WED102	WED102	WED102			WED102	WED102
FBbt:20003653	adult wedge neuron 103	hemibrain	WED103	WED103	WED103			WED103	WED103
FBbt:20003656	adult wedge neuron 106	hemibrain	WED106		WED106			WED106	
FBbt:20003659	adult wedge neuron 109	hemibrain	WED109		WED109			WED109	WED109
FBbt:20003660	adult wedge neuron 110	hemibrain	WED110		WED110				
FBbt:20003661	adult wedge neuron 111	hemibrain	WED111		WED111			WED111	
FBbt:20003662	adult wedge neuron 112	hemibrain	WED112		WED112				
FBbt:20003663	adult wedge neuron 113	hemibrain	WED113		WED113				WED113
FBbt:20003665	adult wedge neuron 115	hemibrain	WED115		WED115				WED115
FBbt:20003667	adult wedge neuron 117	hemibrain	WED117		WED117			WED117	WED117
FBbt:20003668	adult wedge neuron 118	hemibrain	WED118		WED118_a|WED118_b			WED118	
FBbt:20003676	adult wedge neuron 126	hemibrain	WED126		WED126				
FBbt:20003678	adult wedge neuron 128	hemibrain	WED128	WED128	WED128			WED128	WED128
FBbt:20003679	adult wedge neuron 129	hemibrain	WED129		WED129			WED129	
FBbt:20003681	adult wedge neuron 131	hemibrain	WED131		WED131			WED131	
FBbt:20003682	adult wedge neuron 132	hemibrain	WED132		WED132			WED132	
FBbt:20003683	adult wedge neuron 133	hemibrain	WED133		WED133				
FBbt:20003684	adult wedge neuron 134	hemibrain	WED134		WED134				
FBbt:20003685	adult wedge neuron 135	hemibrain	WED135		WED135				
FBbt:20003686	adult wedge neuron 136	hemibrain	WED136		WED136				
FBbt:20003687	adult wedge neuron 137	hemibrain	WED137		WED137				
FBbt:20003688	adult wedge neuron 138	hemibrain	WED138		WED138				
FBbt:20003689	adult wedge neuron 139	hemibrain	WED139		WED139				
FBbt:20003690	adult wedge neuron 140	hemibrain	WED140		WED140				
FBbt:20003691	adult wedge neuron 141	hemibrain	WED141		WED141				
FBbt:20003692	adult wedge neuron 142	hemibrain	WED142		WED142				WED142
FBbt:20003693	adult wedge neuron 143	hemibrain	WED143		WED143			WED143_d	
FBbt:20003697	adult wedge neuron 147	hemibrain	WED147		WED147				
FBbt:20003698	adult wedge neuron 148	hemibrain	WED148		WED148				
FBbt:20003699	adult wedge neuron 149	hemibrain	WED149		WED149				
FBbt:20003700	adult wedge neuron 150	hemibrain	WED150		WED150				
FBbt:20003704	adult wedge neuron 154	hemibrain	WED154		WED154			WED154	
FBbt:20003706	adult wedge neuron 156	hemibrain	WED156		WED156				
FBbt:20003707	adult wedge neuron 157	hemibrain	WED157		WED157			WED157	
FBbt:20003708	adult wedge neuron 158	hemibrain	WED158		WED158				
FBbt:20003709	adult wedge neuron 159	hemibrain	WED159		WED159			WED159	
FBbt:20003710	adult wedge neuron 160	hemibrain	WED160		WED160				
FBbt:20003716	adult wedge neuron 166	hemibrain	WED166		WED166_a|WED166_b|WED166_c|WED166_d			WED166_d	
FBbt:20003717	adult wedge neuron 167	hemibrain	WED167		WED167			WED167	
FBbt:20003719	adult wedge neuron 169	hemibrain	WED169		WED169				
FBbt:20003720	adult wedge neuron 170	hemibrain	WED170		WED170				
FBbt:20003721	adult wedge neuron 171	hemibrain	WED171		WED171				
FBbt:20003722	adult wedge neuron 172	hemibrain	WED172		WED172				
FBbt:20003723	adult wedge neuron 173	hemibrain	WED173		WED173				
FBbt:20003725	adult wedge neuron 175	hemibrain	WED175		WED175				
FBbt:20003726	adult wedge neuron 176	hemibrain	WED176		WED176				
FBbt:20003727	adult wedge neuron 177	hemibrain	WED177		WED177				WED177
FBbt:20003728	adult wedge neuron 178	hemibrain	WED178		WED178				
FBbt:20003729	adult wedge neuron 179	hemibrain	WED179		WED179				
FBbt:20003733	adult wedge neuron 183	hemibrain	WED183		WED183			WED183	
FBbt:20003790	adult multiglomerular antennal lobe projection neuron type 4 adPN	hemibrain	M_adPNm4	M_adPNm4	M_adPNm4			M_adPNm4	M_adPNm4
FBbt:20003791	adult multiglomerular antennal lobe projection neuron type 5 adPN	hemibrain	M_adPNm5	M_adPNm5	M_adPNm5			M_adPNm5	M_adPNm5
FBbt:20003803	adult multiglomerular antennal lobe projection neuron type 12 lPN	hemibrain	M_lPNm12		M_lPNm12			M_lPNm12	
FBbt:20003804	adult multiglomerular antennal lobe projection neuron type 13 lPN	hemibrain	M_lPNm13		M_lPNm13			M_lPNm13	
FBbt:20003811	adult multiglomerular antennal lobe projection neuron type 30 lvPN	hemibrain	M_lvPNm30		M_lvPNm30			M_lvPNm30	
FBbt:20003813	adult multiglomerular antennal lobe projection neuron type 32 lvPN	hemibrain	M_lvPNm32		M_lvPNm32			M_lvPNm32	
FBbt:20003814	adult multiglomerular antennal lobe projection neuron type 33 lvPN	hemibrain	M_lvPNm33	CB1988	M_lvPNm33			M_lvPNm33	CB1988
FBbt:20003815	adult multiglomerular antennal lobe projection neuron type 34 lvPN	hemibrain	M_lvPNm34		M_lvPNm34				
FBbt:20003829	adult multiglomerular antennal lobe projection neuron type 52 vPN	hemibrain	M_vPNml52	M_vPNml52	M_vPNml52			M_vPNml52	M_vPNml52
FBbt:20003833	adult multiglomerular antennal lobe projection neuron type 56 vPN	hemibrain	M_vPNml56	CB2004	M_vPNml56			CB2004	CB2004
FBbt:20003835	adult multiglomerular antennal lobe projection neuron type 58 vPN	hemibrain	M_vPNml58		M_vPNml58				
FBbt:20003836	adult multiglomerular antennal lobe projection neuron type 59 vPN	hemibrain	M_vPNml59		M_vPNml59				
FBbt:20003837	adult multiglomerular antennal lobe projection neuron type 61 vPN	hemibrain	M_vPNml61		M_vPNml61				
FBbt:20003841	adult multiglomerular antennal lobe projection neuron type 66 vPN	hemibrain	M_vPNml66	M_VPNml66	M_vPNml66			M_VPNml66	M_VPNml66
FBbt:20003845	adult multiglomerular antennal lobe projection neuron type 70 vPN	hemibrain	M_vPNml70		M_vPNml70				
FBbt:20003846	adult multiglomerular antennal lobe projection neuron type 71 vPN	hemibrain	M_vPNml71		M_vPNml71				
FBbt:20003848	adult multiglomerular antennal lobe projection neuron type 73 vPN	hemibrain	M_vPNml73		M_vPNml73			M_vPNml73	
FBbt:20003849	adult multiglomerular antennal lobe projection neuron type 74 vPN	hemibrain	M_vPNml74		M_vPNml74				
FBbt:20003850	adult multiglomerular antennal lobe projection neuron type 75 vPN	hemibrain	M_vPNml75	M_vPNml75	M_vPNml75			M_vPNml75	M_vPNml75
FBbt:20003851	adult multiglomerular antennal lobe projection neuron type 76 vPN	hemibrain	M_vPNml76		M_vPNml76			M_vPNml76	
FBbt:20003852	adult multiglomerular antennal lobe projection neuron type 77 vPN	hemibrain	M_vPNml77	M_vPNml77	M_vPNml77			M_vPNml77	M_vPNml77
FBbt:20003853	adult multiglomerular antennal lobe projection neuron type 78 vPN	hemibrain	M_vPNml78		M_vPNml78			M_vPNml78	
FBbt:20003854	adult multiglomerular antennal lobe projection neuron type 79 vPN	hemibrain	M_vPNml79	M_vPNml79	M_vPNml79			M_vPNml79	M_vPNml79
FBbt:20003856	adult multiglomerular antennal lobe projection neuron type 81 vPN	hemibrain	M_vPNml81		M_vPNml81				
FBbt:20003857	adult multiglomerular antennal lobe projection neuron type 82 vPN	hemibrain	M_vPNml82		M_vPNml82				
FBbt:20003858	adult multiglomerular antennal lobe projection neuron type 83 vPN	hemibrain	M_vPNml83	M_vPNml83	M_vPNml83			M_vPNml83	M_vPNml83
FBbt:20003860	adult multiglomerular antennal lobe projection neuron type 85 vPN	hemibrain	M_vPNml85		M_vPNml85			CB1296_a	
FBbt:20003861	adult multiglomerular antennal lobe projection neuron type 86 vPN	hemibrain	M_vPNml86	M_vPNml86	M_vPNml86			M_vPNml86	M_vPNml86
FBbt:20003862	adult multiglomerular antennal lobe projection neuron type 87 vPN	hemibrain	M_vPNml87	M_vPNml87	M_vPNml87			M_vPNml87	M_vPNml87
FBbt:20003863	adult multiglomerular antennal lobe projection neuron type 88 vPN	hemibrain	M_vPNml88		M_vPNml88			M_vPNml88	
FBbt:20003864	adult multiglomerular antennal lobe projection neuron type 89 vPN	hemibrain	M_vPNml89		M_vPNml89				
FBbt:20003734	adult antennal lobe local neuron l2LN18	hemibrain_allns	l2LN18		l2LN18				
FBbt:20003735	adult antennal lobe local neuron l2LN19	hemibrain_allns	l2LN19	l2LN19	l2LN19			l2LN19	l2LN19
FBbt:20003736	adult antennal lobe local neuron l2LN20	hemibrain_allns	l2LN20	l2LN20	l2LN20			l2LN20	l2LN20
FBbt:20003737	adult antennal lobe local neuron l2LN21	hemibrain_allns	l2LN21	l2LN21	l2LN21			l2LN21	l2LN21
FBbt:20003738	adult antennal lobe local neuron l2LN22	hemibrain_allns	l2LN22	l2LN22	l2LN22			l2LN22	l2LN22
FBbt:20003739	adult antennal lobe local neuron l2LN23	hemibrain_allns	l2LN23	l2LN23	l2LN23			l2LN23	l2LN23
FBbt:20003741	adult antennal lobe local neuron lLN7	hemibrain_allns	lLN7	ALIN4	lLN7			ALIN4	ALIN4
FBbt:20003742	adult antennal lobe local neuron lLN8	hemibrain_allns	lLN8	lLN8	lLN8			lLN8	lLN8
FBbt:20003743	adult antennal lobe local neuron lLN9	hemibrain_allns	lLN9	lLN9	lLN9			lLN9	lLN9
FBbt:20003744	adult antennal lobe local neuron lLN10	hemibrain_allns	lLN10	lLN10	lLN10			lLN10	lLN10
FBbt:20003745	adult antennal lobe local neuron lLN11	hemibrain_allns	lLN11		lLN11				
FBbt:20003746	adult antennal lobe local neuron lLN12A	hemibrain_allns	lLN12A		lLN12A			lLN12A	
FBbt:20003747	adult antennal lobe local neuron lLN12B	hemibrain_allns	lLN12B		lLN12B				
FBbt:20003748	adult antennal lobe local neuron lLN13	hemibrain_allns	lLN13	lLN13	lLN13			lLN13	lLN13
FBbt:20003749	adult antennal lobe local neuron lLN14	hemibrain_allns	lLN14		lLN14			lLN14	
FBbt:20003750	adult antennal lobe local neuron lLN15	hemibrain_allns	lLN15		lLN15			lLN15	lLN15
FBbt:20003751	adult antennal lobe local neuron lLN16A	hemibrain_allns	lLN16A		lLN16A				
FBbt:20003752	adult antennal lobe local neuron lLN16B	hemibrain_allns	lLN16B		lLN16B				
FBbt:20003753	adult antennal lobe local neuron lLN17	hemibrain_allns	lLN17		lLN17				
FBbt:20003754	adult antennal lobe local neuron v2LN3A	hemibrain_allns	v2LN3A		v2LN3A			v2LN3A	
FBbt:20003755	adult antennal lobe local neuron v2LN3B	hemibrain_allns	v2LN3B		v2LN3B				
FBbt:20003756	adult antennal lobe local neuron v2LN30	hemibrain_allns	v2LN30	v2LN30	v2LN30			v2LN30	v2LN30
FBbt:20003757	adult antennal lobe local neuron v2LN31	hemibrain_allns	v2LN31	v2LN31	v2LN31			v2LN31	v2LN31
FBbt:20003758	adult antennal lobe local neuron v2LN32	hemibrain_allns	v2LN32	v2LN32	v2LN32			v2LN32	v2LN32
FBbt:20003759	adult antennal lobe local neuron v2LN33	hemibrain_allns	v2LN33	v2LN33	v2LN33			v2LN33	v2LN33
FBbt:20003760	adult antennal lobe local neuron v2LN34A	hemibrain_allns	v2LN34A		v2LN34A			v2LN34A	
FBbt:20003761	adult antennal lobe local neuron v2LN34B	hemibrain_allns	v2LN34B		v2LN34B			v2LN34B	
FBbt:20003762	adult antennal lobe local neuron v2LN34C	hemibrain_allns	v2LN34C		v2LN34C			v2LN34C	
FBbt:20003763	adult antennal lobe local neuron v2LN34D	hemibrain_allns	v2LN34D		v2LN34D			v2LN34D	
FBbt:20003764	adult antennal lobe local neuron v2LN34E	hemibrain_allns	v2LN34E	v2LN34E	v2LN34E			v2LN34E	v2LN34E
FBbt:20003765	adult antennal lobe local neuron v2LN34F	hemibrain_allns	v2LN34F		v2LN34F			v2LN34F	
FBbt:20003766	adult antennal lobe local neuron v2LN35	hemibrain_allns	v2LN35		v2LN35				
FBbt:20003768	adult antennal lobe local neuron v2LN37	hemibrain_allns	v2LN37	v2LN37	v2LN37			v2LN37	v2LN37
FBbt:20003769	adult antennal lobe local neuron v2LN38	hemibrain_allns	v2LN38	v2LN38	v2LN38			v2LN38	v2LN38
FBbt:20003770	adult antennal lobe local neuron v2LN39A	hemibrain_allns	v2LN39A	v2LN39a	v2LN39A			v2LN39a	v2LN39a
FBbt:20003771	adult antennal lobe local neuron v2LN39B	hemibrain_allns	v2LN39B		v2LN39B				
FBbt:20003772	adult antennal lobe local neuron v2LN40	hemibrain_allns	v2LN40		v2LN40				
FBbt:20003773	adult antennal lobe local neuron v2LN41	hemibrain_allns	v2LN41		v2LN41			v2LN41	
FBbt:20003774	adult antennal lobe local neuron v2LN42	hemibrain_allns	v2LN42		v2LN42			v2LN42	
FBbt:20003775	adult antennal lobe local neuron v2LN43	hemibrain_allns	v2LN43		v2LN43				
FBbt:20003776	adult antennal lobe local neuron v2LN44	hemibrain_allns	v2LN44		v2LN44				
FBbt:20003777	adult antennal lobe local neuron v2LN45	hemibrain_allns	v2LN45		v2LN45				
FBbt:20003778	adult antennal lobe local neuron v2LN46	hemibrain_allns	v2LN46		v2LN46			v2LN46	
FBbt:20003779	adult antennal lobe local neuron v2LN47	hemibrain_allns	v2LN47	v2LN47	v2LN47			v2LN47	v2LN47
FBbt:20003780	adult antennal lobe local neuron v2LN48	hemibrain_allns	v2LN48		v2LN48				
FBbt:20003781	adult antennal lobe local neuron v2LN49	hemibrain_allns	v2LN49	v2LN49	v2LN49			v2LN49	v2LN49
FBbt:20003782	adult antennal lobe local neuron v2LN50	hemibrain_allns	v2LN50		v2LN50			v2LN50	
FBbt:20003783	adult antennal lobe local neuron vLN24	hemibrain_allns	vLN24	vLN24	vLN24			vLN24	vLN24
FBbt:20003784	adult antennal lobe local neuron vLN25	hemibrain_allns	vLN25	vLN25	vLN25			vLN25	vLN25
FBbt:20003785	adult antennal lobe local neuron vLN26	hemibrain_allns	vLN26	vLN26	vLN26			vLN26	vLN26
FBbt:20003786	adult antennal lobe local neuron vLN27	hemibrain_allns	vLN27	vLN27	vLN27			vLN27	vLN27
FBbt:20003787	adult antennal lobe local neuron vLN28	hemibrain_allns	vLN28	vLN28	vLN28			vLN28	vLN28
FBbt:20003788	adult antennal lobe local neuron vLN29	hemibrain_allns	vLN29		vLN29			vLN29	
FBbt:20000608	adult descending neuron of the posterior brain DNp66	male_cns	DNp66	DNp66	AVLP499			DNp66	DNp66
FBbt:20000673	adult descending neuron of the posterior brain DNpe052	male_cns	DNpe052	DNpe052	AVLP564			DNpe052	DNpe052
FBbt:20000907	adult descending neuron of the posterior brain DNpe026	male_cns	DNpe026	DNpe026	CL202			DNpe026	
FBbt:20000912	adult descending neuron of the posterior brain DNpe043	male_cns	DNpe043	DNpe043	CL207			DNpe043	
FBbt:20000967	adult descending neuron of the posterior brain DNpe042	male_cns	DNpe042	DNpe042	CL262			DNpe042	DNpe042
FBbt:20001011	adult descending neuron of the posterior brain DNpe039	male_cns	DNpe039	DNpe039	CL306			DNpe039	DNpe039
FBbt:20001012	adult descending neuron of the posterior brain DNpe021	male_cns	DNpe021	DNpe021	CL307			DNpe021	
FBbt:20001025	adult descending neuron of the posterior brain DNpe040	male_cns	DNpe040	DNpe040	CL320			DNpe040	
FBbt:20001029	adult descending neuron of the posterior brain DNp104	male_cns	DNp104	DNp104	CL324			DNp104	
FBbt:20001030	adult descending neuron of the posterior brain DNpe024	male_cns	DNpe024	DNpe024	CL325			DNpe024	
FBbt:20001035	adult descending neuron of the posterior brain DNpe006	male_cns	DNpe006	DNpe006	CL330			DNpe006	DNpe006
FBbt:20001039	adult descending neuron of the posterior brain DNp101	male_cns	DNp101	DNp101	CL334			DNp101	
FBbt:20001043	adult descending neuron of the posterior brain DNpe037	male_cns	DNpe037	DNpe037	CL338			DNpe037	
FBbt:20001046	adult descending neuron of the posterior brain DNpe050	male_cns	DNpe050	DNpe050	CL341			DNpe050	
FBbt:20001223	adult descending neuron of the posterior brain DNpe028	male_cns	DNpe028	DNpe028	IB046			DNpe028	DNpe028
FBbt:20001288	adult descending neuron of the posterior brain DNpe001	male_cns	DNpe001	DNpe001	IB111			DNpe001	DNpe001
FBbt:20001402	adult descending neuron of the outside anterior cluster DNde003	male_cns	DNde003	DNde003	LAL106				
FBbt:20001497	adult descending neuron of the posterior brain DNpe023	male_cns	DNpe023	DNpe023	LAL201			DNpe023	
FBbt:20001652	adult lobula visual projection neuron LoVP17	male_cns	LoVP17		PLP152			LoVP17	
FBbt:20001764	adult descending neuron of the anterior dorsal brain DNae009	male_cns	DNae009	DNae009	PS009			DNae009	
FBbt:20001767	adult descending neuron of the anterior dorsal brain DNae008	male_cns	DNae008	DNae008	PS012			DNae008	DNae008
FBbt:20001771	adult descending neuron of the anterior dorsal brain DNae010	male_cns	DNae010	DNae010	PS016			DNae010	
FBbt:20001795	adult descending neuron of the anterior dorsal brain DNae003	male_cns	DNae003	DNae003	PS040			DNae003	DNae003
FBbt:20001800	adult descending neuron of the anterior dorsal brain DNae006	male_cns	DNae006	DNae006	PS045			DNae006	
FBbt:20001821	adult descending neuron of the anterior ventral brain DNbe004	male_cns	DNbe004	DNbe004	PS066			DNbe004	
FBbt:20001824	adult descending neuron of the anterior ventral brain DNbe005	male_cns	DNbe005	DNbe005	PS069			DNbe005	DNbe005
FBbt:20001858	adult descending neuron of the anterior ventral brain DNbe001	male_cns	DNbe001	DNbe001	PS103			DNbe001	
FBbt:20001888	adult descending neuron of the posterior brain DNpe020	male_cns	DNpe020	DNpe020	PS133			DNpe020	DNpe020
FBbt:20001921	adult descending neuron of the posterior brain DNpe027	male_cns	DNpe027	DNpe027	PS166			DNpe027	DNpe027
FBbt:20001922	adult descending neuron of the posterior brain DNpe055	male_cns	DNpe055	DNpe055	PS167			DNpe055	DNpe055
FBbt:20001923	adult descending neuron of the posterior brain DNpe013	male_cns	DNpe013	DNpe013	PS168			DNpe013	DNpe013
FBbt:20001966	adult descending neuron of the posterior brain DNpe016	male_cns	DNpe016	DNpe016	PS211			DNpe016	DNpe016
FBbt:20001967	adult descending neuron of the posterior brain DNp102	male_cns	DNp102	DNp102	PS212			DNp102	
FBbt:20001971	adult descending neuron of the posterior brain DNpe032	male_cns	DNpe032	DNpe032	PS216			DNpe032	DNpe032
FBbt:20002030	adult descending neuron of the posterior brain DNpe010	male_cns	DNpe010	DNpe010	PS275			DNpe010	DNpe010
FBbt:20002174	adult descending neuron of the posterior brain DNpe031	male_cns	DNpe031	DNpe031	PVLP116			DNpe031	DNpe031
FBbt:20002203	adult descending neuron of the posterior brain DNpe025	male_cns	DNpe025	DNpe025	PVLP145			DNpe025	DNpe025
FBbt:20002204	adult descending neuron of the posterior brain DNpe056	male_cns	DNpe056	DNpe056	PVLP146			DNpe056	
FBbt:20002250	adult descending neuron of the outside anterior cluster DNde001	male_cns	DNde001	DNde001	SAD041			DNde001	DNde001
FBbt:20003151	adult descending neuron of the posterior brain DNpe033	male_cns	DNpe033	DNpe033	SMP289			DNpe033	
FBbt:20003152	adult descending neuron of the posterior brain DNpe041	male_cns	DNpe041	DNpe041	SMP290			DNpe041	DNpe041
FBbt:20003463	adult descending neuron of the posterior brain DNpe035	male_cns	DNpe035	DNpe035	SMP601			DNpe035	
FBbt:20003474	adult descending neuron of the anterior dorsal brain DNa11	male_cns	DNa11	DNa11	VES008			DNa11	DNa11
FBbt:20003494	adult descending neuron of the outside anterior cluster DNde005	male_cns	DNde005	DNde005	VES028			DNde005	DNde005
FBbt:20003495	adult descending neuron of the outside anterior cluster DNde002	male_cns	DNde002	DNde002	VES029			DNde002	
FBbt:20003508	adult descending neuron of the anterior ventral brain DNbe007	male_cns	DNbe007	DNbe007	VES042			DNbe007	DNbe007
FBbt:20003534	adult descending neuron of the posterior brain DNpe002	male_cns	DNpe002	DNpe002	VES068			DNpe002	
FBbt:20003547	adult descending neuron of the posterior brain DNpe003	male_cns	DNpe003	DNpe003	VES081			DNpe003	DNpe003
FBbt:20003673	adult descending neuron of the posterior brain DNpe005	male_cns	DNpe005	DNpe005	WED123			DNpe005	DNpe005
FBbt:20004148	adult IN27X002 neuron	manc	IN27X002			IN27X002		IN27X002	
FBbt:20004627	adult AN27X003 neuron	manc	AN27X003			AN27X003		AN27X003	AN27X003
FBbt:20007683	adult AN00A002 neuron	manc	AN00A002			AN00A002		AN00A002	AN00A002
FBbt:20007684	adult AN00A006 neuron	manc	AN00A006			AN00A006		AN00A006	AN00A006
FBbt:20007685	adult AN00A009 neuron	manc	AN00A009			AN00A009		AN00A009	AN00A009
FBbt:20007686	adult AN01A001 neuron	manc	AN01A001			AN01A001			
FBbt:20007687	adult AN01A006 neuron	manc	AN01A006			AN01A006		AN01A006	AN01A006
FBbt:20007688	adult AN01A014 neuron	manc	AN01A014			AN01A014		AN01A014	AN01A014
FBbt:20007689	adult AN01A021 neuron	manc	AN01A021	AN01A021		AN01A021		AN01A021	AN01A021
FBbt:20007690	adult AN01A033 neuron	manc	AN01A033			AN01A033		AN01A033	AN01A033
FBbt:20007691	adult AN01A049 neuron	manc	AN01A049			AN01A049		AN01A049	AN01A049
FBbt:20007692	adult AN01A055 neuron	manc	AN01A055			AN01A055		AN01A055	AN01A055
FBbt:20007693	adult AN01A086 neuron	manc	AN01A086			AN01A086		AN01A086	
FBbt:20007694	adult AN01B002 neuron	manc	AN01B002			AN01B002		AN01B002	AN01B002
FBbt:20007695	adult AN01B004 neuron	manc	AN01B004			AN01B004		AN01B004	AN01B004
FBbt:20007696	adult AN01B005 neuron	manc	AN01B005			AN01B005		AN01B005	AN01B005
FBbt:20007697	adult AN01B011 neuron	manc	AN01B011			AN01B011		AN01B011	AN01B011
FBbt:20007698	adult AN01B014 neuron	manc	AN01B014			AN01B014		AN01B014	AN01B014
FBbt:20007699	adult AN01B018 neuron	manc	AN01B018			AN01B018		AN01B018	AN01B018
FBbt:20007700	adult AN02A001 neuron	manc	AN02A001			AN02A001		AN02A001	AN02A001
FBbt:20007701	adult AN02A002 neuron	manc	AN02A002			AN02A002		AN02A002	AN02A002
FBbt:20007702	adult AN02A005 neuron	manc	AN02A005			AN02A005		AN02A005	AN02A005
FBbt:20007703	adult AN02A009 neuron	manc	AN02A009			AN02A009		AN02A009	AN02A009
FBbt:20007704	adult AN02A016 neuron	manc	AN02A016			AN02A016		AN02A016	AN02A016
FBbt:20007705	adult AN02A017 neuron	manc	AN02A017			AN02A017		AN02A017	AN02A017
FBbt:20007706	adult AN02A022 neuron	manc	AN02A022			AN02A022		AN02A022	AN02A022
FBbt:20007707	adult AN02A025 neuron	manc	AN02A025			AN02A025		AN02A025	AN02A025
FBbt:20007708	adult AN02A046 neuron	manc	AN02A046			AN02A046		AN02A046	AN02A046
FBbt:20007709	adult AN03A002 neuron	manc	AN03A002			AN03A002		AN03A002	AN03A002
FBbt:20007710	adult AN03A008 neuron	manc	AN03A008			AN03A008		AN03A008	
FBbt:20007711	adult AN03B009 neuron	manc	AN03B009			AN03B009		AN03B009	AN03B009
FBbt:20007712	adult AN03B011 neuron	manc	AN03B011			AN03B011		AN03B011	AN03B011
FBbt:20007713	adult AN03B039 neuron	manc	AN03B039			AN03B039		AN03B039	AN03B039
FBbt:20007714	adult AN03B050 neuron	manc	AN03B050			AN03B050		AN03B050	AN03B050
FBbt:20007715	adult AN03B094 neuron	manc	AN03B094			AN03B094		AN03B094	AN03B094
FBbt:20007716	adult AN03B095 neuron	manc	AN03B095			AN03B095		AN03B095	AN03B095
FBbt:20007717	adult AN04A001 neuron	manc	AN04A001			AN04A001		AN04A001	AN04A001
FBbt:20007718	adult AN04B001 neuron	manc	AN04B001			AN04B001		AN04B001	AN04B001
FBbt:20007719	adult AN04B003 neuron	manc	AN04B003			AN04B003		AN04B003	AN04B003
FBbt:20007720	adult AN04B004 neuron	manc	AN04B004			AN04B004		AN04B004	AN04B004
FBbt:20007721	adult AN04B023 neuron	manc	AN04B023			AN04B023		AN04B023	AN04B023
FBbt:20007722	adult AN04B051 neuron	manc	AN04B051			AN04B051		AN04B051	AN04B051
FBbt:20007723	adult AN05B004 neuron	manc	AN05B004			AN05B004		AN05B004	AN05B004
FBbt:20007724	adult AN05B005 neuron	manc	AN05B005			AN05B005		AN05B005	AN05B005
FBbt:20007725	adult AN05B006 neuron	manc	AN05B006			AN05B006		AN05B006	AN05B006
FBbt:20007726	adult AN05B007 neuron	manc	AN05B007			AN05B007		AN05B007	AN05B007
FBbt:20007727	adult AN05B009 neuron	manc	AN05B009			AN05B009		AN05B009	AN05B009
FBbt:20007728	adult AN05B010 neuron	manc	AN05B010			AN05B010		AN05B010	AN05B010
FBbt:20007729	adult AN05B015 neuron	manc	AN05B015			AN05B015		AN05B015	AN05B015
FBbt:20007730	adult AN05B017 neuron	manc	AN05B017			AN05B017		AN05B017	AN05B017
FBbt:20007731	adult AN05B021 neuron	manc	AN05B021			AN05B021		AN05B021	AN05B021
FBbt:20007732	adult AN05B024 neuron	manc	AN05B024			AN05B024		AN05B024	AN05B024
FBbt:20007733	adult AN05B025 neuron	manc	AN05B025			AN05B025		AN05B025	AN05B025
FBbt:20007734	adult AN05B026 neuron	manc	AN05B026			AN05B026		AN05B026	AN05B026
FBbt:20007735	adult AN05B027 neuron	manc	AN05B027			AN05B027		AN05B027	AN05B027
FBbt:20007736	adult AN05B029 neuron	manc	AN05B029			AN05B029		AN05B029	AN05B029
FBbt:20007737	adult AN05B035 neuron	manc	AN05B035			AN05B035		AN05B035	
FBbt:20007738	adult AN05B036 neuron	manc	AN05B036			AN05B036		AN05B036	AN05B036
FBbt:20007739	adult AN05B040 neuron	manc	AN05B040			AN05B040		AN05B040	AN05B040
FBbt:20007740	adult AN05B044 neuron	manc	AN05B044			AN05B044		AN05B044	AN05B044
FBbt:20007741	adult AN05B045 neuron	manc	AN05B045			AN05B045		AN05B045	AN05B045
FBbt:20007742	adult AN05B046 neuron	manc	AN05B046			AN05B046		AN05B046	AN05B046
FBbt:20007743	adult AN05B047 neuron	manc	AN05B047			AN05B047			AN05B047
FBbt:20007744	adult AN05B048 neuron	manc	AN05B048			AN05B048		AN05B048	AN05B048
FBbt:20007745	adult AN05B049 neuron	manc	AN05B049			AN05B049		AN05B049_a|AN05B049_c|AN05B049_b	AN05B049
FBbt:20007746	adult AN05B050 neuron	manc	AN05B050			AN05B050		AN05B050_a|AN05B050_c|AN05B050_b	AN05B050
FBbt:20007747	adult AN05B052 neuron	manc	AN05B052			AN05B052		AN05B052	AN05B052
FBbt:20007748	adult AN05B053 neuron	manc	AN05B053			AN05B053		AN05B053	AN05B053
FBbt:20007749	adult AN05B054 neuron	manc	AN05B054			AN05B054		AN05B054_a|AN05B054_b	AN05B054
FBbt:20007750	adult AN05B056 neuron	manc	AN05B056			AN05B056		AN05B056	AN05B056
FBbt:20007751	adult AN05B058 neuron	manc	AN05B058			AN05B058		AN05B058	AN05B058
FBbt:20007752	adult AN05B059 neuron	manc	AN05B059			AN05B059		AN05B059	
FBbt:20007753	adult AN05B060 neuron	manc	AN05B060			AN05B060		AN05B060	AN05B060
FBbt:20007754	adult AN05B062 neuron	manc	AN05B062			AN05B062		AN05B062	AN05B062
FBbt:20007755	adult AN05B063 neuron	manc	AN05B063			AN05B063		AN05B063	AN05B063
FBbt:20007756	adult AN05B067 neuron	manc	AN05B067			AN05B067		AN05B067	AN05B067
FBbt:20007757	adult AN05B068 neuron	manc	AN05B068			AN05B068		AN05B068	AN05B068
FBbt:20007758	adult AN05B069 neuron	manc	AN05B069			AN05B069		AN05B069	AN05B069
FBbt:20007759	adult AN05B071 neuron	manc	AN05B071			AN05B071		AN05B071	AN05B071
FBbt:20007760	adult AN05B076 neuron	manc	AN05B076			AN05B076		AN05B076	AN05B076
FBbt:20007761	adult AN05B078 neuron	manc	AN05B078			AN05B078		AN05B078	AN05B078
FBbt:20007762	adult AN05B081 neuron	manc	AN05B081			AN05B081		AN05B081	AN05B081
FBbt:20007763	adult AN05B083 neuron	manc	AN05B083			AN05B083		AN05B083	AN05B083
FBbt:20007764	adult AN05B094 neuron	manc	AN05B094			AN05B094			AN05B094
FBbt:20007765	adult AN05B095 neuron	manc	AN05B095			AN05B095		AN05B095	
FBbt:20007766	adult AN05B096 neuron	manc	AN05B096			AN05B096		AN05B096	AN05B096
FBbt:20007767	adult AN05B097 neuron	manc	AN05B097			AN05B097		AN05B097	AN05B097
FBbt:20007768	adult AN05B098 neuron	manc	AN05B098			AN05B098		AN05B098	AN05B098
FBbt:20007769	adult AN05B099 neuron	manc	AN05B099			AN05B099		AN05B099	AN05B099
FBbt:20007770	adult AN05B100 neuron	manc	AN05B100			AN05B100		AN05B100	AN05B100
FBbt:20007771	adult AN05B101 neuron	manc	AN05B101			AN05B101		AN05B101	AN05B101
FBbt:20007772	adult AN05B102 neuron	manc	AN05B102			AN05B102		AN05B102a|AN05B102d|AN05B102b	AN05B102
FBbt:20007773	adult AN05B103 neuron	manc	AN05B103			AN05B103		AN05B103	AN05B103
FBbt:20007774	adult AN05B104 neuron	manc	AN05B104			AN05B104		AN05B104	AN05B104
FBbt:20007775	adult AN05B105 neuron	manc	AN05B105			AN05B105		AN05B105	AN05B105
FBbt:20007776	adult AN05B106 neuron	manc	AN05B106			AN05B106		AN05B106	AN05B106
FBbt:20007777	adult AN06A010 neuron	manc	AN06A010			AN06A010		AN06A010	AN06A010
FBbt:20007778	adult AN06A015 neuron	manc	AN06A015			AN06A015		AN06A015	AN06A015
FBbt:20007779	adult AN06A016 neuron	manc	AN06A016			AN06A016		AN06A016	AN06A016
FBbt:20007780	adult AN06A017 neuron	manc	AN06A017			AN06A017		AN06A017	AN06A017
FBbt:20007781	adult AN06A018 neuron	manc	AN06A018			AN06A018		AN06A018	AN06A018
FBbt:20007782	adult AN06A026 neuron	manc	AN06A026			AN06A026		AN06A026	AN06A026
FBbt:20007783	adult AN06A027 neuron	manc	AN06A027			AN06A027		AN06A027	AN06A027
FBbt:20007784	adult AN06A030 neuron	manc	AN06A030			AN06A030		AN06A030	AN06A030
FBbt:20007785	adult AN06A041 neuron	manc	AN06A041			AN06A041		AN06A041	AN06A041
FBbt:20007786	adult AN06A060 neuron	manc	AN06A060			AN06A060		AN06A060	
FBbt:20007787	adult AN06A062 neuron	manc	AN06A062			AN06A062		AN06A062	AN06A062
FBbt:20007788	adult AN06A080 neuron	manc	AN06A080			AN06A080		AN06A080	AN06A080
FBbt:20007789	adult AN06A092 neuron	manc	AN06A092			AN06A092		AN06A092	AN06A092
FBbt:20007790	adult AN06A095 neuron	manc	AN06A095			AN06A095		AN06A095	AN06A095
FBbt:20007791	adult AN06A112 neuron	manc	AN06A112			AN06A112		AN06A112	AN06A112
FBbt:20007792	adult AN06B002 neuron	manc	AN06B002			AN06B002		AN06B002	AN06B002
FBbt:20007793	adult AN06B004 neuron	manc	AN06B004			AN06B004		AN06B004	
FBbt:20007794	adult AN06B005 neuron	manc	AN06B005			AN06B005		AN06B005	AN06B005
FBbt:20007795	adult AN06B007 neuron	manc	AN06B007			AN06B007		AN06B007	AN06B007
FBbt:20007796	adult AN06B009 neuron	manc	AN06B009			AN06B009		AN06B009	AN06B009
FBbt:20007798	adult AN06B012 neuron	manc	AN06B012			AN06B012		AN06B012	AN06B012
FBbt:20007799	adult AN06B014 neuron	manc	AN06B014			AN06B014		AN06B014	AN06B014
FBbt:20007800	adult AN06B015 neuron	manc	AN06B015			AN06B015		AN06B015	AN06B015
FBbt:20007801	adult AN06B023 neuron	manc	AN06B023			AN06B023		AN06B023	AN06B023
FBbt:20007803	adult AN06B026 neuron	manc	AN06B026			AN06B026		AN06B026	AN06B026
FBbt:20007804	adult AN06B031 neuron	manc	AN06B031			AN06B031		AN06B031	AN06B031
FBbt:20007805	adult AN06B034 neuron	manc	AN06B034			AN06B034		AN06B034	AN06B034
FBbt:20007806	adult AN06B037 neuron	manc	AN06B037			AN06B037		AN06B037	AN06B037
FBbt:20007807	adult AN06B039 neuron	manc	AN06B039			AN06B039		AN06B039	AN06B039
FBbt:20007808	adult AN06B040 neuron	manc	AN06B040			AN06B040		AN06B040	AN06B040
FBbt:20007809	adult AN06B042 neuron	manc	AN06B042			AN06B042		AN06B042	AN06B042
FBbt:20007810	adult AN06B044 neuron	manc	AN06B044			AN06B044		AN06B044	AN06B044
FBbt:20007811	adult AN06B045 neuron	manc	AN06B045			AN06B045		AN06B045	AN06B045
FBbt:20007812	adult AN06B046 neuron	manc	AN06B046			AN06B046		AN06B046	AN06B046
FBbt:20007813	adult AN06B048 neuron	manc	AN06B048			AN06B048		AN06B048	AN06B048
FBbt:20007814	adult AN06B051 neuron	manc	AN06B051			AN06B051		AN06B051	AN06B051
FBbt:20007816	adult AN06B068 neuron	manc	AN06B068			AN06B068		AN06B068	AN06B068
FBbt:20007817	adult AN06B075 neuron	manc	AN06B075			AN06B075		AN06B075	AN06B075
FBbt:20007818	adult AN07B003 neuron	manc	AN07B003			AN07B003		AN07B003	AN07B003
FBbt:20007819	adult AN07B004 neuron	manc	AN07B004			AN07B004		AN07B004	AN07B004
FBbt:20007820	adult AN07B005 neuron	manc	AN07B005			AN07B005		AN07B005	AN07B005
FBbt:20007821	adult AN07B011 neuron	manc	AN07B011			AN07B011		AN07B011	AN07B011
FBbt:20007822	adult AN07B013 neuron	manc	AN07B013			AN07B013		AN07B013	AN07B013
FBbt:20007823	adult AN07B015 neuron	manc	AN07B015			AN07B015		AN07B015	AN07B015
FBbt:20007824	adult AN07B017 neuron	manc	AN07B017			AN07B017		AN07B017	AN07B017
FBbt:20007825	adult AN07B018 neuron	manc	AN07B018			AN07B018		AN07B018	AN07B018
FBbt:20007826	adult AN07B021 neuron	manc	AN07B021			AN07B021		AN07B021	AN07B021
FBbt:20007827	adult AN07B024 neuron	manc	AN07B024			AN07B024		AN07B024	AN07B024
FBbt:20007828	adult AN07B025 neuron	manc	AN07B025			AN07B025		AN07B025	AN07B025
FBbt:20007829	adult AN07B032 neuron	manc	AN07B032			AN07B032		AN07B032	AN07B032
FBbt:20007830	adult AN07B035 neuron	manc	AN07B035			AN07B035		AN07B035	AN07B035
FBbt:20007831	adult AN07B036 neuron	manc	AN07B036			AN07B036		AN07B036	AN07B036
FBbt:20007832	adult AN07B037 neuron	manc	AN07B037			AN07B037		AN07B037_b|AN07B037_a	AN07B037
FBbt:20007833	adult AN07B040 neuron	manc	AN07B040			AN07B040		AN07B040	AN07B040
FBbt:20007834	adult AN07B041 neuron	manc	AN07B041			AN07B041		AN07B041	AN07B041
FBbt:20007835	adult AN07B042 neuron	manc	AN07B042			AN07B042		AN07B042	AN07B042
FBbt:20007836	adult AN07B043 neuron	manc	AN07B043			AN07B043		AN07B043	AN07B043
FBbt:20007837	adult AN07B045 neuron	manc	AN07B045			AN07B045		AN07B045	AN07B045
FBbt:20007838	adult AN07B046 neuron	manc	AN07B046			AN07B046		AN07B046_b|AN07B046_a|AN07B046_c	AN07B046
FBbt:20007839	adult AN07B049 neuron	manc	AN07B049			AN07B049		AN07B049	AN07B049
FBbt:20007840	adult AN07B050 neuron	manc	AN07B050			AN07B050		AN07B050	AN07B050
FBbt:20007841	adult AN07B051 neuron	manc	AN07B051			AN07B051			AN07B051
FBbt:20007842	adult AN07B052 neuron	manc	AN07B052			AN07B052		AN07B052	AN07B052
FBbt:20007843	adult AN07B056 neuron	manc	AN07B056			AN07B056		AN07B056	AN07B056
FBbt:20007844	adult AN07B057 neuron	manc	AN07B057			AN07B057		AN07B057	AN07B057
FBbt:20007845	adult AN07B060 neuron	manc	AN07B060			AN07B060		AN07B060	AN07B060
FBbt:20007846	adult AN07B062 neuron	manc	AN07B062			AN07B062		AN07B062|AN07B116	AN07B062
FBbt:20007847	adult AN07B063 neuron	manc	AN07B063			AN07B063		AN07B063	AN07B063
FBbt:20007848	adult AN07B069 neuron	manc	AN07B069			AN07B069		AN07B069_b|AN07B069_a	AN07B069
FBbt:20007849	adult AN07B070 neuron	manc	AN07B070			AN07B070		AN07B070	AN07B070
FBbt:20007850	adult AN07B071 neuron	manc	AN07B071			AN07B071		AN07B071_d|AN07B071_a|AN07B071_b	AN07B071
FBbt:20007851	adult AN07B072 neuron	manc	AN07B072			AN07B072		AN07B072_c|AN07B072_a|AN07B072_d|AN07B072_e|AN07B072_b|AN07B072_f	AN07B072
FBbt:20007852	adult AN07B076 neuron	manc	AN07B076			AN07B076		AN07B076	AN07B076
FBbt:20007853	adult AN07B078 neuron	manc	AN07B078			AN07B078		AN07B078_b	AN07B078
FBbt:20007854	adult AN07B082 neuron	manc	AN07B082			AN07B082		AN07B082_b|AN07B082_d|AN07B082_c|AN07B082_a	AN07B082
FBbt:20007855	adult AN07B085 neuron	manc	AN07B085			AN07B085		AN07B085	AN07B085
FBbt:20007856	adult AN07B088 neuron	manc	AN07B088			AN07B088			
FBbt:20007857	adult AN07B089 neuron	manc	AN07B089			AN07B089		AN07B089	AN07B089
FBbt:20007858	adult AN07B091 neuron	manc	AN07B091			AN07B091		AN07B091	AN07B091
FBbt:20007860	adult AN07B097 neuron	manc	AN07B097			AN07B097		AN07B097	
FBbt:20007861	adult AN07B100 neuron	manc	AN07B100			AN07B100		AN07B100	
FBbt:20007862	adult AN07B101 neuron	manc	AN07B101			AN07B101		AN07B101_b|AN07B101_c|AN07B101_a	AN07B101
FBbt:20007863	adult AN08B005 neuron	manc	AN08B005			AN08B005		AN08B005	AN08B005
FBbt:20007864	adult AN08B007 neuron	manc	AN08B007			AN08B007		AN08B007	AN08B007
FBbt:20007865	adult AN08B009 neuron	manc	AN08B009			AN08B009		AN08B009	AN08B009
FBbt:20007866	adult AN08B010 neuron	manc	AN08B010			AN08B010		AN08B010	AN08B010
FBbt:20007867	adult AN08B012 neuron	manc	AN08B012			AN08B012		AN08B012	AN08B012
FBbt:20007868	adult AN08B013 neuron	manc	AN08B013			AN08B013		AN08B013	AN08B013
FBbt:20007869	adult AN08B014 neuron	manc	AN08B014			AN08B014		AN08B014	AN08B014
FBbt:20007870	adult AN08B015 neuron	manc	AN08B015			AN08B015		AN08B015	AN08B015
FBbt:20007871	adult AN08B016 neuron	manc	AN08B016			AN08B016		AN08B016	AN08B016
FBbt:20007872	adult AN08B018 neuron	manc	AN08B018			AN08B018		AN08B018	AN08B018
FBbt:20007873	adult AN08B020 neuron	manc	AN08B020			AN08B020		AN08B020	
FBbt:20007874	adult AN08B022 neuron	manc	AN08B022			AN08B022		AN08B022	AN08B022
FBbt:20007875	adult AN08B023 neuron	manc	AN08B023			AN08B023		AN08B023	AN08B023
FBbt:20007876	adult AN08B024 neuron	manc	AN08B024			AN08B024		AN08B024	AN08B024
FBbt:20007877	adult AN08B025 neuron	manc	AN08B025			AN08B025		AN08B025	AN08B025
FBbt:20007878	adult AN08B026 neuron	manc	AN08B026			AN08B026		AN08B026	AN08B026
FBbt:20007879	adult AN08B027 neuron	manc	AN08B027			AN08B027		AN08B027	AN08B027
FBbt:20007880	adult AN08B028 neuron	manc	AN08B028			AN08B028		AN08B028	AN08B028
FBbt:20007881	adult AN08B032 neuron	manc	AN08B032			AN08B032		AN08B032	AN08B032
FBbt:20007882	adult AN08B034 neuron	manc	AN08B034			AN08B034		AN08B034	AN08B034
FBbt:20007883	adult AN08B035 neuron	manc	AN08B035			AN08B035		AN08B035	
FBbt:20007884	adult AN08B041 neuron	manc	AN08B041			AN08B041		AN08B041	AN08B041
FBbt:20007885	adult AN08B047 neuron	manc	AN08B047			AN08B047		AN08B047	
FBbt:20007886	adult AN08B048 neuron	manc	AN08B048			AN08B048		AN08B048	AN08B048
FBbt:20007887	adult AN08B049 neuron	manc	AN08B049			AN08B049		AN08B049	AN08B049
FBbt:20007888	adult AN08B050 neuron	manc	AN08B050			AN08B050		AN08B050	AN08B050
FBbt:20007889	adult AN08B053 neuron	manc	AN08B053			AN08B053		AN08B053	
FBbt:20007890	adult AN08B057 neuron	manc	AN08B057			AN08B057		AN08B057	AN08B057
FBbt:20007891	adult AN08B061 neuron	manc	AN08B061			AN08B061		AN08B061	
FBbt:20007892	adult AN08B066 neuron	manc	AN08B066			AN08B066		AN08B066	AN08B066
FBbt:20007893	adult AN08B071 neuron	manc	AN08B071			AN08B071			AN08B071
FBbt:20007894	adult AN08B074 neuron	manc	AN08B074			AN08B074		AN08B074	
FBbt:20007895	adult AN08B079 neuron	manc	AN08B079			AN08B079		AN08B079_b|AN08B079_a	AN08B079
FBbt:20007896	adult AN08B081 neuron	manc	AN08B081			AN08B081		AN08B081	AN08B081
FBbt:20007897	adult AN08B084 neuron	manc	AN08B084			AN08B084		AN08B084	
FBbt:20007898	adult AN08B086 neuron	manc	AN08B086			AN08B086		AN08B086	AN08B086
FBbt:20007899	adult AN08B089 neuron	manc	AN08B089			AN08B089		AN08B089	AN08B089
FBbt:20007900	adult AN08B094 neuron	manc	AN08B094			AN08B094		AN08B094	AN08B094
FBbt:20007901	adult AN08B095 neuron	manc	AN08B095			AN08B095		AN08B095	AN08B095
FBbt:20007902	adult AN08B096 neuron	manc	AN08B096			AN08B096		AN08B096	AN08B096
FBbt:20007903	adult AN08B097 neuron	manc	AN08B097			AN08B097		AN08B097	AN08B097
FBbt:20007904	adult AN08B098 neuron	manc	AN08B098			AN08B098		AN08B098	AN08B098
FBbt:20007905	adult AN08B099 neuron	manc	AN08B099			AN08B099		AN08B099_c|AN08B099_e|AN08B099_d|AN08B099_a|AN08B099_b|AN08B099_f|AN08B099_i|AN08B099_j|AN08B099_g|AN08B099_h	AN08B099
FBbt:20007906	adult AN08B100 neuron	manc	AN08B100			AN08B100		AN08B100	AN08B100
FBbt:20007907	adult AN08B101 neuron	manc	AN08B101			AN08B101		AN08B101	AN08B101
FBbt:20007908	adult AN08B102 neuron	manc	AN08B102			AN08B102		AN08B102	AN08B102
FBbt:20007909	adult AN08B103 neuron	manc	AN08B103			AN08B103		AN08B103	AN08B103
FBbt:20007910	adult AN08B106 neuron	manc	AN08B106			AN08B106		AN08B106	AN08B106
FBbt:20007911	adult AN08B107 neuron	manc	AN08B107			AN08B107		AN08B107	AN08B107
FBbt:20007912	adult AN08B109 neuron	manc	AN08B109			AN08B109		AN08B109	AN08B109
FBbt:20007913	adult AN08B110 neuron	manc	AN08B110			AN08B110		AN08B110	AN08B110
FBbt:20007914	adult AN08B111 neuron	manc	AN08B111			AN08B111		AN08B111	AN08B111
FBbt:20007915	adult AN08B112 neuron	manc	AN08B112			AN08B112		AN08B112	AN08B112
FBbt:20007916	adult AN08B113 neuron	manc	AN08B113			AN08B113		AN08B113	AN08B113
FBbt:20007917	adult AN09A005 neuron	manc	AN09A005			AN09A005	AN09A005	AN09A005	AN09A005
FBbt:20007918	adult AN09A007 neuron	manc	AN09A007			AN09A007		AN09A007	AN09A007
FBbt:20007919	adult AN09B001 neuron	manc	AN09B001			AN09B001			AN09B001
FBbt:20007920	adult AN09B002 neuron	manc	AN09B002			AN09B002		AN09B002	AN09B002
FBbt:20007921	adult AN09B003 neuron	manc	AN09B003			AN09B003		AN09B003	AN09B003
FBbt:20007922	adult AN09B004 neuron	manc	AN09B004			AN09B004		AN09B004	AN09B004
FBbt:20007923	adult AN09B006 neuron	manc	AN09B006			AN09B006		AN09B006	AN09B006
FBbt:20007924	adult AN09B007 neuron	manc	AN09B007			AN09B007		AN09B007	AN09B007
FBbt:20007925	adult AN09B009 neuron	manc	AN09B009			AN09B009		AN09B009	AN09B009
FBbt:20007926	adult AN09B011 neuron	manc	AN09B011			AN09B011		AN09B011	AN09B011
FBbt:20007927	adult AN09B012 neuron	manc	AN09B012			AN09B012		AN09B012	AN09B012
FBbt:20007928	adult AN09B013 neuron	manc	AN09B013			AN09B013		AN09B013	AN09B013
FBbt:20007929	adult AN09B014 neuron	manc	AN09B014			AN09B014		AN09B014	AN09B014
FBbt:20007930	adult AN09B015 neuron	manc	AN09B015			AN09B015		AN09B015	AN09B015
FBbt:20007931	adult AN09B016 neuron	manc	AN09B016			AN09B016		AN09B016	AN09B016
FBbt:20007932	adult AN09B018 neuron	manc	AN09B018			AN09B018		AN09B018	AN09B018
FBbt:20007933	adult AN09B019 neuron	manc	AN09B019			AN09B019		AN09B019	AN09B019
FBbt:20007934	adult AN09B020 neuron	manc	AN09B020			AN09B020		AN09B020	AN09B020
FBbt:20007935	adult AN09B021 neuron	manc	AN09B021			AN09B021		AN09B021	AN09B021
FBbt:20007936	adult AN09B023 neuron	manc	AN09B023			AN09B023		AN09B023	AN09B023
FBbt:20007937	adult AN09B024 neuron	manc	AN09B024			AN09B024		AN09B024	AN09B024
FBbt:20007938	adult AN09B026 neuron	manc	AN09B026			AN09B026		AN09B026	AN09B026
FBbt:20007939	adult AN09B027 neuron	manc	AN09B027			AN09B027		AN09B027	AN09B027
FBbt:20007940	adult AN09B028 neuron	manc	AN09B028			AN09B028		AN09B028	AN09B028
FBbt:20007941	adult AN09B029 neuron	manc	AN09B029			AN09B029		AN09B029	AN09B029
FBbt:20007942	adult AN09B030 neuron	manc	AN09B030			AN09B030		AN09B030	AN09B030
FBbt:20007943	adult AN09B031 neuron	manc	AN09B031			AN09B031		AN09B031	AN09B031
FBbt:20007944	adult AN09B032 neuron	manc	AN09B032			AN09B032		AN09B032	AN09B032
FBbt:20007945	adult AN09B033 neuron	manc	AN09B033			AN09B033		AN09B033	AN09B033
FBbt:20007946	adult AN09B034 neuron	manc	AN09B034			AN09B034		AN09B034	AN09B034
FBbt:20007947	adult AN09B035 neuron	manc	AN09B035			AN09B035		AN09B035	AN09B035
FBbt:20007948	adult AN09B036 neuron	manc	AN09B036			AN09B036		AN09B036	AN09B036
FBbt:20007949	adult AN09B037 neuron	manc	AN09B037			AN09B037		AN09B037	AN09B037
FBbt:20007950	adult AN09B040 neuron	manc	AN09B040			AN09B040		AN09B040	AN09B040
FBbt:20007951	adult AN09B042 neuron	manc	AN09B042			AN09B042		AN09B042	AN09B042
FBbt:20007952	adult AN09B044 neuron	manc	AN09B044			AN09B044		AN09B044	AN09B044
FBbt:20007953	adult AN10B005 neuron	manc	AN10B005			AN10B005		AN10B005	AN10B005
FBbt:20007954	adult AN10B008 neuron	manc	AN10B008			AN10B008		AN10B008	AN10B008
FBbt:20007955	adult AN10B009 neuron	manc	AN10B009			AN10B009		AN10B009	
FBbt:20007956	adult AN10B015 neuron	manc	AN10B015			AN10B015		AN10B015	AN10B015
FBbt:20007957	adult AN10B017 neuron	manc	AN10B017			AN10B017		AN10B017	AN10B017
FBbt:20007958	adult AN10B018 neuron	manc	AN10B018			AN10B018		AN10B018	AN10B018
FBbt:20007959	adult AN10B019 neuron	manc	AN10B019			AN10B019		AN10B019	AN10B019
FBbt:20007960	adult AN10B020 neuron	manc	AN10B020			AN10B020		AN10B020	AN10B020
FBbt:20007961	adult AN10B021 neuron	manc	AN10B021			AN10B021		AN10B021	AN10B021
FBbt:20007962	adult AN10B022 neuron	manc	AN10B022			AN10B022		AN10B022	AN10B022
FBbt:20007963	adult AN10B024 neuron	manc	AN10B024			AN10B024		AN10B024	AN10B024
FBbt:20007964	adult AN10B026 neuron	manc	AN10B026			AN10B026		AN10B026	
FBbt:20007965	adult AN10B027 neuron	manc	AN10B027			AN10B027		AN10B027	AN10B027
FBbt:20007966	adult AN10B029 neuron	manc	AN10B029			AN10B029		AN10B029	AN10B029
FBbt:20007967	adult AN10B031 neuron	manc	AN10B031			AN10B031		AN10B031	AN10B031
FBbt:20007968	adult AN10B033 neuron	manc	AN10B033			AN10B033		AN10B033	AN10B033
FBbt:20007969	adult AN10B034 neuron	manc	AN10B034			AN10B034		AN10B034	AN10B034
FBbt:20007970	adult AN10B035 neuron	manc	AN10B035			AN10B035		AN10B035	AN10B035
FBbt:20007971	adult AN10B037 neuron	manc	AN10B037			AN10B037		AN10B037	AN10B037
FBbt:20007972	adult AN10B039 neuron	manc	AN10B039			AN10B039		AN10B039	AN10B039
FBbt:20007973	adult AN10B045 neuron	manc	AN10B045			AN10B045		AN10B045	AN10B045
FBbt:20007974	adult AN10B046 neuron	manc	AN10B046			AN10B046		AN10B046	AN10B046
FBbt:20007975	adult AN10B047 neuron	manc	AN10B047			AN10B047		AN10B047	AN10B047
FBbt:20007976	adult AN10B048 neuron	manc	AN10B048			AN10B048		AN10B048	AN10B048
FBbt:20007977	adult AN10B049 neuron	manc	AN10B049			AN10B049			AN10B049
FBbt:20007978	adult AN10B051 neuron	manc	AN10B051			AN10B051			AN10B051
FBbt:20007979	adult AN10B053 neuron	manc	AN10B053			AN10B053		AN10B053	AN10B053
FBbt:20007980	adult AN10B056 neuron	manc	AN10B056			AN10B056			AN10B056
FBbt:20007981	adult AN10B060 neuron	manc	AN10B060			AN10B060			AN10B060
FBbt:20007982	adult AN10B061 neuron	manc	AN10B061			AN10B061		AN10B061	AN10B061
FBbt:20007983	adult AN11B008 neuron	manc	AN11B008			AN11B008		AN11B008	AN11B008
FBbt:20007984	adult AN11B012 neuron	manc	AN11B012			AN11B012		AN11B012	AN11B012
FBbt:20007985	adult AN12A003 neuron	manc	AN12A003			AN12A003		AN12A003	AN12A003
FBbt:20007986	adult AN12A017 neuron	manc	AN12A017			AN12A017		AN12A017	AN12A017
FBbt:20007987	adult AN12B001 neuron	manc	AN12B001			AN12B001		AN12B001	AN12B001
FBbt:20007988	adult AN12B004 neuron	manc	AN12B004			AN12B004		AN12B004	AN12B004
FBbt:20007989	adult AN12B005 neuron	manc	AN12B005			AN12B005		AN12B005	AN12B005
FBbt:20007990	adult AN12B006 neuron	manc	AN12B006			AN12B006		AN12B006	AN12B006
FBbt:20007991	adult AN12B008 neuron	manc	AN12B008			AN12B008		AN12B008	AN12B008
FBbt:20007992	adult AN12B011 neuron	manc	AN12B011			AN12B011		AN12B011	AN12B011
FBbt:20007993	adult AN12B017 neuron	manc	AN12B017			AN12B017		AN12B017	AN12B017
FBbt:20007994	adult AN12B019 neuron	manc	AN12B019			AN12B019		AN12B019	AN12B019
FBbt:20007995	adult AN12B055 neuron	manc	AN12B055			AN12B055		AN12B055	AN12B055
FBbt:20007996	adult AN12B060 neuron	manc	AN12B060			AN12B060		AN12B060	AN12B060
FBbt:20007997	adult AN12B076 neuron	manc	AN12B076			AN12B076		AN12B076	AN12B076
FBbt:20007998	adult AN12B080 neuron	manc	AN12B080			AN12B080		AN12B080	
FBbt:20007999	adult AN12B089 neuron	manc	AN12B089			AN12B089		AN12B089	AN12B089
FBbt:20008000	adult AN13B002 neuron	manc	AN13B002			AN13B002		AN13B002	AN13B002
FBbt:20008001	adult AN14A003 neuron	manc	AN14A003			AN14A003		AN14A003	AN14A003
FBbt:20008002	adult AN14B012 neuron	manc	AN14B012			AN14B012		AN14B012	AN14B012
FBbt:20008003	adult AN16B078 neuron	manc	AN16B078			AN16B078		AN16B078_b|AN16B078_d|AN16B078_a|AN16B078_c	AN16B078
FBbt:20008004	adult AN16B081 neuron	manc	AN16B081			AN16B081		AN16B081	AN16B081
FBbt:20008005	adult AN16B112 neuron	manc	AN16B112			AN16B112		AN16B112	AN16B112
FBbt:20008006	adult AN16B116 neuron	manc	AN16B116			AN16B116		AN16B116	AN16B116
FBbt:20008007	adult AN17A002 neuron	manc	AN17A002			AN17A002		AN17A002	AN17A002
FBbt:20008008	adult AN17A003 neuron	manc	AN17A003			AN17A003		AN17A003	AN17A003
FBbt:20008009	adult AN17A004 neuron	manc	AN17A004			AN17A004		AN17A004	AN17A004
FBbt:20008010	adult AN17A008 neuron	manc	AN17A008			AN17A008		AN17A008	AN17A008
FBbt:20008011	adult AN17A009 neuron	manc	AN17A009			AN17A009		AN17A009	AN17A009
FBbt:20008012	adult AN17A012 neuron	manc	AN17A012			AN17A012		AN17A012	AN17A012
FBbt:20008013	adult AN17A013 neuron	manc	AN17A013			AN17A013		AN17A013	AN17A013
FBbt:20008014	adult AN17A014 neuron	manc	AN17A014			AN17A014		AN17A014	AN17A014
FBbt:20008015	adult AN17A015 neuron	manc	AN17A015			AN17A015		AN17A015	AN17A015
FBbt:20008016	adult AN17A018 neuron	manc	AN17A018			AN17A018		AN17A018	AN17A018
FBbt:20008017	adult AN17A024 neuron	manc	AN17A024			AN17A024		AN17A024	AN17A024
FBbt:20008019	adult AN17A031 neuron	manc	AN17A031			AN17A031		AN17A031	AN17A031
FBbt:20008020	adult AN17A047 neuron	manc	AN17A047			AN17A047		AN17A047	AN17A047
FBbt:20008021	adult AN17A050 neuron	manc	AN17A050			AN17A050		AN17A050	AN17A050
FBbt:20008022	adult AN17A062 neuron	manc	AN17A062			AN17A062		AN17A062	AN17A062
FBbt:20008023	adult AN17A068 neuron	manc	AN17A068			AN17A068		AN17A068	AN17A068
FBbt:20008024	adult AN17A073 neuron	manc	AN17A073			AN17A073		AN17A073	AN17A073
FBbt:20008025	adult AN17A076 neuron	manc	AN17A076			AN17A076		AN17A076	AN17A076
FBbt:20008026	adult AN17B002 neuron	manc	AN17B002			AN17B002		AN17B002	AN17B002
FBbt:20008027	adult AN17B005 neuron	manc	AN17B005			AN17B005		AN17B005	AN17B005
FBbt:20008028	adult AN17B007 neuron	manc	AN17B007			AN17B007		AN17B007	AN17B007
FBbt:20008029	adult AN17B008 neuron	manc	AN17B008			AN17B008		AN17B008	AN17B008
FBbt:20008030	adult AN17B009 neuron	manc	AN17B009			AN17B009		AN17B009	AN17B009
FBbt:20008031	adult AN17B011 neuron	manc	AN17B011			AN17B011		AN17B011	AN17B011
FBbt:20008032	adult AN17B012 neuron	manc	AN17B012			AN17B012		AN17B012	AN17B012
FBbt:20008033	adult AN17B013 neuron	manc	AN17B013			AN17B013		AN17B013	AN17B013
FBbt:20008034	adult AN17B016 neuron	manc	AN17B016			AN17B016		AN17B016	AN17B016
FBbt:20008035	adult AN18B001 neuron	manc	AN18B001			AN18B001		AN18B001	AN18B001
FBbt:20008036	adult AN18B002 neuron	manc	AN18B002			AN18B002		AN18B002	AN18B002
FBbt:20008037	adult AN18B003 neuron	manc	AN18B003			AN18B003		AN18B003	AN18B003
FBbt:20008038	adult AN18B004 neuron	manc	AN18B004			AN18B004		AN18B004	AN18B004
FBbt:20008039	adult AN18B019 neuron	manc	AN18B019			AN18B019		AN18B019	AN18B019
FBbt:20008040	adult AN18B020 neuron	manc	AN18B020			AN18B020		AN18B020	AN18B020
FBbt:20008041	adult AN18B022 neuron	manc	AN18B022			AN18B022		AN18B022	AN18B022
FBbt:20008042	adult AN18B023 neuron	manc	AN18B023			AN18B023		AN18B023	AN18B023
FBbt:20008043	adult AN18B025 neuron	manc	AN18B025			AN18B025		AN18B025	AN18B025
FBbt:20008044	adult AN18B032 neuron	manc	AN18B032			AN18B032		AN18B032	AN18B032
FBbt:20008045	adult AN18B053 neuron	manc	AN18B053			AN18B053		AN18B053	AN18B053
FBbt:20008046	adult AN19A018 neuron	manc	AN19A018	AN19A018		AN19A018		AN19A018	AN19A018
FBbt:20008047	adult AN19A019 neuron	manc	AN19A019			AN19A019		AN19A019	AN19A019
FBbt:20008048	adult AN19A038 neuron	manc	AN19A038			AN19A038		AN19A038	AN19A038
FBbt:20008049	adult AN19B001 neuron	manc	AN19B001			AN19B001		AN19B001	AN19B001
FBbt:20008050	adult AN19B004 neuron	manc	AN19B004			AN19B004		AN19B004	AN19B004
FBbt:20008051	adult AN19B009 neuron	manc	AN19B009			AN19B009		AN19B009	AN19B009
FBbt:20008052	adult AN19B010 neuron	manc	AN19B010			AN19B010		AN19B010	AN19B010
FBbt:20008053	adult AN19B014 neuron	manc	AN19B014			AN19B014		AN19B014	AN19B014
FBbt:20008054	adult AN19B015 neuron	manc	AN19B015			AN19B015		AN19B015	AN19B015
FBbt:20008055	adult AN19B017 neuron	manc	AN19B017			AN19B017		AN19B017	AN19B017
FBbt:20008056	adult AN19B018 neuron	manc	AN19B018			AN19B018		AN19B018	AN19B018
FBbt:20008057	adult AN19B019 neuron	manc	AN19B019			AN19B019		AN19B019	AN19B019
FBbt:20008058	adult AN19B022 neuron	manc	AN19B022			AN19B022		AN19B022	AN19B022
FBbt:20008059	adult AN19B024 neuron	manc	AN19B024			AN19B024		AN19B024	AN19B024
FBbt:20008060	adult AN19B025 neuron	manc	AN19B025			AN19B025		AN19B025	AN19B025
FBbt:20008061	adult AN19B028 neuron	manc	AN19B028			AN19B028		AN19B028	AN19B028
FBbt:20008062	adult AN19B032 neuron	manc	AN19B032			AN19B032		AN19B032	AN19B032
FBbt:20008063	adult AN19B036 neuron	manc	AN19B036			AN19B036		AN19B036	AN19B036
FBbt:20008064	adult AN19B039 neuron	manc	AN19B039			AN19B039		AN19B039	AN19B039
FBbt:20008065	adult AN19B042 neuron	manc	AN19B042			AN19B042		AN19B042	AN19B042
FBbt:20008066	adult AN19B044 neuron	manc	AN19B044			AN19B044		AN19B044	AN19B044
FBbt:20008067	adult AN19B046 neuron	manc	AN19B046			AN19B046		AN19B046	AN19B046
FBbt:20008068	adult AN19B049 neuron	manc	AN19B049			AN19B049		AN19B049	AN19B049
FBbt:20008069	adult AN19B051 neuron	manc	AN19B051			AN19B051		AN19B051	AN19B051
FBbt:20008070	adult AN19B059 neuron	manc	AN19B059			AN19B059		AN19B059	AN19B059
FBbt:20008071	adult AN19B060 neuron	manc	AN19B060			AN19B060		AN19B060	AN19B060
FBbt:20008072	adult AN19B061 neuron	manc	AN19B061			AN19B061		AN19B061	
FBbt:20008073	adult AN19B063 neuron	manc	AN19B063			AN19B063		AN19B063	AN19B063
FBbt:20008074	adult AN19B065 neuron	manc	AN19B065			AN19B065		AN19B065	AN19B065
FBbt:20008075	adult AN19B074 neuron	manc	AN19B074			AN19B074			AN19B074
FBbt:20008076	adult AN19B076 neuron	manc	AN19B076			AN19B076		AN19B076	AN19B076
FBbt:20008077	adult AN19B079 neuron	manc	AN19B079			AN19B079		AN19B079	AN19B079
FBbt:20008078	adult AN19B093 neuron	manc	AN19B093			AN19B093		AN19B093	AN19B093
FBbt:20008079	adult AN19B098 neuron	manc	AN19B098			AN19B098		AN19B098	AN19B098
FBbt:20008080	adult AN19B099 neuron	manc	AN19B099			AN19B099		AN19B099	AN19B099
FBbt:20008081	adult AN19B100 neuron	manc	AN19B100			AN19B100		AN19B100	AN19B100
FBbt:20008082	adult AN19B101 neuron	manc	AN19B101			AN19B101		AN19B101	AN19B101
FBbt:20008083	adult AN19B102 neuron	manc	AN19B102			AN19B102		AN19B102	AN19B102
FBbt:20008084	adult AN19B104 neuron	manc	AN19B104			AN19B104		AN19B104	AN19B104
FBbt:20008085	adult AN19B106 neuron	manc	AN19B106			AN19B106		AN19B106	AN19B106
FBbt:20008086	adult AN23B001 neuron	manc	AN23B001			AN23B001		AN23B001	AN23B001
FBbt:20008087	adult AN23B002 neuron	manc	AN23B002			AN23B002		AN23B002	AN23B002
FBbt:20008088	adult AN23B003 neuron	manc	AN23B003			AN23B003		AN23B003	AN23B003
FBbt:20008089	adult AN23B004 neuron	manc	AN23B004			AN23B004		AN23B004	AN23B004
FBbt:20008090	adult AN23B010 neuron	manc	AN23B010			AN23B010		AN23B010	AN23B010
FBbt:20008091	adult AN23B026 neuron	manc	AN23B026			AN23B026		AN23B026	
FBbt:20008092	adult AN26X004 neuron	manc	AN26X004			AN26X004		AN26X004	AN26X004
FBbt:20008093	adult AN27X008 neuron	manc	AN27X008			AN27X008		AN27X008	AN27X008
FBbt:20008094	adult AN27X009 neuron	manc	AN27X009			AN27X009		AN27X009	AN27X009
FBbt:20008095	adult AN27X011 neuron	manc	AN27X011			AN27X011		AN27X011	AN27X011
FBbt:20008096	adult AN27X013 neuron	manc	AN27X013			AN27X013	AN27X013	AN27X013	AN27X013
FBbt:20008097	adult AN27X015 neuron	manc	AN27X015			AN27X015		AN27X015	AN27X015
FBbt:20008098	adult AN27X016 neuron	manc	AN27X016			AN27X016		AN27X016	AN27X016
FBbt:20008099	adult AN27X017 neuron	manc	AN27X017			AN27X017		AN27X017	AN27X017
FBbt:20008100	adult AN27X018 neuron	manc	AN27X018			AN27X018		AN27X018	
FBbt:20008101	adult AN27X019 neuron	manc	AN27X019			AN27X019		AN27X019	
FBbt:20008102	adult ANXXX002 neuron	manc	ANXXX002			ANXXX002		ANXXX002	ANXXX002
FBbt:20008103	adult ANXXX005 neuron	manc	ANXXX005	ANXXX005		ANXXX005		ANXXX005	ANXXX005
FBbt:20008104	adult ANXXX006 neuron	manc	ANXXX006			ANXXX006		ANXXX006	ANXXX006
FBbt:20008105	adult ANXXX007 neuron	manc	ANXXX007			ANXXX007		ANXXX007	ANXXX007
FBbt:20008106	adult ANXXX008 neuron	manc	ANXXX008			ANXXX008		ANXXX008	ANXXX008
FBbt:20008107	adult ANXXX013 neuron	manc	ANXXX013			ANXXX013		ANXXX013	ANXXX013
FBbt:20008108	adult ANXXX019 neuron	manc	ANXXX019			ANXXX019			ANXXX019
FBbt:20008109	adult ANXXX023 neuron	manc	ANXXX023			ANXXX023		ANXXX023	ANXXX023
FBbt:20008110	adult ANXXX024 neuron	manc	ANXXX024			ANXXX024		ANXXX024	ANXXX024
FBbt:20008111	adult ANXXX026 neuron	manc	ANXXX026			ANXXX026		ANXXX026	ANXXX026
FBbt:20008112	adult ANXXX027 neuron	manc	ANXXX027			ANXXX027		ANXXX027	ANXXX027
FBbt:20008113	adult ANXXX030 neuron	manc	ANXXX030			ANXXX030		ANXXX030	ANXXX030
FBbt:20008114	adult ANXXX033 neuron	manc	ANXXX033			ANXXX033		ANXXX033	ANXXX033
FBbt:20008115	adult ANXXX037 neuron	manc	ANXXX037			ANXXX037		ANXXX037	ANXXX037
FBbt:20008116	adult ANXXX041 neuron	manc	ANXXX041			ANXXX041		ANXXX041	ANXXX041
FBbt:20008117	adult ANXXX043 neuron	manc	ANXXX043			ANXXX043			ANXXX043
FBbt:20008118	adult ANXXX046 neuron	manc	ANXXX046			ANXXX046			ANXXX046
FBbt:20008119	adult ANXXX049 neuron	manc	ANXXX049			ANXXX049		ANXXX049	ANXXX049
FBbt:20008120	adult ANXXX050 neuron	manc	ANXXX050			ANXXX050		ANXXX050	
FBbt:20008121	adult ANXXX055 neuron	manc	ANXXX055			ANXXX055		ANXXX055	ANXXX055
FBbt:20008122	adult ANXXX057 neuron	manc	ANXXX057			ANXXX057		ANXXX057	ANXXX057
FBbt:20008123	adult ANXXX068 neuron	manc	ANXXX068			ANXXX068		ANXXX068	
FBbt:20008124	adult ANXXX071 neuron	manc	ANXXX071			ANXXX071		ANXXX071	
FBbt:20008125	adult ANXXX072 neuron	manc	ANXXX072			ANXXX072		ANXXX072	ANXXX072
FBbt:20008126	adult ANXXX074 neuron	manc	ANXXX074			ANXXX074		ANXXX074	ANXXX074
FBbt:20008127	adult ANXXX075 neuron	manc	ANXXX075			ANXXX075		ANXXX075	ANXXX075
FBbt:20008128	adult ANXXX082 neuron	manc	ANXXX082			ANXXX082		ANXXX082	ANXXX082
FBbt:20008129	adult ANXXX084 neuron	manc	ANXXX084			ANXXX084		ANXXX084	ANXXX084
FBbt:20008130	adult ANXXX086 neuron	manc	ANXXX086			ANXXX086		ANXXX086	ANXXX086
FBbt:20008131	adult ANXXX090 neuron	manc	ANXXX090			ANXXX090			ANXXX090
FBbt:20008132	adult ANXXX092 neuron	manc	ANXXX092			ANXXX092		ANXXX092	ANXXX092
FBbt:20008133	adult ANXXX093 neuron	manc	ANXXX093			ANXXX093		ANXXX093	ANXXX093
FBbt:20008134	adult ANXXX094 neuron	manc	ANXXX094			ANXXX094		ANXXX094	ANXXX094
FBbt:20008135	adult ANXXX098 neuron	manc	ANXXX098			ANXXX098		ANXXX098	ANXXX098
FBbt:20008136	adult ANXXX099 neuron	manc	ANXXX099			ANXXX099		ANXXX099	ANXXX099
FBbt:20008137	adult ANXXX102 neuron	manc	ANXXX102			ANXXX102		ANXXX102	ANXXX102
FBbt:20008138	adult ANXXX106 neuron	manc	ANXXX106			ANXXX106		ANXXX106	ANXXX106
FBbt:20008139	adult ANXXX108 neuron	manc	ANXXX108			ANXXX108		ANXXX108	ANXXX108
FBbt:20008140	adult ANXXX109 neuron	manc	ANXXX109			ANXXX109		ANXXX109	ANXXX109
FBbt:20008141	adult ANXXX116 neuron	manc	ANXXX116			ANXXX116		ANXXX116	ANXXX116
FBbt:20008142	adult ANXXX120 neuron	manc	ANXXX120			ANXXX120		ANXXX120	ANXXX120
FBbt:20008143	adult ANXXX127 neuron	manc	ANXXX127			ANXXX127		ANXXX127	ANXXX127
FBbt:20008144	adult ANXXX130 neuron	manc	ANXXX130			ANXXX130		ANXXX130	ANXXX130
FBbt:20008145	adult ANXXX131 neuron	manc	ANXXX131			ANXXX131		ANXXX131	ANXXX131
FBbt:20008146	adult ANXXX132 neuron	manc	ANXXX132			ANXXX132		ANXXX132	ANXXX132
FBbt:20008147	adult ANXXX136 neuron	manc	ANXXX136			ANXXX136		ANXXX136	ANXXX136
FBbt:20008148	adult ANXXX139 neuron	manc	ANXXX139			ANXXX139		ANXXX139	ANXXX139
FBbt:20008149	adult ANXXX144 neuron	manc	ANXXX144			ANXXX144		ANXXX144	ANXXX144
FBbt:20008150	adult ANXXX145 neuron	manc	ANXXX145			ANXXX145		ANXXX145	ANXXX145
FBbt:20008151	adult ANXXX148 neuron	manc	ANXXX148			ANXXX148			ANXXX148
FBbt:20008152	adult ANXXX150 neuron	manc	ANXXX150			ANXXX150		ANXXX150	ANXXX150
FBbt:20008153	adult ANXXX151 neuron	manc	ANXXX151			ANXXX151		ANXXX151	ANXXX151
FBbt:20008154	adult ANXXX152 neuron	manc	ANXXX152			ANXXX152		ANXXX152	
FBbt:20008155	adult ANXXX154 neuron	manc	ANXXX154			ANXXX154		ANXXX154	ANXXX154
FBbt:20008156	adult ANXXX157 neuron	manc	ANXXX157			ANXXX157		ANXXX157	ANXXX157
FBbt:20008157	adult ANXXX165 neuron	manc	ANXXX165			ANXXX165		ANXXX165	ANXXX165
FBbt:20008158	adult ANXXX169 neuron	manc	ANXXX169			ANXXX169		ANXXX169	ANXXX169
FBbt:20008159	adult ANXXX170 neuron	manc	ANXXX170			ANXXX170		ANXXX170	ANXXX170
FBbt:20008160	adult ANXXX171 neuron	manc	ANXXX171			ANXXX171		ANXXX171	ANXXX171
FBbt:20008161	adult ANXXX174 neuron	manc	ANXXX174			ANXXX174		ANXXX174	ANXXX174
FBbt:20008162	adult ANXXX178 neuron	manc	ANXXX178			ANXXX178		ANXXX178	ANXXX178
FBbt:20008163	adult ANXXX191 neuron	manc	ANXXX191			ANXXX191		ANXXX191	ANXXX191
FBbt:20008164	adult ANXXX196 neuron	manc	ANXXX196			ANXXX196		ANXXX196	ANXXX196
FBbt:20008165	adult ANXXX200 neuron	manc	ANXXX200			ANXXX200		ANXXX200	ANXXX200
FBbt:20008166	adult ANXXX202 neuron	manc	ANXXX202			ANXXX202		ANXXX202	ANXXX202
FBbt:20008167	adult ANXXX214 neuron	manc	ANXXX214			ANXXX214		ANXXX214	ANXXX214
FBbt:20008168	adult ANXXX218 neuron	manc	ANXXX218			ANXXX218		ANXXX218	ANXXX218
FBbt:20008169	adult ANXXX250 neuron	manc	ANXXX250			ANXXX250		ANXXX250	ANXXX250
FBbt:20008170	adult ANXXX254 neuron	manc	ANXXX254			ANXXX254		ANXXX254	ANXXX254
FBbt:20008171	adult ANXXX255 neuron	manc	ANXXX255			ANXXX255		ANXXX255	ANXXX255
FBbt:20008172	adult ANXXX264 neuron	manc	ANXXX264			ANXXX264		ANXXX264	ANXXX264
FBbt:20008173	adult ANXXX296 neuron	manc	ANXXX296			ANXXX296		ANXXX296	ANXXX296
FBbt:20008174	adult ANXXX308 neuron	manc	ANXXX308			ANXXX308		ANXXX308	ANXXX308
FBbt:20008175	adult ANXXX313 neuron	manc	ANXXX313			ANXXX313			ANXXX313
FBbt:20008176	adult ANXXX318 neuron	manc	ANXXX318			ANXXX318		ANXXX318	ANXXX318
FBbt:20008177	adult ANXXX323 neuron	manc	ANXXX323			ANXXX323			
FBbt:20008178	adult ANXXX338 neuron	manc	ANXXX338			ANXXX338		ANXXX338	
FBbt:20008179	adult ANXXX362 neuron	manc	ANXXX362			ANXXX362			
FBbt:20008180	adult ANXXX368 neuron	manc	ANXXX368			ANXXX368			
FBbt:20008181	adult ANXXX380 neuron	manc	ANXXX380			ANXXX380		ANXXX380	ANXXX380
FBbt:20008182	adult ANXXX404 neuron	manc	ANXXX404			ANXXX404		ANXXX404	ANXXX404
FBbt:20008183	adult ANXXX410 neuron	manc	ANXXX410			ANXXX410		ANXXX410	ANXXX410
FBbt:20008184	adult ANXXX433 neuron	manc	ANXXX433			ANXXX433			ANXXX433
FBbt:20008185	adult ANXXX434 neuron	manc	ANXXX434			ANXXX434		ANXXX434	ANXXX434
FBbt:20008186	adult ANXXX445 neuron	manc	ANXXX445			ANXXX445			
FBbt:20008187	adult ANXXX453 neuron	manc	ANXXX453			ANXXX453			
FBbt:20008188	adult ANXXX462 neuron	manc	ANXXX462			ANXXX462		ANXXX462b	ANXXX462
FBbt:20008189	adult ANXXX470 neuron	manc	ANXXX470			ANXXX470		ANXXX470	ANXXX470
FBbt:20008191	adult DNad005 neuron	manc	DNad005			DNad005			
FBbt:20008192	adult DNfl012 neuron	manc	DNfl012			DNfl012			DNfl012
FBbt:20008194	adult DNfl014 neuron	manc	DNfl014			DNfl014			DNfl014
FBbt:20008195	adult DNfl015 neuron	manc	DNfl015			DNfl015			DNfl015
FBbt:20008196	adult DNfl016 neuron	manc	DNfl016			DNfl016			
FBbt:20008197	adult DNfl017 neuron	manc	DNfl017			DNfl017			DNfl017
FBbt:20008198	adult DNfl018 neuron	manc	DNfl018			DNfl018			
FBbt:20008199	adult DNfl019 neuron	manc	DNfl019			DNfl019			DNfl019
FBbt:20008200	adult DNfl020 neuron	manc	DNfl020			DNfl020			DNfl020
FBbt:20008201	adult DNfl022 neuron	manc	DNfl022			DNfl022			DNfl022
FBbt:20008202	adult DNfl023 neuron	manc	DNfl023			DNfl023			
FBbt:20008203	adult DNfl024 neuron	manc	DNfl024			DNfl024			DNfl024
FBbt:20008204	adult DNfl025 neuron	manc	DNfl025			DNfl025			DNfl025
FBbt:20008205	adult DNfl026 neuron	manc	DNfl026			DNfl026			DNfl026
FBbt:20008206	adult DNfl027 neuron	manc	DNfl027			DNfl027			DNfl027
FBbt:20008207	adult DNfl028 neuron	manc	DNfl028			DNfl028			DNfl028
FBbt:20008208	adult DNfl029 neuron	manc	DNfl029			DNfl029			
FBbt:20008209	adult DNfl030 neuron	manc	DNfl030			DNfl030			DNfl030
FBbt:20008210	adult DNfl031 neuron	manc	DNfl031			DNfl031			
FBbt:20008211	adult DNfl032 neuron	manc	DNfl032			DNfl032			DNfl032
FBbt:20008212	adult DNfl033 neuron	manc	DNfl033			DNfl033			DNfl033
FBbt:20008213	adult DNfl034 neuron	manc	DNfl034			DNfl034			
FBbt:20008214	adult DNfl035 neuron	manc	DNfl035			DNfl035			DNfl035
FBbt:20008215	adult DNfl036 neuron	manc	DNfl036			DNfl036			DNfl036
FBbt:20008216	adult DNfl037 neuron	manc	DNfl037			DNfl037			DNfl037
FBbt:20008217	adult DNfl038 neuron	manc	DNfl038			DNfl038			DNfl038
FBbt:20008218	adult DNfl039 neuron	manc	DNfl039			DNfl039			
FBbt:20008219	adult DNfl040 neuron	manc	DNfl040			DNfl040			DNfl040
FBbt:20008220	adult DNfl041 neuron	manc	DNfl041			DNfl041			DNfl041
FBbt:20008221	adult DNfl042 neuron	manc	DNfl042			DNfl042			DNfl042
FBbt:20008222	adult DNfl043 neuron	manc	DNfl043			DNfl043			
FBbt:20008223	adult DNfl044 neuron	manc	DNfl044			DNfl044			DNfl044
FBbt:20008224	adult DNfl045 neuron	manc	DNfl045			DNfl045			
FBbt:20008225	adult DNht001 neuron	manc	DNht001			DNht001			DNht001
FBbt:20008226	adult DNit003 neuron	manc	DNit003			DNit003			DNit003
FBbt:20008227	adult DNit004 neuron	manc	DNit004			DNit004			DNit004
FBbt:20008228	adult DNit005 neuron	manc	DNit005			DNit005			DNit005
FBbt:20008229	adult DNit006 neuron	manc	DNit006			DNit006			
FBbt:20008230	adult DNit007 neuron	manc	DNit007			DNit007			DNit007
FBbt:20008231	adult DNit008 neuron	manc	DNit008			DNit008			DNit008
FBbt:20008232	adult DNit009 neuron	manc	DNit009			DNit009			
FBbt:20008233	adult DNit010 neuron	manc	DNit010			DNit010			
FBbt:20008234	adult DNit011 neuron	manc	DNit011			DNit011			
FBbt:20008235	adult DNit012 neuron	manc	DNit012			DNit012			DNit012
FBbt:20008236	adult DNit013 neuron	manc	DNit013			DNit013			DNit013
FBbt:20008237	adult DNlt009 neuron	manc	DNlt009			DNlt009			
FBbt:20008238	adult DNlt010 neuron	manc	DNlt010			DNlt010			
FBbt:20008239	adult DNlt011 neuron	manc	DNlt011			DNlt011			
FBbt:20008240	adult DNml001 neuron	manc	DNml001			DNml001			
FBbt:20008241	adult DNnt007 neuron	manc	DNnt007			DNnt007		DNg12_a	DNnt007
FBbt:20008242	adult DNnt008 neuron	manc	DNnt008			DNnt008		DNg12_c	DNnt008
FBbt:20008243	adult DNnt009 neuron	manc	DNnt009			DNnt009		DNg12_d	DNnt009
FBbt:20008244	adult DNnt010 neuron	manc	DNnt010			DNnt010			DNnt010
FBbt:20008245	adult DNnt011 neuron	manc	DNnt011			DNnt011			DNnt011
FBbt:20008246	adult DNnt012 neuron	manc	DNnt012			DNnt012		DNpe057	DNnt012
FBbt:20008247	adult DNnt013 neuron	manc	DNnt013			DNnt013		DNg12_h|DNg12_g	DNnt013
FBbt:20008248	adult DNnt014 neuron	manc	DNnt014			DNnt014		DNpe009	
FBbt:20008249	adult DNnt015 neuron	manc	DNnt015			DNnt015		DNge070	DNnt015
FBbt:20008250	adult DNnt016 neuron	manc	DNnt016			DNnt016			DNnt016
FBbt:20008251	adult DNnt017 neuron	manc	DNnt017			DNnt017			DNnt017
FBbt:20008252	adult DNnt018 neuron	manc	DNnt018			DNnt018			DNnt018
FBbt:20008253	adult DNnt019 neuron	manc	DNnt019			DNnt019			DNnt019
FBbt:20008254	adult DNnt020 neuron	manc	DNnt020			DNnt020			DNnt020
FBbt:20008255	adult DNnt021 neuron	manc	DNnt021			DNnt021			
FBbt:20008256	adult DNnt022 neuron	manc	DNnt022			DNnt022			
FBbt:20008257	adult DNut034 neuron	manc	DNut034			DNut034			
FBbt:20008258	adult DNut036 neuron	manc	DNut036			DNut036			
FBbt:20008259	adult DNut037 neuron	manc	DNut037			DNut037		DNae004	DNut037
FBbt:20008260	adult DNut039 neuron	manc	DNut039			DNut039			
FBbt:20008261	adult DNut040 neuron	manc	DNut040			DNut040			DNut040
FBbt:20008262	adult DNut041 neuron	manc	DNut041			DNut041			
FBbt:20008263	adult DNut042 neuron	manc	DNut042			DNut042		DNg36_b	DNut042
FBbt:20008264	adult DNut043 neuron	manc	DNut043			DNut043			DNut043
FBbt:20008265	adult DNut044 neuron	manc	DNut044			DNut044			
FBbt:20008266	adult DNut045 neuron	manc	DNut045			DNut045			
FBbt:20008267	adult DNut046 neuron	manc	DNut046			DNut046			DNut046
FBbt:20008268	adult DNut047 neuron	manc	DNut047			DNut047			DNut047
FBbt:20008269	adult DNut048 neuron	manc	DNut048			DNut048			DNut048
FBbt:20008270	adult DNut049 neuron	manc	DNut049			DNut049			
FBbt:20008271	adult DNut050 neuron	manc	DNut050			DNut050			DNut050
FBbt:20008272	adult DNut051 neuron	manc	DNut051			DNut051			DNut051
FBbt:20008273	adult DNut052 neuron	manc	DNut052			DNut052			
FBbt:20008274	adult DNut053 neuron	manc	DNut053			DNut053			DNut053
FBbt:20008275	adult DNut054 neuron	manc	DNut054			DNut054			DNut054
FBbt:20008276	adult DNut057 neuron	manc	DNut057			DNut057		DNge175	
FBbt:20008277	adult DNut058 neuron	manc	DNut058			DNut058			DNut058
FBbt:20008278	adult DNut059 neuron	manc	DNut059			DNut059			
FBbt:20008279	adult DNut060 neuron	manc	DNut060			DNut060		DNae002	
FBbt:20008280	adult DNut061 neuron	manc	DNut061			DNut061			
FBbt:20008281	adult DNut062 neuron	manc	DNut062			DNut062			DNut062
FBbt:20008282	adult DNxl021 neuron	manc	DNxl021			DNxl021			DNxl021
FBbt:20008283	adult DNxl022 neuron	manc	DNxl022			DNxl022			DNxl022
FBbt:20008284	adult DNxl049 neuron	manc	DNxl049			DNxl049			DNxl049
FBbt:20008285	adult DNxl053 neuron	manc	DNxl053			DNxl053		pIP1	
FBbt:20008286	adult DNxl056 neuron	manc	DNxl056			DNxl056			DNxl056
FBbt:20008287	adult DNxl063 neuron	manc	DNxl063			DNxl063			DNxl063
FBbt:20008288	adult DNxl065 neuron	manc	DNxl065			DNxl065			
FBbt:20008289	adult DNxl066 neuron	manc	DNxl066			DNxl066			DNxl066
FBbt:20008290	adult DNxl067 neuron	manc	DNxl067			DNxl067			DNxl067
FBbt:20008291	adult DNxl068 neuron	manc	DNxl068			DNxl068			DNxl068
FBbt:20008292	adult DNxl070 neuron	manc	DNxl070			DNxl070			DNxl070
FBbt:20008294	adult DNxl072 neuron	manc	DNxl072			DNxl072			DNxl072
FBbt:20008295	adult DNxl073 neuron	manc	DNxl073			DNxl073			DNxl073
FBbt:20008296	adult DNxl074 neuron	manc	DNxl074			DNxl074			
FBbt:20008297	adult DNxl075 neuron	manc	DNxl075			DNxl075			DNxl075
FBbt:20008298	adult DNxl076 neuron	manc	DNxl076			DNxl076			
FBbt:20008299	adult DNxl077 neuron	manc	DNxl077			DNxl077			
FBbt:20008300	adult DNxl078 neuron	manc	DNxl078			DNxl078			DNxl078
FBbt:20008301	adult DNxl079 neuron	manc	DNxl079			DNxl079			
FBbt:20008302	adult DNxl080 neuron	manc	DNxl080			DNxl080			DNxl080
FBbt:20008303	adult DNxl081 neuron	manc	DNxl081			DNxl081			DNxl081
FBbt:20008304	adult DNxl082 neuron	manc	DNxl082			DNxl082			DNxl082
FBbt:20008305	adult DNxl083 neuron	manc	DNxl083			DNxl083			DNxl083
FBbt:20008306	adult DNxl084 neuron	manc	DNxl084			DNxl084			DNxl084
FBbt:20008307	adult DNxl085 neuron	manc	DNxl085			DNxl085			
FBbt:20008308	adult DNxl086 neuron	manc	DNxl086			DNxl086			DNxl086
FBbt:20008309	adult DNxl087 neuron	manc	DNxl087			DNxl087			DNxl087
FBbt:20008310	adult DNxl088 neuron	manc	DNxl088			DNxl088			DNxl088
FBbt:20008311	adult DNxl090 neuron	manc	DNxl090			DNxl090			
FBbt:20008312	adult DNxl091 neuron	manc	DNxl091			DNxl091			DNxl091
FBbt:20008313	adult DNxl092 neuron	manc	DNxl092			DNxl092		DNae005	DNxl092
FBbt:20008314	adult DNxl093 neuron	manc	DNxl093			DNxl093			DNxl093
FBbt:20008315	adult DNxl094 neuron	manc	DNxl094			DNxl094			DNxl094
FBbt:20008316	adult DNxl095 neuron	manc	DNxl095			DNxl095			DNxl095
FBbt:20008317	adult DNxl096 neuron	manc	DNxl096			DNxl096			DNxl096
FBbt:20008318	adult DNxl097 neuron	manc	DNxl097			DNxl097			DNxl097
FBbt:20008319	adult DNxl098 neuron	manc	DNxl098			DNxl098			
FBbt:20008320	adult DNxl099 neuron	manc	DNxl099			DNxl099			DNxl099
FBbt:20008321	adult DNxl100 neuron	manc	DNxl100			DNxl100			DNxl100
FBbt:20008322	adult DNxl101 neuron	manc	DNxl101			DNxl101			DNxl101
FBbt:20008323	adult DNxl102 neuron	manc	DNxl102			DNxl102			DNxl102
FBbt:20008324	adult DNxl103 neuron	manc	DNxl103			DNxl103			DNxl103
FBbt:20008325	adult DNxl104 neuron	manc	DNxl104			DNxl104			DNxl104
FBbt:20008326	adult DNxl105 neuron	manc	DNxl105			DNxl105		DNpe022	DNxl105
FBbt:20008327	adult DNxl106 neuron	manc	DNxl106			DNxl106			DNxl106
FBbt:20008328	adult DNxl107 neuron	manc	DNxl107			DNxl107			DNxl107
FBbt:20008329	adult DNxl108 neuron	manc	DNxl108			DNxl108			DNxl108
FBbt:20008330	adult DNxl109 neuron	manc	DNxl109			DNxl109			DNxl109
FBbt:20008331	adult DNxl110 neuron	manc	DNxl110			DNxl110			DNxl110
FBbt:20008332	adult DNxl111 neuron	manc	DNxl111			DNxl111			DNxl111
FBbt:20008333	adult DNxl112 neuron	manc	DNxl112			DNxl112			DNxl112
FBbt:20008334	adult DNxl113 neuron	manc	DNxl113			DNxl113			DNxl113
FBbt:20008335	adult DNxl114 neuron	manc	DNxl114	DNxl114		DNxl114		DNxl114	DNxl114
FBbt:20008336	adult DNxl115 neuron	manc	DNxl115			DNxl115			DNxl115
FBbt:20008337	adult DNxl116 neuron	manc	DNxl116			DNxl116			
FBbt:20008338	adult DNxl117 neuron	manc	DNxl117			DNxl117			DNxl117
FBbt:20008339	adult DNxl118 neuron	manc	DNxl118			DNxl118			DNxl118
FBbt:20008340	adult DNxl119 neuron	manc	DNxl119			DNxl119			DNxl119
FBbt:20008341	adult DNxl120 neuron	manc	DNxl120			DNxl120			DNxl120
FBbt:20008342	adult DNxl121 neuron	manc	DNxl121			DNxl121			DNxl121
FBbt:20008343	adult DNxl122 neuron	manc	DNxl122			DNxl122			
FBbt:20008344	adult DNxl123 neuron	manc	DNxl123			DNxl123			DNxl123
FBbt:20008345	adult DNxl124 neuron	manc	DNxl124			DNxl124			DNxl124
FBbt:20008346	adult DNxl125 neuron	manc	DNxl125			DNxl125			DNxl125
FBbt:20008347	adult DNxl126 neuron	manc	DNxl126			DNxl126			
FBbt:20008348	adult DNxl127 neuron	manc	DNxl127			DNxl127			DNxl127
FBbt:20008349	adult DNxl128 neuron	manc	DNxl128			DNxl128			DNxl128
FBbt:20008350	adult DNxl129 neuron	manc	DNxl129			DNxl129			DNxl129
FBbt:20008351	adult DNxl130 neuron	manc	DNxl130			DNxl130			DNxl130
FBbt:20008352	adult DNxl131 neuron	manc	DNxl131			DNxl131			DNxl131
FBbt:20008353	adult DNxl132 neuron	manc	DNxl132			DNxl132			DNxl132
FBbt:20008354	adult DNxl133 neuron	manc	DNxl133			DNxl133			
FBbt:20008355	adult DNxl134 neuron	manc	DNxl134			DNxl134			DNxl134
FBbt:20008356	adult DNxl135 neuron	manc	DNxl135			DNxl135			
FBbt:20008357	adult DNxn071 neuron	manc	DNxn071			DNxn071			DNxn071
FBbt:20008358	adult DNxn073 neuron	manc	DNxn073			DNxn073			DNxn073
FBbt:20008359	adult DNxn100 neuron	manc	DNxn100			DNxn100			
FBbt:20008360	adult DNxn101 neuron	manc	DNxn101			DNxn101			
FBbt:20008361	adult DNxn102 neuron	manc	DNxn102			DNxn102			DNxn102
FBbt:20008362	adult DNxn103 neuron	manc	DNxn103			DNxn103			
FBbt:20008363	adult DNxn104 neuron	manc	DNxn104			DNxn104		DNpe012_a	DNxn104
FBbt:20008364	adult DNxn105 neuron	manc	DNxn105			DNxn105			DNxn105
FBbt:20008365	adult DNxn106 neuron	manc	DNxn106			DNxn106		DNg18_b	DNxn106
FBbt:20008366	adult DNxn107 neuron	manc	DNxn107			DNxn107			
FBbt:20008367	adult DNxn108 neuron	manc	DNxn108			DNxn108		DNg12_f	DNxn108
FBbt:20008368	adult DNxn109 neuron	manc	DNxn109			DNxn109			DNxn109
FBbt:20008369	adult DNxn110 neuron	manc	DNxn110			DNxn110			DNxn110
FBbt:20008370	adult DNxn111 neuron	manc	DNxn111			DNxn111			DNxn111
FBbt:20008371	adult DNxn112 neuron	manc	DNxn112			DNxn112		DNpe012_b	DNxn112
FBbt:20008372	adult DNxn113 neuron	manc	DNxn113			DNxn113			DNxn113
FBbt:20008373	adult DNxn114 neuron	manc	DNxn114			DNxn114			DNxn114
FBbt:20008374	adult DNxn115 neuron	manc	DNxn115			DNxn115			DNxn115
FBbt:20008375	adult DNxn116 neuron	manc	DNxn116			DNxn116			DNxn116
FBbt:20008376	adult DNxn117 neuron	manc	DNxn117			DNxn117			DNxn117
FBbt:20008377	adult DNxn118 neuron	manc	DNxn118			DNxn118			DNxn118
FBbt:20008378	adult DNxn119 neuron	manc	DNxn119			DNxn119		DNpe014	DNxn119
FBbt:20008379	adult DNxn121 neuron	manc	DNxn121			DNxn121			
FBbt:20008380	adult DNxn122 neuron	manc	DNxn122			DNxn122			DNxn122
FBbt:20008381	adult DNxn123 neuron	manc	DNxn123			DNxn123			
FBbt:20008382	adult DNxn124 neuron	manc	DNxn124			DNxn124			DNxn124
FBbt:20008383	adult DNxn125 neuron	manc	DNxn125			DNxn125			DNxn125
FBbt:20008384	adult DNxn126 neuron	manc	DNxn126			DNxn126			DNxn126
FBbt:20008385	adult DNxn127 neuron	manc	DNxn127			DNxn127			DNxn127
FBbt:20008386	adult DNxn128 neuron	manc	DNxn128			DNxn128		DNpe011	DNxn128
FBbt:20008387	adult DNxn129 neuron	manc	DNxn129			DNxn129			DNxn129
FBbt:20008388	adult DNxn130 neuron	manc	DNxn130			DNxn130			DNxn130
FBbt:20008389	adult DNxn131 neuron	manc	DNxn131			DNxn131			DNxn131
FBbt:20008390	adult DNxn132 neuron	manc	DNxn132			DNxn132			DNxn132
FBbt:20008391	adult DNxn133 neuron	manc	DNxn133			DNxn133			DNxn133
FBbt:20008392	adult DNxn134 neuron	manc	DNxn134			DNxn134			DNxn134
FBbt:20008393	adult DNxn135 neuron	manc	DNxn135			DNxn135			
FBbt:20008394	adult DNxn136 neuron	manc	DNxn136			DNxn136			DNxn136
FBbt:20008395	adult DNxn137 neuron	manc	DNxn137			DNxn137			DNxn137
FBbt:20008396	adult DNxn138 neuron	manc	DNxn138			DNxn138			
FBbt:20008397	adult DNxn139 neuron	manc	DNxn139			DNxn139		DNg12_b	DNxn139
FBbt:20008398	adult DNxn140 neuron	manc	DNxn140			DNxn140			DNxn140
FBbt:20008399	adult DNxn141 neuron	manc	DNxn141			DNxn141			
FBbt:20008400	adult DNxn142 neuron	manc	DNxn142			DNxn142			DNxn142
FBbt:20008401	adult DNxn143 neuron	manc	DNxn143			DNxn143		DNae007	DNxn143
FBbt:20008402	adult DNxn144 neuron	manc	DNxn144			DNxn144			DNxn144
FBbt:20008403	adult DNxn145 neuron	manc	DNxn145			DNxn145			DNxn145
FBbt:20008404	adult DNxn146 neuron	manc	DNxn146			DNxn146			DNxn146
FBbt:20008405	adult DNxn147 neuron	manc	DNxn147			DNxn147			
FBbt:20008406	adult DNxn148 neuron	manc	DNxn148			DNxn148			DNxn148
FBbt:20008407	adult DNxn149 neuron	manc	DNxn149			DNxn149			
FBbt:20008408	adult DNxn150 neuron	manc	DNxn150			DNxn150			
FBbt:20008409	adult DNxn151 neuron	manc	DNxn151			DNxn151			DNxn151
FBbt:20008410	adult DNxn152 neuron	manc	DNxn152			DNxn152			DNxn152
FBbt:20008411	adult DNxn153 neuron	manc	DNxn153			DNxn153			DNxn153
FBbt:20008412	adult DNxn154 neuron	manc	DNxn154			DNxn154			DNxn154
FBbt:20008413	adult DNxn155 neuron	manc	DNxn155			DNxn155			DNxn155
FBbt:20008414	adult DNxn156 neuron	manc	DNxn156			DNxn156			
FBbt:20008415	adult DNxn157 neuron	manc	DNxn157			DNxn157			DNxn157
FBbt:20008416	adult DNxn158 neuron	manc	DNxn158			DNxn158			
FBbt:20008417	adult DNxn159 neuron	manc	DNxn159			DNxn159			DNxn159
FBbt:20008418	adult DNxn160 neuron	manc	DNxn160			DNxn160			
FBbt:20008419	adult DNxn161 neuron	manc	DNxn161			DNxn161		DNpe045	
FBbt:20008420	adult DNxn162 neuron	manc	DNxn162			DNxn162			DNxn162
FBbt:20008421	adult DNxn163 neuron	manc	DNxn163			DNxn163			DNxn163
FBbt:20008423	adult DNxn165 neuron	manc	DNxn165			DNxn165			DNxn165
FBbt:20008424	adult DNxn166 neuron	manc	DNxn166			DNxn166			
FBbt:20008425	adult DNxn167 neuron	manc	DNxn167			DNxn167			DNxn167
FBbt:20008426	adult DNxn168 neuron	manc	DNxn168			DNxn168			DNxn168
FBbt:20008427	adult DNxn169 neuron	manc	DNxn169			DNxn169			
FBbt:20008428	adult DNxn170 neuron	manc	DNxn170			DNxn170			DNxn170
FBbt:20008429	adult DNxn171 neuron	manc	DNxn171			DNxn171			DNxn171
FBbt:20008430	adult DNxn172 neuron	manc	DNxn172			DNxn172			DNxn172
FBbt:20008431	adult DNxn173 neuron	manc	DNxn173			DNxn173			DNxn173
FBbt:20008432	adult DNxn174 neuron	manc	DNxn174			DNxn174			DNxn174
FBbt:20008433	adult DNxn175 neuron	manc	DNxn175			DNxn175			DNxn175
FBbt:20008434	adult DNxn176 neuron	manc	DNxn176			DNxn176			DNxn176
FBbt:20008435	adult DNxn177 neuron	manc	DNxn177			DNxn177			DNxn177
FBbt:20008436	adult DNxn178 neuron	manc	DNxn178			DNxn178			DNxn178
FBbt:20008437	adult DNxn179 neuron	manc	DNxn179			DNxn179			DNxn179
FBbt:20008438	adult DNxn180 neuron	manc	DNxn180			DNxn180			
FBbt:20008439	adult DNxn181 neuron	manc	DNxn181			DNxn181			DNxn181
FBbt:20008440	adult DNxn182 neuron	manc	DNxn182			DNxn182			
FBbt:20008441	adult DNxn183 neuron	manc	DNxn183			DNxn183			DNxn183
FBbt:20008442	adult DNxn184 neuron	manc	DNxn184			DNxn184			
FBbt:20008443	adult DNxn185 neuron	manc	DNxn185			DNxn185			
FBbt:20008444	adult DNxn186 neuron	manc	DNxn186			DNxn186			
FBbt:20008445	adult DNxn187 neuron	manc	DNxn187			DNxn187			DNxn187
FBbt:20008446	adult DNxn188 neuron	manc	DNxn188			DNxn188			
FBbt:20008447	adult DNxn189 neuron	manc	DNxn189			DNxn189			DNxn189
FBbt:20008448	adult DNxn190 neuron	manc	DNxn190			DNxn190			
FBbt:20008449	adult DNxn191 neuron	manc	DNxn191			DNxn191			
FBbt:20008450	adult DNxn192 neuron	manc	DNxn192			DNxn192			
FBbt:20008451	adult DNxn193 neuron	manc	DNxn193			DNxn193			
FBbt:20008452	adult EA00B006 neuron	manc	EA00B006			EA00B006		EA00B006	EA00B006
FBbt:20008453	adult EA00B022 neuron	manc	EA00B022			EA00B022		EA00B022	EA00B022
FBbt:20008454	adult EA06B010 neuron	manc	EA06B010			EA06B010		EA06B010	EA06B010
FBbt:20008455	adult EA27X006 neuron	manc	EA27X006			EA27X006		EA27X006	
FBbt:20008456	adult EN00B002 neuron	manc	EN00B002			EN00B002		EN00B002	
FBbt:20008457	adult EN00B003 neuron	manc	EN00B003			EN00B003		EN00B003	EN00B003
FBbt:20008458	adult EN00B004 neuron	manc	EN00B004			EN00B004		EN00B004	
FBbt:20008459	adult EN00B009 neuron	manc	EN00B009			EN00B009			
FBbt:20008460	adult EN00B010 neuron	manc	EN00B010			EN00B010		EN00B010	EN00B010
FBbt:20008461	adult EN00B012 neuron	manc	EN00B012			EN00B012		EN00B012	
FBbt:20008462	adult EN00B013 neuron	manc	EN00B013			EN00B013		EN00B013	EN00B013
FBbt:20008463	adult EN00B014 neuron	manc	EN00B014			EN00B014			
FBbt:20008464	adult EN00B016 neuron	manc	EN00B016			EN00B016		EN00B016	EN00B016
FBbt:20008465	adult EN00B018 neuron	manc	EN00B018			EN00B018		EN00B018	
FBbt:20008466	adult EN00B019 neuron	manc	EN00B019			EN00B019		EN00B019	EN00B019
FBbt:20008467	adult EN00B020 neuron	manc	EN00B020			EN00B020		EN00B020	
FBbt:20008468	adult EN00B021 neuron	manc	EN00B021			EN00B021			
FBbt:20008469	adult EN00B024 neuron	manc	EN00B024			EN00B024		EN00B024	EN00B024
FBbt:20008470	adult EN00B027 neuron	manc	EN00B027			EN00B027		EN00B027	
FBbt:20008471	adult EN21X001 neuron	manc	EN21X001			EN21X001		EN21X001	EN21X001
FBbt:20008472	adult EN27X010 neuron	manc	EN27X010			EN27X010			EN27X010
FBbt:20008473	adult ENXXX012 neuron	manc	ENXXX012			ENXXX012			ENXXX012
FBbt:20008474	adult ENXXX128 neuron	manc	ENXXX128			ENXXX128		ENXXX128	ENXXX128
FBbt:20008475	adult ENXXX226 neuron	manc	ENXXX226			ENXXX226		ENXXX226	ENXXX226
FBbt:20008476	adult ENXXX286 neuron	manc	ENXXX286			ENXXX286		ENXXX286	ENXXX286
FBbt:20008477	adult IN00A001 neuron	manc	IN00A001			IN00A001		IN00A001	IN00A001
FBbt:20008478	adult IN00A002 neuron	manc	IN00A002			IN00A002		IN00A002	IN00A002
FBbt:20008479	adult IN00A003 neuron	manc	IN00A003			IN00A003		IN00A003	IN00A003
FBbt:20008480	adult IN00A004 neuron	manc	IN00A004			IN00A004		IN00A004	IN00A004
FBbt:20008481	adult IN00A005 neuron	manc	IN00A005			IN00A005		IN00A005	IN00A005
FBbt:20008482	adult IN00A007 neuron	manc	IN00A007			IN00A007		IN00A007	IN00A007
FBbt:20008483	adult IN00A008 neuron	manc	IN00A008			IN00A008		IN00A008	IN00A008
FBbt:20008484	adult IN00A009 neuron	manc	IN00A009			IN00A009		IN00A009	IN00A009
FBbt:20008485	adult IN00A010 neuron	manc	IN00A010			IN00A010		IN00A010	IN00A010
FBbt:20008486	adult IN00A011 neuron	manc	IN00A011			IN00A011		IN00A011	IN00A011
FBbt:20008487	adult IN00A012 neuron	manc	IN00A012			IN00A012		IN00A012	IN00A012
FBbt:20008488	adult IN00A013 neuron	manc	IN00A013			IN00A013		IN00A013	IN00A013
FBbt:20008489	adult IN00A014 neuron	manc	IN00A014			IN00A014		IN00A014	IN00A014
FBbt:20008490	adult IN00A016 neuron	manc	IN00A016			IN00A016		IN00A016	IN00A016
FBbt:20008491	adult IN00A017 neuron	manc	IN00A017			IN00A017		IN00A017	IN00A017
FBbt:20008492	adult IN00A018 neuron	manc	IN00A018			IN00A018		IN00A018	IN00A018
FBbt:20008493	adult IN00A019 neuron	manc	IN00A019			IN00A019		IN00A019	IN00A019
FBbt:20008494	adult IN00A020 neuron	manc	IN00A020			IN00A020		IN00A020	IN00A020
FBbt:20008495	adult IN00A021 neuron	manc	IN00A021			IN00A021		IN00A021	
FBbt:20008496	adult IN00A022 neuron	manc	IN00A022			IN00A022		IN00A022	IN00A022
FBbt:20008497	adult IN00A024 neuron	manc	IN00A024			IN00A024		IN00A024	IN00A024
FBbt:20008498	adult IN00A025 neuron	manc	IN00A025			IN00A025		IN00A025	IN00A025
FBbt:20008499	adult IN00A026 neuron	manc	IN00A026			IN00A026		IN00A026	IN00A026
FBbt:20008500	adult IN00A027 neuron	manc	IN00A027			IN00A027		IN00A027	IN00A027
FBbt:20008501	adult IN00A028 neuron	manc	IN00A028			IN00A028		IN00A028	IN00A028
FBbt:20008502	adult IN00A029 neuron	manc	IN00A029			IN00A029		IN00A029	IN00A029
FBbt:20008503	adult IN00A030 neuron	manc	IN00A030			IN00A030		IN00A030	IN00A030
FBbt:20008504	adult IN00A031 neuron	manc	IN00A031			IN00A031		IN00A031	IN00A031
FBbt:20008505	adult IN00A032 neuron	manc	IN00A032			IN00A032		IN00A032	IN00A032
FBbt:20008506	adult IN00A033 neuron	manc	IN00A033			IN00A033		IN00A033	IN00A033
FBbt:20008507	adult IN00A034 neuron	manc	IN00A034			IN00A034		IN00A034	IN00A034
FBbt:20008508	adult IN00A035 neuron	manc	IN00A035			IN00A035		IN00A035	IN00A035
FBbt:20008509	adult IN00A036 neuron	manc	IN00A036			IN00A036		IN00A036	IN00A036
FBbt:20008510	adult IN00A037 neuron	manc	IN00A037			IN00A037		IN00A037	IN00A037
FBbt:20008511	adult IN00A038 neuron	manc	IN00A038			IN00A038		IN00A038	IN00A038
FBbt:20008512	adult IN00A039 neuron	manc	IN00A039			IN00A039		IN00A039	IN00A039
FBbt:20008513	adult IN00A040 neuron	manc	IN00A040			IN00A040		IN00A040	IN00A040
FBbt:20008514	adult IN00A041 neuron	manc	IN00A041			IN00A041		IN00A041	IN00A041
FBbt:20008515	adult IN00A042 neuron	manc	IN00A042			IN00A042		IN00A042	IN00A042
FBbt:20008516	adult IN00A043 neuron	manc	IN00A043			IN00A043		IN00A043	IN00A043
FBbt:20008517	adult IN00A044 neuron	manc	IN00A044			IN00A044		IN00A044	IN00A044
FBbt:20008518	adult IN00A045 neuron	manc	IN00A045			IN00A045		IN00A045	IN00A045
FBbt:20008519	adult IN00A046 neuron	manc	IN00A046			IN00A046			
FBbt:20008520	adult IN00A047 neuron	manc	IN00A047			IN00A047		IN00A047	IN00A047
FBbt:20008521	adult IN00A048 neuron	manc	IN00A048			IN00A048		IN00A048	IN00A048
FBbt:20008522	adult IN00A049 neuron	manc	IN00A049			IN00A049		IN00A049	IN00A049
FBbt:20008523	adult IN00A050 neuron	manc	IN00A050			IN00A050		IN00A050	IN00A050
FBbt:20008524	adult IN00A051 neuron	manc	IN00A051			IN00A051		IN00A051	IN00A051
FBbt:20008525	adult IN00A052 neuron	manc	IN00A052			IN00A052		IN00A052	IN00A052
FBbt:20008526	adult IN00A053 neuron	manc	IN00A053			IN00A053		IN00A053	IN00A053
FBbt:20008527	adult IN00A054 neuron	manc	IN00A054			IN00A054		IN00A054	IN00A054
FBbt:20008528	adult IN00A055 neuron	manc	IN00A055			IN00A055		IN00A055	IN00A055
FBbt:20008529	adult IN00A056 neuron	manc	IN00A056			IN00A056		IN00A056	IN00A056
FBbt:20008530	adult IN00A057 neuron	manc	IN00A057			IN00A057		IN00A057	IN00A057
FBbt:20008531	adult IN00A058 neuron	manc	IN00A058			IN00A058		IN00A058	IN00A058
FBbt:20008532	adult IN00A059 neuron	manc	IN00A059			IN00A059		IN00A059	IN00A059
FBbt:20008533	adult IN00A060 neuron	manc	IN00A060			IN00A060		IN00A060	IN00A060
FBbt:20008534	adult IN00A061 neuron	manc	IN00A061			IN00A061		IN00A061	IN00A061
FBbt:20008535	adult IN00A062 neuron	manc	IN00A062			IN00A062		IN00A062	IN00A062
FBbt:20008536	adult IN00A063 neuron	manc	IN00A063			IN00A063		IN00A063	IN00A063
FBbt:20008537	adult IN00A064 neuron	manc	IN00A064			IN00A064		IN00A064	IN00A064
FBbt:20008538	adult IN00A065 neuron	manc	IN00A065			IN00A065		IN00A065	IN00A065
FBbt:20008539	adult IN00A066 neuron	manc	IN00A066			IN00A066		IN00A066	IN00A066
FBbt:20008540	adult IN00A067 neuron	manc	IN00A067			IN00A067		IN00A067	IN00A067
FBbt:20008541	adult IN00A068 neuron	manc	IN00A068			IN00A068		IN00A068	
FBbt:20008542	adult IN00A069 neuron	manc	IN00A069			IN00A069		IN00A069	
FBbt:20008543	adult IN00A070 neuron	manc	IN00A070			IN00A070		IN00A070	
FBbt:20008544	adult IN00A071 neuron	manc	IN00A071			IN00A071			
FBbt:20008545	adult IN01A001 neuron	manc	IN01A001			IN01A001			
FBbt:20008546	adult IN01A002 neuron	manc	IN01A002			IN01A002		IN01A002	IN01A002
FBbt:20008547	adult IN01A003 neuron	manc	IN01A003			IN01A003			IN01A003
FBbt:20008548	adult IN01A004 neuron	manc	IN01A004			IN01A004			
FBbt:20008549	adult IN01A005 neuron	manc	IN01A005			IN01A005		IN01A005	IN01A005
FBbt:20008550	adult IN01A007 neuron	manc	IN01A007			IN01A007		IN01A007	IN01A007
FBbt:20008551	adult IN01A008 neuron	manc	IN01A008			IN01A008		IN01A008	IN01A008
FBbt:20008552	adult IN01A009 neuron	manc	IN01A009			IN01A009		IN01A009	IN01A009
FBbt:20008553	adult IN01A010 neuron	manc	IN01A010			IN01A010		IN01A010	IN01A010
FBbt:20008554	adult IN01A011 neuron	manc	IN01A011			IN01A011		IN01A011	IN01A011
FBbt:20008555	adult IN01A012 neuron	manc	IN01A012			IN01A012		IN01A012	IN01A012
FBbt:20008556	adult IN01A013 neuron	manc	IN01A013			IN01A013			
FBbt:20008557	adult IN01A015 neuron	manc	IN01A015			IN01A015		IN01A015	IN01A015
FBbt:20008558	adult IN01A016 neuron	manc	IN01A016			IN01A016		IN01A016	IN01A016
FBbt:20008559	adult IN01A017 neuron	manc	IN01A017			IN01A017		IN01A017	IN01A017
FBbt:20008560	adult IN01A018 neuron	manc	IN01A018			IN01A018		IN01A018	IN01A018
FBbt:20008561	adult IN01A019 neuron	manc	IN01A019			IN01A019			IN01A019
FBbt:20008562	adult IN01A020 neuron	manc	IN01A020			IN01A020		IN01A020	IN01A020
FBbt:20008563	adult IN01A022 neuron	manc	IN01A022			IN01A022		IN01A022	IN01A022
FBbt:20008564	adult IN01A023 neuron	manc	IN01A023			IN01A023		IN01A023	IN01A023
FBbt:20008565	adult IN01A024 neuron	manc	IN01A024			IN01A024		IN01A024	IN01A024
FBbt:20008566	adult IN01A025 neuron	manc	IN01A025			IN01A025		IN01A025	IN01A025
FBbt:20008567	adult IN01A026 neuron	manc	IN01A026			IN01A026		IN01A026	IN01A026
FBbt:20008568	adult IN01A027 neuron	manc	IN01A027			IN01A027		IN01A027	IN01A027
FBbt:20008569	adult IN01A028 neuron	manc	IN01A028			IN01A028		IN01A028	IN01A028
FBbt:20008570	adult IN01A029 neuron	manc	IN01A029			IN01A029		IN01A029	IN01A029
FBbt:20008571	adult IN01A030 neuron	manc	IN01A030			IN01A030		IN01A030	IN01A030
FBbt:20008572	adult IN01A031 neuron	manc	IN01A031			IN01A031		IN01A031	IN01A031
FBbt:20008573	adult IN01A032 neuron	manc	IN01A032			IN01A032		IN01A032	IN01A032
FBbt:20008574	adult IN01A034 neuron	manc	IN01A034			IN01A034		IN01A034	IN01A034
FBbt:20008575	adult IN01A035 neuron	manc	IN01A035			IN01A035		IN01A035	IN01A035
FBbt:20008576	adult IN01A036 neuron	manc	IN01A036			IN01A036		IN01A036	IN01A036
FBbt:20008577	adult IN01A037 neuron	manc	IN01A037			IN01A037		IN01A037	IN01A037
FBbt:20008578	adult IN01A038 neuron	manc	IN01A038			IN01A038		IN01A038	IN01A038
FBbt:20008579	adult IN01A039 neuron	manc	IN01A039			IN01A039		IN01A039	IN01A039
FBbt:20008580	adult IN01A040 neuron	manc	IN01A040			IN01A040		IN01A040	IN01A040
FBbt:20008581	adult IN01A041 neuron	manc	IN01A041			IN01A041		IN01A041	
FBbt:20008582	adult IN01A042 neuron	manc	IN01A042			IN01A042		IN01A042	IN01A042
FBbt:20008583	adult IN01A043 neuron	manc	IN01A043			IN01A043		IN01A043	IN01A043
FBbt:20008584	adult IN01A044 neuron	manc	IN01A044			IN01A044		IN01A044	IN01A044
FBbt:20008585	adult IN01A045 neuron	manc	IN01A045			IN01A045		IN01A045	IN01A045
FBbt:20008586	adult IN01A046 neuron	manc	IN01A046			IN01A046		IN01A046	IN01A046
FBbt:20008587	adult IN01A047 neuron	manc	IN01A047			IN01A047		IN01A047	IN01A047
FBbt:20008588	adult IN01A048 neuron	manc	IN01A048			IN01A048		IN01A048	IN01A048
FBbt:20008589	adult IN01A050 neuron	manc	IN01A050			IN01A050		IN01A050	IN01A050
FBbt:20008590	adult IN01A051 neuron	manc	IN01A051			IN01A051		IN01A051	IN01A051
FBbt:20008591	adult IN01A052 neuron	manc	IN01A052			IN01A052		IN01A052_a|IN01A052_b	IN01A052
FBbt:20008592	adult IN01A053 neuron	manc	IN01A053			IN01A053		IN01A053	IN01A053
FBbt:20008593	adult IN01A054 neuron	manc	IN01A054			IN01A054		IN01A054	IN01A054
FBbt:20008594	adult IN01A056 neuron	manc	IN01A056			IN01A056		IN01A056	IN01A056
FBbt:20008595	adult IN01A057 neuron	manc	IN01A057			IN01A057		IN01A057	IN01A057
FBbt:20008596	adult IN01A058 neuron	manc	IN01A058			IN01A058		IN01A058	IN01A058
FBbt:20008597	adult IN01A059 neuron	manc	IN01A059			IN01A059		IN01A059	IN01A059
FBbt:20008598	adult IN01A060 neuron	manc	IN01A060			IN01A060		IN01A060	IN01A060
FBbt:20008599	adult IN01A061 neuron	manc	IN01A061			IN01A061		IN01A061	IN01A061
FBbt:20008600	adult IN01A062 neuron	manc	IN01A062			IN01A062		IN01A062_c|IN01A062_a|IN01A062_b	IN01A062
FBbt:20008601	adult IN01A063 neuron	manc	IN01A063			IN01A063		IN01A063_b|IN01A063_c|IN01A063_a	IN01A063
FBbt:20008602	adult IN01A064 neuron	manc	IN01A064			IN01A064		IN01A064	IN01A064
FBbt:20008603	adult IN01A065 neuron	manc	IN01A065			IN01A065		IN01A065	IN01A065
FBbt:20008604	adult IN01A066 neuron	manc	IN01A066			IN01A066		IN01A066	IN01A066
FBbt:20008605	adult IN01A067 neuron	manc	IN01A067			IN01A067		IN01A067	IN01A067
FBbt:20008606	adult IN01A068 neuron	manc	IN01A068			IN01A068		IN01A068	IN01A068
FBbt:20008607	adult IN01A069 neuron	manc	IN01A069			IN01A069		IN01A069	IN01A069
FBbt:20008608	adult IN01A070 neuron	manc	IN01A070			IN01A070		IN01A070	IN01A070
FBbt:20008609	adult IN01A071 neuron	manc	IN01A071			IN01A071		IN01A071	IN01A071
FBbt:20008610	adult IN01A072 neuron	manc	IN01A072			IN01A072		IN01A072	IN01A072
FBbt:20008611	adult IN01A073 neuron	manc	IN01A073			IN01A073		IN01A073	IN01A073
FBbt:20008612	adult IN01A074 neuron	manc	IN01A074			IN01A074		IN01A074	IN01A074
FBbt:20008613	adult IN01A075 neuron	manc	IN01A075			IN01A075		IN01A075	IN01A075
FBbt:20008614	adult IN01A076 neuron	manc	IN01A076			IN01A076		IN01A076	IN01A076
FBbt:20008615	adult IN01A077 neuron	manc	IN01A077			IN01A077		IN01A077	IN01A077
FBbt:20008616	adult IN01A078 neuron	manc	IN01A078			IN01A078		IN01A078	IN01A078
FBbt:20008617	adult IN01A079 neuron	manc	IN01A079			IN01A079		IN01A079	IN01A079
FBbt:20008618	adult IN01A080 neuron	manc	IN01A080			IN01A080		IN01A080_c|IN01A080_b|IN01A080_a	IN01A080
FBbt:20008619	adult IN01A081 neuron	manc	IN01A081			IN01A081		IN01A081	IN01A081
FBbt:20008620	adult IN01A082 neuron	manc	IN01A082			IN01A082		IN01A082	IN01A082
FBbt:20008621	adult IN01A083 neuron	manc	IN01A083			IN01A083		IN01A083_b|IN01A083_a	IN01A083
FBbt:20008622	adult IN01A084 neuron	manc	IN01A084			IN01A084		IN01A084	IN01A084
FBbt:20008623	adult IN01A085 neuron	manc	IN01A085			IN01A085		IN01A085	IN01A085
FBbt:20008624	adult IN01A087 neuron	manc	IN01A087			IN01A087		IN01A087_a|IN01A087_b	IN01A087
FBbt:20008625	adult IN01A088 neuron	manc	IN01A088			IN01A088		IN01A088	IN01A088
FBbt:20008626	adult IN01B001 neuron	manc	IN01B001			IN01B001		IN01B001	IN01B001
FBbt:20008627	adult IN01B002 neuron	manc	IN01B002			IN01B002		IN01B002	IN01B002
FBbt:20008628	adult IN01B003 neuron	manc	IN01B003			IN01B003		IN01B003	IN01B003
FBbt:20008629	adult IN01B006 neuron	manc	IN01B006			IN01B006		IN01B006	IN01B006
FBbt:20008630	adult IN01B007 neuron	manc	IN01B007			IN01B007		IN01B007	IN01B007
FBbt:20008631	adult IN01B008 neuron	manc	IN01B008			IN01B008		IN01B008	IN01B008
FBbt:20008632	adult IN01B010 neuron	manc	IN01B010			IN01B010		IN01B010	IN01B010
FBbt:20008633	adult IN01B012 neuron	manc	IN01B012			IN01B012		IN01B012	IN01B012
FBbt:20008634	adult IN01B013 neuron	manc	IN01B013			IN01B013			IN01B013
FBbt:20008635	adult IN01B014 neuron	manc	IN01B014			IN01B014		IN01B014	
FBbt:20008636	adult IN01B015 neuron	manc	IN01B015			IN01B015		IN01B015	IN01B015
FBbt:20008637	adult IN01B016 neuron	manc	IN01B016			IN01B016		IN01B016	IN01B016
FBbt:20008638	adult IN01B017 neuron	manc	IN01B017			IN01B017		IN01B017	IN01B017
FBbt:20008639	adult IN01B019 neuron	manc	IN01B019			IN01B019		IN01B019_a|IN01B019_b	IN01B019
FBbt:20008640	adult IN01B020 neuron	manc	IN01B020			IN01B020		IN01B020	IN01B020
FBbt:20008641	adult IN01B021 neuron	manc	IN01B021			IN01B021		IN01B021	IN01B021
FBbt:20008642	adult IN01B022 neuron	manc	IN01B022			IN01B022		IN01B022	IN01B022
FBbt:20008643	adult IN01B023 neuron	manc	IN01B023			IN01B023		IN01B023_c|IN01B023_b|IN01B023_d|IN01B023_a	IN01B023
FBbt:20008644	adult IN01B024 neuron	manc	IN01B024			IN01B024		IN01B024	IN01B024
FBbt:20008645	adult IN01B025 neuron	manc	IN01B025			IN01B025		IN01B025	IN01B025
FBbt:20008646	adult IN01B026 neuron	manc	IN01B026			IN01B026		IN01B026	IN01B026
FBbt:20008647	adult IN01B027 neuron	manc	IN01B027			IN01B027		IN01B027_b|IN01B027_a|IN01B027_d|IN01B027_c|IN01B027_f|IN01B027_e	IN01B027
FBbt:20008648	adult IN01B028 neuron	manc	IN01B028			IN01B028			IN01B028
FBbt:20008649	adult IN01B029 neuron	manc	IN01B029			IN01B029		IN01B029	IN01B029
FBbt:20008650	adult IN01B030 neuron	manc	IN01B030			IN01B030		IN01B030	IN01B030
FBbt:20008651	adult IN01B031 neuron	manc	IN01B031			IN01B031		IN01B031_b|IN01B031_a	IN01B031
FBbt:20008652	adult IN01B032 neuron	manc	IN01B032			IN01B032		IN01B032	IN01B032
FBbt:20008653	adult IN01B033 neuron	manc	IN01B033			IN01B033		IN01B033	IN01B033
FBbt:20008654	adult IN01B034 neuron	manc	IN01B034			IN01B034		IN01B034	IN01B034
FBbt:20008655	adult IN01B035 neuron	manc	IN01B035			IN01B035		IN01B035	IN01B035
FBbt:20008656	adult IN01B036 neuron	manc	IN01B036			IN01B036		IN01B036	IN01B036
FBbt:20008657	adult IN01B037 neuron	manc	IN01B037			IN01B037		IN01B037_b|IN01B037_a	IN01B037
FBbt:20008658	adult IN01B038 neuron	manc	IN01B038			IN01B038			IN01B038
FBbt:20008659	adult IN01B039 neuron	manc	IN01B039			IN01B039		IN01B039	IN01B039
FBbt:20008660	adult IN01B040 neuron	manc	IN01B040			IN01B040		IN01B040	IN01B040
FBbt:20008661	adult IN01B041 neuron	manc	IN01B041			IN01B041		IN01B041	IN01B041
FBbt:20008662	adult IN01B042 neuron	manc	IN01B042			IN01B042		IN01B042	IN01B042
FBbt:20008663	adult IN01B043 neuron	manc	IN01B043			IN01B043		IN01B043	IN01B043
FBbt:20008664	adult IN01B044 neuron	manc	IN01B044			IN01B044		IN01B044_a|IN01B044_b	IN01B044
FBbt:20008665	adult IN01B045 neuron	manc	IN01B045			IN01B045		IN01B045	IN01B045
FBbt:20008666	adult IN01B046 neuron	manc	IN01B046			IN01B046		IN01B046_b|IN01B046_a	IN01B046
FBbt:20008667	adult IN01B047 neuron	manc	IN01B047			IN01B047		IN01B047	IN01B047
FBbt:20008668	adult IN01B048 neuron	manc	IN01B048			IN01B048		IN01B048_b|IN01B048_a	IN01B048
FBbt:20008669	adult IN01B049 neuron	manc	IN01B049			IN01B049		IN01B049	IN01B049
FBbt:20008670	adult IN01B050 neuron	manc	IN01B050			IN01B050		IN01B050_a|IN01B050_b	IN01B050
FBbt:20008671	adult IN01B051 neuron	manc	IN01B051			IN01B051		IN01B051_b|IN01B051_a	IN01B051
FBbt:20008672	adult IN01B052 neuron	manc	IN01B052			IN01B052		IN01B052	IN01B052
FBbt:20008673	adult IN01B053 neuron	manc	IN01B053			IN01B053		IN01B053	IN01B053
FBbt:20008674	adult IN01B054 neuron	manc	IN01B054			IN01B054		IN01B054	IN01B054
FBbt:20008675	adult IN01B055 neuron	manc	IN01B055			IN01B055		IN01B055	IN01B055
FBbt:20008676	adult IN01B056 neuron	manc	IN01B056			IN01B056		IN01B056	IN01B056
FBbt:20008677	adult IN01B057 neuron	manc	IN01B057			IN01B057		IN01B057	IN01B057
FBbt:20008678	adult IN01B058 neuron	manc	IN01B058			IN01B058			
FBbt:20008679	adult IN01B059 neuron	manc	IN01B059			IN01B059		IN01B059_b|IN01B059_a	IN01B059
FBbt:20008680	adult IN01B060 neuron	manc	IN01B060			IN01B060		IN01B060	IN01B060
FBbt:20008681	adult IN01B061 neuron	manc	IN01B061			IN01B061		IN01B061	IN01B061
FBbt:20008682	adult IN01B062 neuron	manc	IN01B062			IN01B062		IN01B062	IN01B062
FBbt:20008683	adult IN01B063 neuron	manc	IN01B063			IN01B063		IN01B063	IN01B063
FBbt:20008684	adult IN01B064 neuron	manc	IN01B064			IN01B064		IN01B064	IN01B064
FBbt:20008685	adult IN01B065 neuron	manc	IN01B065			IN01B065		IN01B065	IN01B065
FBbt:20008686	adult IN01B066 neuron	manc	IN01B066			IN01B066		IN01B066	IN01B066
FBbt:20008687	adult IN01B067 neuron	manc	IN01B067			IN01B067		IN01B067	IN01B067
FBbt:20008688	adult IN01B068 neuron	manc	IN01B068			IN01B068		IN01B068	IN01B068
FBbt:20008689	adult IN01B069 neuron	manc	IN01B069			IN01B069		IN01B069_b|IN01B069_a	IN01B069
FBbt:20008690	adult IN01B070 neuron	manc	IN01B070			IN01B070		IN01B070	IN01B070
FBbt:20008691	adult IN01B071 neuron	manc	IN01B071			IN01B071			IN01B071
FBbt:20008692	adult IN01B072 neuron	manc	IN01B072			IN01B072		IN01B072	IN01B072
FBbt:20008693	adult IN01B073 neuron	manc	IN01B073			IN01B073		IN01B073	IN01B073
FBbt:20008694	adult IN01B074 neuron	manc	IN01B074			IN01B074		IN01B074	IN01B074
FBbt:20008695	adult IN01B075 neuron	manc	IN01B075			IN01B075		IN01B075	IN01B075
FBbt:20008696	adult IN01B077 neuron	manc	IN01B077			IN01B077		IN01B077_b|IN01B077_a	IN01B077
FBbt:20008697	adult IN01B078 neuron	manc	IN01B078			IN01B078		IN01B078	IN01B078
FBbt:20008698	adult IN01B079 neuron	manc	IN01B079			IN01B079		IN01B079	IN01B079
FBbt:20008699	adult IN01B080 neuron	manc	IN01B080			IN01B080		IN01B080	IN01B080
FBbt:20008700	adult IN01B081 neuron	manc	IN01B081			IN01B081		IN01B081	IN01B081
FBbt:20008701	adult IN01B082 neuron	manc	IN01B082			IN01B082		IN01B082	IN01B082
FBbt:20008702	adult IN01B083 neuron	manc	IN01B083			IN01B083		IN01B083_c|IN01B083_a|IN01B083_b	IN01B083
FBbt:20008703	adult IN01B084 neuron	manc	IN01B084			IN01B084		IN01B084	IN01B084
FBbt:20008704	adult IN01B085 neuron	manc	IN01B085			IN01B085		IN01B085	IN01B085
FBbt:20008705	adult IN01B086 neuron	manc	IN01B086			IN01B086		IN01B086	IN01B086
FBbt:20008706	adult IN01B087 neuron	manc	IN01B087			IN01B087		IN01B087	IN01B087
FBbt:20008707	adult IN01B088 neuron	manc	IN01B088			IN01B088		IN01B088	
FBbt:20008708	adult IN01B089 neuron	manc	IN01B089			IN01B089			IN01B089
FBbt:20008709	adult IN01B090 neuron	manc	IN01B090			IN01B090		IN01B090	IN01B090
FBbt:20008710	adult IN01B091 neuron	manc	IN01B091			IN01B091		IN01B091	IN01B091
FBbt:20008711	adult IN01B092 neuron	manc	IN01B092			IN01B092		IN01B092	IN01B092
FBbt:20008712	adult IN01B093 neuron	manc	IN01B093			IN01B093		IN01B093	IN01B093
FBbt:20008713	adult IN01B094 neuron	manc	IN01B094			IN01B094		IN01B094	IN01B094
FBbt:20008714	adult IN01B095 neuron	manc	IN01B095			IN01B095		IN01B095	IN01B095
FBbt:20008715	adult IN01B096 neuron	manc	IN01B096			IN01B096			IN01B096
FBbt:20008716	adult IN01B097 neuron	manc	IN01B097			IN01B097		IN01B097	IN01B097
FBbt:20008717	adult IN01B098 neuron	manc	IN01B098			IN01B098		IN01B098	IN01B098
FBbt:20008718	adult IN01B099 neuron	manc	IN01B099			IN01B099		IN01B099	IN01B099
FBbt:20008719	adult IN01B100 neuron	manc	IN01B100			IN01B100		IN01B100	IN01B100
FBbt:20008720	adult IN01B101 neuron	manc	IN01B101			IN01B101		IN01B101	IN01B101
FBbt:20008721	adult IN01B102 neuron	manc	IN01B102			IN01B102		IN01B102	IN01B102
FBbt:20008722	adult IN02A003 neuron	manc	IN02A003			IN02A003		IN02A003	IN02A003
FBbt:20008723	adult IN02A004 neuron	manc	IN02A004			IN02A004		IN02A004	IN02A004
FBbt:20008724	adult IN02A006 neuron	manc	IN02A006			IN02A006			IN02A006
FBbt:20008725	adult IN02A007 neuron	manc	IN02A007			IN02A007		IN02A007	IN02A007
FBbt:20008726	adult IN02A008 neuron	manc	IN02A008			IN02A008		IN02A008	IN02A008
FBbt:20008727	adult IN02A010 neuron	manc	IN02A010			IN02A010		IN02A010	IN02A010
FBbt:20008728	adult IN02A011 neuron	manc	IN02A011			IN02A011		IN02A011	IN02A011
FBbt:20008729	adult IN02A012 neuron	manc	IN02A012			IN02A012		IN02A012	IN02A012
FBbt:20008730	adult IN02A013 neuron	manc	IN02A013			IN02A013		IN02A013	IN02A013
FBbt:20008731	adult IN02A014 neuron	manc	IN02A014			IN02A014		IN02A014	IN02A014
FBbt:20008732	adult IN02A015 neuron	manc	IN02A015			IN02A015		IN02A015	IN02A015
FBbt:20008733	adult IN02A018 neuron	manc	IN02A018			IN02A018		IN02A018	IN02A018
FBbt:20008734	adult IN02A019 neuron	manc	IN02A019			IN02A019		IN02A019	IN02A019
FBbt:20008735	adult IN02A020 neuron	manc	IN02A020			IN02A020		IN02A020	IN02A020
FBbt:20008736	adult IN02A021 neuron	manc	IN02A021			IN02A021		IN02A021	IN02A021
FBbt:20008737	adult IN02A023 neuron	manc	IN02A023			IN02A023		IN02A023	IN02A023
FBbt:20008738	adult IN02A024 neuron	manc	IN02A024			IN02A024		IN02A024	IN02A024
FBbt:20008739	adult IN02A026 neuron	manc	IN02A026			IN02A026		IN02A026	IN02A026
FBbt:20008740	adult IN02A028 neuron	manc	IN02A028			IN02A028		IN02A028	IN02A028
FBbt:20008741	adult IN02A029 neuron	manc	IN02A029			IN02A029		IN02A029	IN02A029
FBbt:20008742	adult IN02A030 neuron	manc	IN02A030			IN02A030		IN02A030	IN02A030
FBbt:20008743	adult IN02A031 neuron	manc	IN02A031			IN02A031		IN02A031	IN02A031
FBbt:20008744	adult IN02A032 neuron	manc	IN02A032			IN02A032		IN02A032	IN02A032
FBbt:20008745	adult IN02A033 neuron	manc	IN02A033			IN02A033		IN02A033	IN02A033
FBbt:20008746	adult IN02A034 neuron	manc	IN02A034			IN02A034		IN02A034	IN02A034
FBbt:20008747	adult IN02A035 neuron	manc	IN02A035			IN02A035		IN02A035	IN02A035
FBbt:20008748	adult IN02A036 neuron	manc	IN02A036			IN02A036		IN02A036	IN02A036
FBbt:20008749	adult IN02A037 neuron	manc	IN02A037			IN02A037		IN02A037	IN02A037
FBbt:20008750	adult IN02A038 neuron	manc	IN02A038			IN02A038		IN02A038	IN02A038
FBbt:20008751	adult IN02A039 neuron	manc	IN02A039			IN02A039			IN02A039
FBbt:20008752	adult IN02A040 neuron	manc	IN02A040			IN02A040		IN02A040	IN02A040
FBbt:20008753	adult IN02A041 neuron	manc	IN02A041			IN02A041		IN02A041	IN02A041
FBbt:20008754	adult IN02A042 neuron	manc	IN02A042			IN02A042		IN02A042	IN02A042
FBbt:20008755	adult IN02A043 neuron	manc	IN02A043			IN02A043		IN02A043	IN02A043
FBbt:20008756	adult IN02A044 neuron	manc	IN02A044			IN02A044		IN02A044	IN02A044
FBbt:20008757	adult IN02A045 neuron	manc	IN02A045			IN02A045		IN02A045	IN02A045
FBbt:20008758	adult IN02A047 neuron	manc	IN02A047			IN02A047		IN02A047	IN02A047
FBbt:20008759	adult IN02A048 neuron	manc	IN02A048			IN02A048		IN02A048	IN02A048
FBbt:20008760	adult IN02A049 neuron	manc	IN02A049			IN02A049		IN02A049	IN02A049
FBbt:20008761	adult IN02A050 neuron	manc	IN02A050			IN02A050		IN02A050	IN02A050
FBbt:20008762	adult IN02A051 neuron	manc	IN02A051			IN02A051		IN02A051	IN02A051
FBbt:20008763	adult IN02A052 neuron	manc	IN02A052			IN02A052		IN02A052	IN02A052
FBbt:20008764	adult IN02A053 neuron	manc	IN02A053			IN02A053		IN02A053	IN02A053
FBbt:20008765	adult IN02A054 neuron	manc	IN02A054			IN02A054		IN02A054	IN02A054
FBbt:20008766	adult IN02A055 neuron	manc	IN02A055			IN02A055		IN02A055	IN02A055
FBbt:20008767	adult IN02A056 neuron	manc	IN02A056			IN02A056		IN02A056_a|IN02A056_c|IN02A056_b	IN02A056
FBbt:20008768	adult IN02A057 neuron	manc	IN02A057			IN02A057		IN02A057	IN02A057
FBbt:20008769	adult IN02A058 neuron	manc	IN02A058			IN02A058		IN02A058	IN02A058
FBbt:20008770	adult IN02A059 neuron	manc	IN02A059			IN02A059		IN02A059	IN02A059
FBbt:20008771	adult IN02A060 neuron	manc	IN02A060			IN02A060		IN02A060	IN02A060
FBbt:20008772	adult IN02A061 neuron	manc	IN02A061			IN02A061		IN02A061	IN02A061
FBbt:20008773	adult IN02A062 neuron	manc	IN02A062			IN02A062		IN02A062	IN02A062
FBbt:20008774	adult IN02A063 neuron	manc	IN02A063			IN02A063		IN02A063	IN02A063
FBbt:20008775	adult IN02A064 neuron	manc	IN02A064			IN02A064		IN02A064	IN02A064
FBbt:20008776	adult IN02A065 neuron	manc	IN02A065			IN02A065		IN02A065	IN02A065
FBbt:20008777	adult IN02A066 neuron	manc	IN02A066			IN02A066		IN02A066	IN02A066
FBbt:20008778	adult IN02A067 neuron	manc	IN02A067			IN02A067		IN02A067	IN02A067
FBbt:20008779	adult IN03A001 neuron	manc	IN03A001			IN03A001		IN03A001	IN03A001
FBbt:20008780	adult IN03A003 neuron	manc	IN03A003			IN03A003		IN03A003	IN03A003
FBbt:20008781	adult IN03A004 neuron	manc	IN03A004			IN03A004		IN03A004	IN03A004
FBbt:20008782	adult IN03A005 neuron	manc	IN03A005			IN03A005		IN03A005	IN03A005
FBbt:20008783	adult IN03A006 neuron	manc	IN03A006			IN03A006		IN03A006	IN03A006
FBbt:20008784	adult IN03A007 neuron	manc	IN03A007			IN03A007		IN03A007	IN03A007
FBbt:20008785	adult IN03A009 neuron	manc	IN03A009			IN03A009		IN03A009	IN03A009
FBbt:20008786	adult IN03A010 neuron	manc	IN03A010			IN03A010		IN03A010	IN03A010
FBbt:20008787	adult IN03A011 neuron	manc	IN03A011			IN03A011		IN03A011	IN03A011
FBbt:20008788	adult IN03A012 neuron	manc	IN03A012			IN03A012		IN03A012	IN03A012
FBbt:20008789	adult IN03A013 neuron	manc	IN03A013			IN03A013		IN03A013	IN03A013
FBbt:20008790	adult IN03A014 neuron	manc	IN03A014			IN03A014		IN03A014	IN03A014
FBbt:20008791	adult IN03A015 neuron	manc	IN03A015			IN03A015		IN03A015	IN03A015
FBbt:20008792	adult IN03A016 neuron	manc	IN03A016			IN03A016			IN03A016
FBbt:20008793	adult IN03A017 neuron	manc	IN03A017			IN03A017		IN03A017	IN03A017
FBbt:20008794	adult IN03A018 neuron	manc	IN03A018			IN03A018		IN03A018	IN03A018
FBbt:20008795	adult IN03A019 neuron	manc	IN03A019			IN03A019		IN03A019	IN03A019
FBbt:20008796	adult IN03A020 neuron	manc	IN03A020			IN03A020		IN03A020	IN03A020
FBbt:20008797	adult IN03A021 neuron	manc	IN03A021			IN03A021		IN03A021	IN03A021
FBbt:20008798	adult IN03A022 neuron	manc	IN03A022			IN03A022		IN03A022	IN03A022
FBbt:20008799	adult IN03A023 neuron	manc	IN03A023			IN03A023		IN03A023	IN03A023
FBbt:20008800	adult IN03A024 neuron	manc	IN03A024			IN03A024		IN03A024	IN03A024
FBbt:20008801	adult IN03A025 neuron	manc	IN03A025			IN03A025		IN03A025	IN03A025
FBbt:20008802	adult IN03A026 neuron	manc	IN03A026			IN03A026		IN03A026_b|IN03A026_d|IN03A026_c|IN03A026_a	IN03A026
FBbt:20008803	adult IN03A027 neuron	manc	IN03A027			IN03A027		IN03A027	IN03A027
FBbt:20008804	adult IN03A028 neuron	manc	IN03A028			IN03A028		IN03A028	IN03A028
FBbt:20008805	adult IN03A029 neuron	manc	IN03A029			IN03A029		IN03A029	IN03A029
FBbt:20008806	adult IN03A030 neuron	manc	IN03A030			IN03A030		IN03A030	IN03A030
FBbt:20008807	adult IN03A031 neuron	manc	IN03A031			IN03A031		IN03A031	IN03A031
FBbt:20008808	adult IN03A032 neuron	manc	IN03A032			IN03A032		IN03A032	IN03A032
FBbt:20008809	adult IN03A033 neuron	manc	IN03A033			IN03A033		IN03A033	IN03A033
FBbt:20008810	adult IN03A034 neuron	manc	IN03A034			IN03A034		IN03A034	IN03A034
FBbt:20008811	adult IN03A035 neuron	manc	IN03A035			IN03A035		IN03A035	IN03A035
FBbt:20008812	adult IN03A036 neuron	manc	IN03A036			IN03A036		IN03A036	IN03A036
FBbt:20008813	adult IN03A037 neuron	manc	IN03A037			IN03A037		IN03A037	IN03A037
FBbt:20008814	adult IN03A038 neuron	manc	IN03A038			IN03A038		IN03A038	IN03A038
FBbt:20008815	adult IN03A039 neuron	manc	IN03A039			IN03A039		IN03A039	IN03A039
FBbt:20008816	adult IN03A040 neuron	manc	IN03A040			IN03A040		IN03A040	IN03A040
FBbt:20008817	adult IN03A041 neuron	manc	IN03A041			IN03A041		IN03A041	IN03A041
FBbt:20008818	adult IN03A042 neuron	manc	IN03A042			IN03A042		IN03A042	IN03A042
FBbt:20008819	adult IN03A043 neuron	manc	IN03A043			IN03A043		IN03A043	IN03A043
FBbt:20008820	adult IN03A044 neuron	manc	IN03A044			IN03A044		IN03A044	IN03A044
FBbt:20008821	adult IN03A045 neuron	manc	IN03A045			IN03A045		IN03A045	IN03A045
FBbt:20008822	adult IN03A046 neuron	manc	IN03A046			IN03A046		IN03A046	IN03A046
FBbt:20008823	adult IN03A047 neuron	manc	IN03A047			IN03A047		IN03A047	IN03A047
FBbt:20008824	adult IN03A048 neuron	manc	IN03A048			IN03A048		IN03A048	IN03A048
FBbt:20008825	adult IN03A049 neuron	manc	IN03A049			IN03A049		IN03A049	IN03A049
FBbt:20008826	adult IN03A050 neuron	manc	IN03A050			IN03A050		IN03A050	IN03A050
FBbt:20008827	adult IN03A051 neuron	manc	IN03A051			IN03A051		IN03A051	IN03A051
FBbt:20008828	adult IN03A052 neuron	manc	IN03A052			IN03A052		IN03A052	IN03A052
FBbt:20008829	adult IN03A053 neuron	manc	IN03A053			IN03A053		IN03A053	IN03A053
FBbt:20008830	adult IN03A054 neuron	manc	IN03A054			IN03A054		IN03A054	IN03A054
FBbt:20008831	adult IN03A055 neuron	manc	IN03A055			IN03A055		IN03A055	IN03A055
FBbt:20008832	adult IN03A056 neuron	manc	IN03A056			IN03A056		IN03A056	IN03A056
FBbt:20008833	adult IN03A057 neuron	manc	IN03A057			IN03A057		IN03A057	IN03A057
FBbt:20008834	adult IN03A058 neuron	manc	IN03A058			IN03A058		IN03A058	IN03A058
FBbt:20008835	adult IN03A059 neuron	manc	IN03A059			IN03A059		IN03A059	IN03A059
FBbt:20008836	adult IN03A060 neuron	manc	IN03A060			IN03A060		IN03A060	IN03A060
FBbt:20008837	adult IN03A061 neuron	manc	IN03A061			IN03A061		IN03A061	IN03A061
FBbt:20008838	adult IN03A062 neuron	manc	IN03A062			IN03A062		IN03A062_d|IN03A062_c|IN03A062_e|IN03A062_a|IN03A062_h|IN03A062_f|IN03A062_b|IN03A062_g	IN03A062
FBbt:20008839	adult IN03A063 neuron	manc	IN03A063			IN03A063		IN03A063	IN03A063
FBbt:20008840	adult IN03A064 neuron	manc	IN03A064			IN03A064		IN03A064	IN03A064
FBbt:20008841	adult IN03A065 neuron	manc	IN03A065			IN03A065		IN03A065	IN03A065
FBbt:20008842	adult IN03A066 neuron	manc	IN03A066			IN03A066		IN03A066	IN03A066
FBbt:20008843	adult IN03A067 neuron	manc	IN03A067			IN03A067		IN03A067	IN03A067
FBbt:20008844	adult IN03A068 neuron	manc	IN03A068			IN03A068		IN03A068	IN03A068
FBbt:20008845	adult IN03A069 neuron	manc	IN03A069			IN03A069		IN03A069	IN03A069
FBbt:20008846	adult IN03A070 neuron	manc	IN03A070			IN03A070		IN03A070	IN03A070
FBbt:20008847	adult IN03A071 neuron	manc	IN03A071			IN03A071		IN03A071	IN03A071
FBbt:20008848	adult IN03A072 neuron	manc	IN03A072			IN03A072		IN03A072	IN03A072
FBbt:20008849	adult IN03A073 neuron	manc	IN03A073			IN03A073		IN03A073	IN03A073
FBbt:20008850	adult IN03A074 neuron	manc	IN03A074			IN03A074		IN03A074	IN03A074
FBbt:20008851	adult IN03A075 neuron	manc	IN03A075			IN03A075		IN03A075	IN03A075
FBbt:20008852	adult IN03A076 neuron	manc	IN03A076			IN03A076		IN03A076	IN03A076
FBbt:20008853	adult IN03A077 neuron	manc	IN03A077			IN03A077		IN03A077	IN03A077
FBbt:20008854	adult IN03A078 neuron	manc	IN03A078			IN03A078		IN03A078	IN03A078
FBbt:20008855	adult IN03A079 neuron	manc	IN03A079			IN03A079		IN03A079	IN03A079
FBbt:20008856	adult IN03A080 neuron	manc	IN03A080			IN03A080		IN03A080	IN03A080
FBbt:20008857	adult IN03A081 neuron	manc	IN03A081			IN03A081		IN03A081	IN03A081
FBbt:20008858	adult IN03A082 neuron	manc	IN03A082			IN03A082		IN03A082	IN03A082
FBbt:20008859	adult IN03A083 neuron	manc	IN03A083			IN03A083		IN03A083	IN03A083
FBbt:20008860	adult IN03A084 neuron	manc	IN03A084			IN03A084		IN03A084	IN03A084
FBbt:20008861	adult IN03A085 neuron	manc	IN03A085			IN03A085		IN03A085	IN03A085
FBbt:20008862	adult IN03A087 neuron	manc	IN03A087			IN03A087		IN03A087	IN03A087
FBbt:20008863	adult IN03A088 neuron	manc	IN03A088			IN03A088		IN03A088	IN03A088
FBbt:20008864	adult IN03A089 neuron	manc	IN03A089			IN03A089		IN03A089	IN03A089
FBbt:20008865	adult IN03A090 neuron	manc	IN03A090			IN03A090		IN03A090	IN03A090
FBbt:20008866	adult IN03A091 neuron	manc	IN03A091			IN03A091		IN03A091	IN03A091
FBbt:20008867	adult IN03A092 neuron	manc	IN03A092			IN03A092		IN03A092	IN03A092
FBbt:20008868	adult IN03A093 neuron	manc	IN03A093			IN03A093		IN03A093	IN03A093
FBbt:20008869	adult IN03A094 neuron	manc	IN03A094			IN03A094		IN03A094	IN03A094
FBbt:20008870	adult IN03A095 neuron	manc	IN03A095			IN03A095		IN03A095	IN03A095
FBbt:20008871	adult IN03A096 neuron	manc	IN03A096			IN03A096		IN03A096	IN03A096
FBbt:20008872	adult IN03A097 neuron	manc	IN03A097			IN03A097		IN03A097	IN03A097
FBbt:20008873	adult IN03B001 neuron	manc	IN03B001			IN03B001		IN03B001	IN03B001
FBbt:20008874	adult IN03B005 neuron	manc	IN03B005			IN03B005		IN03B005	IN03B005
FBbt:20008875	adult IN03B008 neuron	manc	IN03B008			IN03B008		IN03B008	IN03B008
FBbt:20008876	adult IN03B011 neuron	manc	IN03B011			IN03B011		IN03B011	IN03B011
FBbt:20008877	adult IN03B012 neuron	manc	IN03B012			IN03B012		IN03B012	IN03B012
FBbt:20008878	adult IN03B015 neuron	manc	IN03B015			IN03B015		IN03B015	IN03B015
FBbt:20008879	adult IN03B016 neuron	manc	IN03B016			IN03B016		IN03B016	IN03B016
FBbt:20008880	adult IN03B019 neuron	manc	IN03B019			IN03B019		IN03B019	IN03B019
FBbt:20008881	adult IN03B020 neuron	manc	IN03B020			IN03B020		IN03B020	IN03B020
FBbt:20008882	adult IN03B021 neuron	manc	IN03B021			IN03B021		IN03B021	IN03B021
FBbt:20008883	adult IN03B022 neuron	manc	IN03B022			IN03B022		IN03B022	IN03B022
FBbt:20008884	adult IN03B024 neuron	manc	IN03B024			IN03B024		IN03B024	IN03B024
FBbt:20008885	adult IN03B025 neuron	manc	IN03B025			IN03B025		IN03B025	IN03B025
FBbt:20008886	adult IN03B028 neuron	manc	IN03B028			IN03B028		IN03B028	IN03B028
FBbt:20008887	adult IN03B029 neuron	manc	IN03B029			IN03B029		IN03B029	
FBbt:20008888	adult IN03B031 neuron	manc	IN03B031			IN03B031		IN03B031	IN03B031
FBbt:20008889	adult IN03B032 neuron	manc	IN03B032			IN03B032		IN03B032	IN03B032
FBbt:20008890	adult IN03B034 neuron	manc	IN03B034			IN03B034		IN03B034	IN03B034
FBbt:20008891	adult IN03B035 neuron	manc	IN03B035			IN03B035		IN03B035	IN03B035
FBbt:20008892	adult IN03B036 neuron	manc	IN03B036			IN03B036		IN03B036	IN03B036
FBbt:20008893	adult IN03B037 neuron	manc	IN03B037			IN03B037		IN03B037	IN03B037
FBbt:20008894	adult IN03B038 neuron	manc	IN03B038			IN03B038		IN03B038	IN03B038
FBbt:20008895	adult IN03B042 neuron	manc	IN03B042			IN03B042		IN03B042	IN03B042
FBbt:20008896	adult IN03B043 neuron	manc	IN03B043			IN03B043		IN03B043	IN03B043
FBbt:20008897	adult IN03B045 neuron	manc	IN03B045			IN03B045		IN03B045	IN03B045
FBbt:20008898	adult IN03B046 neuron	manc	IN03B046			IN03B046		IN03B046	IN03B046
FBbt:20008899	adult IN03B049 neuron	manc	IN03B049			IN03B049		IN03B049	IN03B049
FBbt:20008900	adult IN03B051 neuron	manc	IN03B051			IN03B051		IN03B051	IN03B051
FBbt:20008901	adult IN03B052 neuron	manc	IN03B052			IN03B052		IN03B052	IN03B052
FBbt:20008902	adult IN03B053 neuron	manc	IN03B053			IN03B053		IN03B053	IN03B053
FBbt:20008903	adult IN03B054 neuron	manc	IN03B054			IN03B054		IN03B054	IN03B054
FBbt:20008904	adult IN03B055 neuron	manc	IN03B055			IN03B055		IN03B055	IN03B055
FBbt:20008905	adult IN03B056 neuron	manc	IN03B056			IN03B056		IN03B056	IN03B056
FBbt:20008906	adult IN03B057 neuron	manc	IN03B057			IN03B057		IN03B057	IN03B057
FBbt:20008907	adult IN03B058 neuron	manc	IN03B058			IN03B058		IN03B058	IN03B058
FBbt:20008908	adult IN03B059 neuron	manc	IN03B059			IN03B059		IN03B059	IN03B059
FBbt:20008909	adult IN03B060 neuron	manc	IN03B060			IN03B060		IN03B060	IN03B060
FBbt:20008910	adult IN03B061 neuron	manc	IN03B061			IN03B061		IN03B061	IN03B061
FBbt:20008911	adult IN03B062 neuron	manc	IN03B062			IN03B062		IN03B062	IN03B062
FBbt:20008912	adult IN03B063 neuron	manc	IN03B063			IN03B063		IN03B063	IN03B063
FBbt:20008913	adult IN03B064 neuron	manc	IN03B064			IN03B064		IN03B064	IN03B064
FBbt:20008914	adult IN03B065 neuron	manc	IN03B065			IN03B065		IN03B065	IN03B065
FBbt:20008915	adult IN03B066 neuron	manc	IN03B066			IN03B066		IN03B066	IN03B066
FBbt:20008916	adult IN03B067 neuron	manc	IN03B067			IN03B067		IN03B067	IN03B067
FBbt:20008917	adult IN03B068 neuron	manc	IN03B068			IN03B068		IN03B068	IN03B068
FBbt:20008918	adult IN03B069 neuron	manc	IN03B069			IN03B069		IN03B069	IN03B069
FBbt:20008919	adult IN03B070 neuron	manc	IN03B070			IN03B070		IN03B070	IN03B070
FBbt:20008920	adult IN03B071 neuron	manc	IN03B071			IN03B071		IN03B071	IN03B071
FBbt:20008921	adult IN03B072 neuron	manc	IN03B072			IN03B072		IN03B072	IN03B072
FBbt:20008922	adult IN03B073 neuron	manc	IN03B073			IN03B073		IN03B073	IN03B073
FBbt:20008923	adult IN03B074 neuron	manc	IN03B074			IN03B074		IN03B074	IN03B074
FBbt:20008924	adult IN03B075 neuron	manc	IN03B075			IN03B075		IN03B075	IN03B075
FBbt:20008925	adult IN03B076 neuron	manc	IN03B076			IN03B076		IN03B076	IN03B076
FBbt:20008926	adult IN03B077 neuron	manc	IN03B077			IN03B077		IN03B077	IN03B077
FBbt:20008927	adult IN03B078 neuron	manc	IN03B078			IN03B078		IN03B078	IN03B078
FBbt:20008928	adult IN03B079 neuron	manc	IN03B079			IN03B079		IN03B079	IN03B079
FBbt:20008929	adult IN03B080 neuron	manc	IN03B080			IN03B080		IN03B080	IN03B080
FBbt:20008930	adult IN03B081 neuron	manc	IN03B081			IN03B081		IN03B081	IN03B081
FBbt:20008931	adult IN03B082 neuron	manc	IN03B082			IN03B082			IN03B082
FBbt:20008932	adult IN03B083 neuron	manc	IN03B083			IN03B083		IN03B083	IN03B083
FBbt:20008933	adult IN03B084 neuron	manc	IN03B084			IN03B084		IN03B084	IN03B084
FBbt:20008934	adult IN03B085 neuron	manc	IN03B085			IN03B085		IN03B085	IN03B085
FBbt:20008935	adult IN03B086 neuron	manc	IN03B086			IN03B086		IN03B086_b|IN03B086_e|IN03B086_c|IN03B086_d|IN03B086_a	IN03B086
FBbt:20008936	adult IN03B087 neuron	manc	IN03B087			IN03B087			IN03B087
FBbt:20008937	adult IN03B088 neuron	manc	IN03B088			IN03B088		IN03B088	IN03B088
FBbt:20008938	adult IN03B089 neuron	manc	IN03B089			IN03B089		IN03B089	IN03B089
FBbt:20008939	adult IN03B090 neuron	manc	IN03B090			IN03B090		IN03B090	IN03B090
FBbt:20008940	adult IN03B091 neuron	manc	IN03B091			IN03B091		IN03B091	IN03B091
FBbt:20008941	adult IN03B092 neuron	manc	IN03B092			IN03B092		IN03B092	IN03B092
FBbt:20008942	adult IN03B093 neuron	manc	IN03B093			IN03B093			IN03B093
FBbt:20008943	adult IN04A002 neuron	manc	IN04A002			IN04A002		IN04A002	IN04A002
FBbt:20008944	adult IN04B001 neuron	manc	IN04B001			IN04B001		IN04B001	IN04B001
FBbt:20008945	adult IN04B002 neuron	manc	IN04B002			IN04B002		IN04B002	IN04B002
FBbt:20008946	adult IN04B004 neuron	manc	IN04B004			IN04B004		IN04B004	IN04B004
FBbt:20008947	adult IN04B005 neuron	manc	IN04B005			IN04B005		IN04B005	IN04B005
FBbt:20008948	adult IN04B006 neuron	manc	IN04B006			IN04B006		IN04B006	IN04B006
FBbt:20008949	adult IN04B007 neuron	manc	IN04B007			IN04B007		IN04B007	IN04B007
FBbt:20008950	adult IN04B008 neuron	manc	IN04B008			IN04B008		IN04B008	IN04B008
FBbt:20008951	adult IN04B009 neuron	manc	IN04B009			IN04B009		IN04B009	
FBbt:20008952	adult IN04B010 neuron	manc	IN04B010			IN04B010		IN04B010	
FBbt:20008953	adult IN04B011 neuron	manc	IN04B011			IN04B011		IN04B011	IN04B011
FBbt:20008954	adult IN04B012 neuron	manc	IN04B012			IN04B012		IN04B012	
FBbt:20008955	adult IN04B013 neuron	manc	IN04B013			IN04B013		IN04B013	
FBbt:20008956	adult IN04B014 neuron	manc	IN04B014			IN04B014		IN04B014	IN04B014
FBbt:20008957	adult IN04B015 neuron	manc	IN04B015			IN04B015		IN04B015	IN04B015
FBbt:20008958	adult IN04B016 neuron	manc	IN04B016			IN04B016		IN04B016	
FBbt:20008959	adult IN04B017 neuron	manc	IN04B017			IN04B017		IN04B017	
FBbt:20008960	adult IN04B018 neuron	manc	IN04B018			IN04B018		IN04B018	IN04B018
FBbt:20008961	adult IN04B019 neuron	manc	IN04B019			IN04B019		IN04B019	IN04B019
FBbt:20008962	adult IN04B020 neuron	manc	IN04B020			IN04B020		IN04B020	IN04B020
FBbt:20008963	adult IN04B021 neuron	manc	IN04B021			IN04B021		IN04B021	IN04B021
FBbt:20008964	adult IN04B022 neuron	manc	IN04B022			IN04B022		IN04B022	IN04B022
FBbt:20008965	adult IN04B024 neuron	manc	IN04B024			IN04B024		IN04B024	
FBbt:20008966	adult IN04B025 neuron	manc	IN04B025			IN04B025		IN04B025	IN04B025
FBbt:20008967	adult IN04B026 neuron	manc	IN04B026			IN04B026		IN04B026	IN04B026
FBbt:20008968	adult IN04B027 neuron	manc	IN04B027			IN04B027		IN04B027	IN04B027
FBbt:20008969	adult IN04B028 neuron	manc	IN04B028			IN04B028		IN04B028	IN04B028
FBbt:20008970	adult IN04B029 neuron	manc	IN04B029			IN04B029		IN04B029	IN04B029
FBbt:20008971	adult IN04B030 neuron	manc	IN04B030			IN04B030		IN04B030	
FBbt:20008972	adult IN04B031 neuron	manc	IN04B031			IN04B031		IN04B031	IN04B031
FBbt:20008973	adult IN04B032 neuron	manc	IN04B032			IN04B032		IN04B032	
FBbt:20008974	adult IN04B033 neuron	manc	IN04B033			IN04B033		IN04B033	IN04B033
FBbt:20008975	adult IN04B034 neuron	manc	IN04B034			IN04B034		IN04B034	IN04B034
FBbt:20008976	adult IN04B035 neuron	manc	IN04B035			IN04B035		IN04B035	IN04B035
FBbt:20008977	adult IN04B036 neuron	manc	IN04B036			IN04B036		IN04B036	IN04B036
FBbt:20008978	adult IN04B037 neuron	manc	IN04B037			IN04B037		IN04B037	IN04B037
FBbt:20008979	adult IN04B038 neuron	manc	IN04B038			IN04B038		IN04B038	IN04B038
FBbt:20008980	adult IN04B039 neuron	manc	IN04B039			IN04B039		IN04B039	IN04B039
FBbt:20008981	adult IN04B040 neuron	manc	IN04B040			IN04B040			
FBbt:20008982	adult IN04B041 neuron	manc	IN04B041			IN04B041		IN04B041	IN04B041
FBbt:20008983	adult IN04B042 neuron	manc	IN04B042			IN04B042		IN04B042	IN04B042
FBbt:20008984	adult IN04B043 neuron	manc	IN04B043			IN04B043		IN04B043_b|IN04B043_a	IN04B043
FBbt:20008985	adult IN04B044 neuron	manc	IN04B044			IN04B044		IN04B044	IN04B044
FBbt:20008986	adult IN04B046 neuron	manc	IN04B046			IN04B046		IN04B046	IN04B046
FBbt:20008987	adult IN04B047 neuron	manc	IN04B047			IN04B047		IN04B047	IN04B047
FBbt:20008988	adult IN04B048 neuron	manc	IN04B048			IN04B048		IN04B048	
FBbt:20008989	adult IN04B049 neuron	manc	IN04B049			IN04B049		IN04B049_c|IN04B049_a|IN04B049_b	IN04B049
FBbt:20008990	adult IN04B050 neuron	manc	IN04B050			IN04B050		IN04B050	IN04B050
FBbt:20008991	adult IN04B052 neuron	manc	IN04B052			IN04B052		IN04B052	IN04B052
FBbt:20008992	adult IN04B053 neuron	manc	IN04B053			IN04B053		IN04B053	IN04B053
FBbt:20008993	adult IN04B054 neuron	manc	IN04B054			IN04B054		IN04B054_b|IN04B054_c|IN04B054_a	IN04B054
FBbt:20008994	adult IN04B055 neuron	manc	IN04B055			IN04B055		IN04B055	IN04B055
FBbt:20008995	adult IN04B056 neuron	manc	IN04B056			IN04B056		IN04B056	IN04B056
FBbt:20008996	adult IN04B057 neuron	manc	IN04B057			IN04B057		IN04B057	IN04B057
FBbt:20008997	adult IN04B058 neuron	manc	IN04B058			IN04B058		IN04B058	IN04B058
FBbt:20008998	adult IN04B059 neuron	manc	IN04B059			IN04B059		IN04B059	IN04B059
FBbt:20008999	adult IN04B060 neuron	manc	IN04B060			IN04B060		IN04B060	
FBbt:20009000	adult IN04B061 neuron	manc	IN04B061			IN04B061		IN04B061	IN04B061
FBbt:20009001	adult IN04B062 neuron	manc	IN04B062			IN04B062		IN04B062	IN04B062
FBbt:20009002	adult IN04B063 neuron	manc	IN04B063			IN04B063		IN04B063	IN04B063
FBbt:20009003	adult IN04B064 neuron	manc	IN04B064			IN04B064		IN04B064	IN04B064
FBbt:20009004	adult IN04B065 neuron	manc	IN04B065			IN04B065			
FBbt:20009005	adult IN04B066 neuron	manc	IN04B066			IN04B066		IN04B066	IN04B066
FBbt:20009006	adult IN04B067 neuron	manc	IN04B067			IN04B067		IN04B067	IN04B067
FBbt:20009007	adult IN04B068 neuron	manc	IN04B068			IN04B068		IN04B068	IN04B068
FBbt:20009008	adult IN04B069 neuron	manc	IN04B069			IN04B069		IN04B069	IN04B069
FBbt:20009009	adult IN04B070 neuron	manc	IN04B070			IN04B070		IN04B070	IN04B070
FBbt:20009010	adult IN04B071 neuron	manc	IN04B071			IN04B071		IN04B071	IN04B071
FBbt:20009011	adult IN04B072 neuron	manc	IN04B072			IN04B072		IN04B072	IN04B072
FBbt:20009012	adult IN04B073 neuron	manc	IN04B073			IN04B073		IN04B073	IN04B073
FBbt:20009013	adult IN04B074 neuron	manc	IN04B074			IN04B074		IN04B074	IN04B074
FBbt:20009014	adult IN04B075 neuron	manc	IN04B075			IN04B075		IN04B075	IN04B075
FBbt:20009015	adult IN04B076 neuron	manc	IN04B076			IN04B076		IN04B076	
FBbt:20009016	adult IN04B077 neuron	manc	IN04B077			IN04B077		IN04B077	
FBbt:20009017	adult IN04B078 neuron	manc	IN04B078			IN04B078		IN04B078	IN04B078
FBbt:20009018	adult IN04B079 neuron	manc	IN04B079			IN04B079		IN04B079	
FBbt:20009019	adult IN04B080 neuron	manc	IN04B080			IN04B080		IN04B080	IN04B080
FBbt:20009020	adult IN04B081 neuron	manc	IN04B081			IN04B081		IN04B081	IN04B081
FBbt:20009021	adult IN04B082 neuron	manc	IN04B082			IN04B082		IN04B082	IN04B082
FBbt:20009022	adult IN04B083 neuron	manc	IN04B083			IN04B083		IN04B083	IN04B083
FBbt:20009023	adult IN04B084 neuron	manc	IN04B084			IN04B084		IN04B084	IN04B084
FBbt:20009024	adult IN04B085 neuron	manc	IN04B085			IN04B085		IN04B085	IN04B085
FBbt:20009025	adult IN04B086 neuron	manc	IN04B086			IN04B086		IN04B086	IN04B086
FBbt:20009026	adult IN04B087 neuron	manc	IN04B087			IN04B087		IN04B087	IN04B087
FBbt:20009027	adult IN04B088 neuron	manc	IN04B088			IN04B088		IN04B088	IN04B088
FBbt:20009028	adult IN04B089 neuron	manc	IN04B089			IN04B089		IN04B089	IN04B089
FBbt:20009029	adult IN04B090 neuron	manc	IN04B090			IN04B090		IN04B090	IN04B090
FBbt:20009030	adult IN04B091 neuron	manc	IN04B091			IN04B091		IN04B091	IN04B091
FBbt:20009031	adult IN04B092 neuron	manc	IN04B092			IN04B092		IN04B092	IN04B092
FBbt:20009032	adult IN04B093 neuron	manc	IN04B093			IN04B093		IN04B093	IN04B093
FBbt:20009033	adult IN04B094 neuron	manc	IN04B094			IN04B094		IN04B094	IN04B094
FBbt:20009034	adult IN04B095 neuron	manc	IN04B095			IN04B095		IN04B095	IN04B095
FBbt:20009035	adult IN04B096 neuron	manc	IN04B096			IN04B096		IN04B096	IN04B096
FBbt:20009036	adult IN04B097 neuron	manc	IN04B097			IN04B097		IN04B097	IN04B097
FBbt:20009037	adult IN04B098 neuron	manc	IN04B098			IN04B098		IN04B098	IN04B098
FBbt:20009038	adult IN04B099 neuron	manc	IN04B099			IN04B099		IN04B099	IN04B099
FBbt:20009039	adult IN04B100 neuron	manc	IN04B100			IN04B100		IN04B100	IN04B100
FBbt:20009040	adult IN04B101 neuron	manc	IN04B101			IN04B101		IN04B101	IN04B101
FBbt:20009041	adult IN04B102 neuron	manc	IN04B102			IN04B102		IN04B102	IN04B102
FBbt:20009042	adult IN04B103 neuron	manc	IN04B103			IN04B103		IN04B103	IN04B103
FBbt:20009043	adult IN04B104 neuron	manc	IN04B104			IN04B104		IN04B104	IN04B104
FBbt:20009044	adult IN04B105 neuron	manc	IN04B105			IN04B105		IN04B105	IN04B105
FBbt:20009045	adult IN04B106 neuron	manc	IN04B106			IN04B106		IN04B106	IN04B106
FBbt:20009046	adult IN04B107 neuron	manc	IN04B107			IN04B107		IN04B107	IN04B107
FBbt:20009047	adult IN04B108 neuron	manc	IN04B108			IN04B108		IN04B108	IN04B108
FBbt:20009048	adult IN04B109 neuron	manc	IN04B109			IN04B109		IN04B109	IN04B109
FBbt:20009049	adult IN04B110 neuron	manc	IN04B110			IN04B110		IN04B110	IN04B110
FBbt:20009050	adult IN04B111 neuron	manc	IN04B111			IN04B111		IN04B111	IN04B111
FBbt:20009051	adult IN04B112 neuron	manc	IN04B112			IN04B112		IN04B112	IN04B112
FBbt:20009052	adult IN04B113 neuron	manc	IN04B113			IN04B113			
FBbt:20009053	adult IN04B114 neuron	manc	IN04B114			IN04B114			IN04B114
FBbt:20009054	adult IN04B115 neuron	manc	IN04B115			IN04B115		IN04B115	IN04B115
FBbt:20009055	adult IN05B001 neuron	manc	IN05B001			IN05B001		IN05B001	IN05B001
FBbt:20009056	adult IN05B002 neuron	manc	IN05B002			IN05B002		IN05B002	IN05B002
FBbt:20009057	adult IN05B003 neuron	manc	IN05B003			IN05B003		IN05B003	IN05B003
FBbt:20009058	adult IN05B005 neuron	manc	IN05B005			IN05B005		IN05B005	IN05B005
FBbt:20009059	adult IN05B008 neuron	manc	IN05B008			IN05B008		IN05B008	IN05B008
FBbt:20009060	adult IN05B010 neuron	manc	IN05B010			IN05B010		IN05B010	IN05B010
FBbt:20009061	adult IN05B011 neuron	manc	IN05B011			IN05B011		IN05B011a|IN05B011b	IN05B011
FBbt:20009062	adult IN05B012 neuron	manc	IN05B012			IN05B012		IN05B012	IN05B012
FBbt:20009063	adult IN05B013 neuron	manc	IN05B013			IN05B013		IN05B013	IN05B013
FBbt:20009064	adult IN05B014 neuron	manc	IN05B014			IN05B014		IN13B104	IN05B014
FBbt:20009065	adult IN05B016 neuron	manc	IN05B016			IN05B016		IN05B016	IN05B016
FBbt:20009066	adult IN05B017 neuron	manc	IN05B017			IN05B017		IN05B017	IN05B017
FBbt:20009067	adult IN05B018 neuron	manc	IN05B018			IN05B018		IN05B018	IN05B018
FBbt:20009068	adult IN05B019 neuron	manc	IN05B019			IN05B019		IN05B019	IN05B019
FBbt:20009069	adult IN05B020 neuron	manc	IN05B020			IN05B020		IN05B020	IN05B020
FBbt:20009070	adult IN05B021 neuron	manc	IN05B021			IN05B021		IN05B021	IN05B021
FBbt:20009071	adult IN05B022 neuron	manc	IN05B022			IN05B022		IN05B022	IN05B022
FBbt:20009072	adult IN05B024 neuron	manc	IN05B024			IN05B024		IN05B024	IN05B024
FBbt:20009073	adult IN05B028 neuron	manc	IN05B028			IN05B028		IN05B028	IN05B028
FBbt:20009074	adult IN05B030 neuron	manc	IN05B030			IN05B030		IN05B030	IN05B030
FBbt:20009075	adult IN05B031 neuron	manc	IN05B031			IN05B031		IN05B031	IN05B031
FBbt:20009076	adult IN05B032 neuron	manc	IN05B032			IN05B032		IN05B032	IN05B032
FBbt:20009077	adult IN05B033 neuron	manc	IN05B033			IN05B033		IN05B033	IN05B033
FBbt:20009078	adult IN05B034 neuron	manc	IN05B034			IN05B034		IN05B034	IN05B034
FBbt:20009079	adult IN05B036 neuron	manc	IN05B036			IN05B036		IN05B036	
FBbt:20009080	adult IN05B037 neuron	manc	IN05B037			IN05B037		IN05B037	IN05B037
FBbt:20009081	adult IN05B038 neuron	manc	IN05B038			IN05B038		IN05B038	IN05B038
FBbt:20009082	adult IN05B039 neuron	manc	IN05B039			IN05B039		IN05B039	IN05B039
FBbt:20009083	adult IN05B041 neuron	manc	IN05B041			IN05B041		IN05B041	IN05B041
FBbt:20009084	adult IN05B042 neuron	manc	IN05B042			IN05B042		IN05B042	IN05B042
FBbt:20009085	adult IN05B043 neuron	manc	IN05B043			IN05B043		IN05B043	IN05B043
FBbt:20009086	adult IN05B055 neuron	manc	IN05B055			IN05B055		IN05B055	IN05B055
FBbt:20009087	adult IN05B061 neuron	manc	IN05B061			IN05B061		IN05B061	IN05B061
FBbt:20009088	adult IN05B064 neuron	manc	IN05B064			IN05B064		IN05B064_a|IN05B064_b	IN05B064
FBbt:20009089	adult IN05B065 neuron	manc	IN05B065			IN05B065		IN05B065	IN05B065
FBbt:20009090	adult IN05B066 neuron	manc	IN05B066			IN05B066		IN05B066	IN05B066
FBbt:20009091	adult IN05B070 neuron	manc	IN05B070			IN05B070		IN05B070	IN05B070
FBbt:20009092	adult IN05B073 neuron	manc	IN05B073			IN05B073		IN05B073	IN05B073
FBbt:20009093	adult IN05B074 neuron	manc	IN05B074			IN05B074		IN05B074	
FBbt:20009094	adult IN05B075 neuron	manc	IN05B075			IN05B075		IN05B075	IN05B075
FBbt:20009095	adult IN05B077 neuron	manc	IN05B077			IN05B077		IN05B077	IN05B077
FBbt:20009096	adult IN05B079 neuron	manc	IN05B079			IN05B079			IN05B079
FBbt:20009097	adult IN05B080 neuron	manc	IN05B080			IN05B080		IN05B080	IN05B080
FBbt:20009098	adult IN05B082 neuron	manc	IN05B082			IN05B082		IN05B082	IN05B082
FBbt:20009099	adult IN05B084 neuron	manc	IN05B084			IN05B084		IN05B084	
FBbt:20009100	adult IN05B086 neuron	manc	IN05B086			IN05B086		IN05B086	IN05B086
FBbt:20009101	adult IN05B087 neuron	manc	IN05B087			IN05B087		IN05B087	IN05B087
FBbt:20009102	adult IN05B088 neuron	manc	IN05B088			IN05B088		IN05B088	IN05B088
FBbt:20009103	adult IN05B089 neuron	manc	IN05B089			IN05B089		IN05B089	IN05B089
FBbt:20009104	adult IN05B090 neuron	manc	IN05B090			IN05B090		IN05B090	IN05B090
FBbt:20009105	adult IN05B091 neuron	manc	IN05B091			IN05B091		IN05B091	IN05B091
FBbt:20009106	adult IN05B092 neuron	manc	IN05B092			IN05B092		IN05B092	IN05B092
FBbt:20009107	adult IN05B093 neuron	manc	IN05B093			IN05B093		IN05B093	IN05B093
FBbt:20009108	adult IN05B094 neuron	manc	IN05B094			IN05B094		IN05B094	IN05B094
FBbt:20009109	adult IN06A002 neuron	manc	IN06A002			IN06A002		IN06A002	IN06A002
FBbt:20009110	adult IN06A003 neuron	manc	IN06A003			IN06A003		IN06A003	IN06A003
FBbt:20009111	adult IN06A004 neuron	manc	IN06A004			IN06A004		IN06A004	IN06A004
FBbt:20009112	adult IN06A005 neuron	manc	IN06A005			IN06A005		IN06A005	IN06A005
FBbt:20009113	adult IN06A006 neuron	manc	IN06A006			IN06A006		IN06A006	IN06A006
FBbt:20009114	adult IN06A008 neuron	manc	IN06A008			IN06A008		IN06A008	IN06A008
FBbt:20009115	adult IN06A009 neuron	manc	IN06A009			IN06A009		IN06A009	IN06A009
FBbt:20009116	adult IN06A011 neuron	manc	IN06A011			IN06A011		IN06A011	IN06A011
FBbt:20009117	adult IN06A012 neuron	manc	IN06A012			IN06A012		IN06A012	IN06A012
FBbt:20009118	adult IN06A013 neuron	manc	IN06A013			IN06A013		IN06A013	IN06A013
FBbt:20009119	adult IN06A014 neuron	manc	IN06A014			IN06A014		IN06A014	IN06A014
FBbt:20009120	adult IN06A016 neuron	manc	IN06A016			IN06A016		IN06A016	IN06A016
FBbt:20009121	adult IN06A018 neuron	manc	IN06A018			IN06A018		IN06A018	IN06A018
FBbt:20009122	adult IN06A019 neuron	manc	IN06A019			IN06A019		IN06A019	IN06A019
FBbt:20009123	adult IN06A020 neuron	manc	IN06A020			IN06A020		IN06A020	IN06A020
FBbt:20009124	adult IN06A021 neuron	manc	IN06A021			IN06A021		IN06A021	IN06A021
FBbt:20009125	adult IN06A022 neuron	manc	IN06A022			IN06A022		IN06A022	IN06A022
FBbt:20009126	adult IN06A023 neuron	manc	IN06A023			IN06A023		IN06A023	IN06A023
FBbt:20009127	adult IN06A024 neuron	manc	IN06A024			IN06A024		IN06A024	IN06A024
FBbt:20009128	adult IN06A025 neuron	manc	IN06A025			IN06A025		IN06A025	IN06A025
FBbt:20009129	adult IN06A028 neuron	manc	IN06A028			IN06A028		IN06A028	IN06A028
FBbt:20009130	adult IN06A031 neuron	manc	IN06A031			IN06A031		IN06A031	IN06A031
FBbt:20009131	adult IN06A032 neuron	manc	IN06A032			IN06A032		IN06A032	IN06A032
FBbt:20009132	adult IN06A033 neuron	manc	IN06A033			IN06A033		IN06A033	IN06A033
FBbt:20009133	adult IN06A034 neuron	manc	IN06A034			IN06A034		IN06A034	IN06A034
FBbt:20009134	adult IN06A035 neuron	manc	IN06A035			IN06A035		IN06A035	IN06A035
FBbt:20009135	adult IN06A036 neuron	manc	IN06A036			IN06A036		IN06A036	IN06A036
FBbt:20009136	adult IN06A037 neuron	manc	IN06A037			IN06A037		IN06A037	IN06A037
FBbt:20009137	adult IN06A038 neuron	manc	IN06A038			IN06A038		IN06A038	IN06A038
FBbt:20009138	adult IN06A039 neuron	manc	IN06A039			IN06A039		IN06A039	IN06A039
FBbt:20009139	adult IN06A040 neuron	manc	IN06A040			IN06A040		IN06A040	IN06A040
FBbt:20009140	adult IN06A042 neuron	manc	IN06A042			IN06A042		IN06A042	IN06A042
FBbt:20009141	adult IN06A043 neuron	manc	IN06A043			IN06A043		IN06A043	IN06A043
FBbt:20009142	adult IN06A044 neuron	manc	IN06A044			IN06A044		IN06A044	IN06A044
FBbt:20009143	adult IN06A045 neuron	manc	IN06A045			IN06A045		IN06A045	IN06A045
FBbt:20009144	adult IN06A046 neuron	manc	IN06A046			IN06A046		IN06A046	IN06A046
FBbt:20009145	adult IN06A047 neuron	manc	IN06A047			IN06A047		IN06A047	IN06A047
FBbt:20009146	adult IN06A048 neuron	manc	IN06A048			IN06A048		IN06A048	IN06A048
FBbt:20009147	adult IN06A049 neuron	manc	IN06A049			IN06A049		IN06A049	
FBbt:20009148	adult IN06A050 neuron	manc	IN06A050			IN06A050		IN06A050	IN06A050
FBbt:20009149	adult IN06A051 neuron	manc	IN06A051			IN06A051		IN06A051	IN06A051
FBbt:20009150	adult IN06A052 neuron	manc	IN06A052			IN06A052		IN06A052	IN06A052
FBbt:20009151	adult IN06A053 neuron	manc	IN06A053			IN06A053			IN06A053
FBbt:20009152	adult IN06A054 neuron	manc	IN06A054			IN06A054		IN06A054	IN06A054
FBbt:20009153	adult IN06A055 neuron	manc	IN06A055			IN06A055		IN06A055	IN06A055
FBbt:20009154	adult IN06A056 neuron	manc	IN06A056			IN06A056		IN06A056	IN06A056
FBbt:20009155	adult IN06A057 neuron	manc	IN06A057			IN06A057		IN06A057	IN06A057
FBbt:20009156	adult IN06A058 neuron	manc	IN06A058			IN06A058		IN06A058	IN06A058
FBbt:20009157	adult IN06A059 neuron	manc	IN06A059			IN06A059		IN06A059	IN06A059
FBbt:20009158	adult IN06A061 neuron	manc	IN06A061			IN06A061		IN06A061	IN06A061
FBbt:20009159	adult IN06A063 neuron	manc	IN06A063			IN06A063		IN06A063	IN06A063
FBbt:20009160	adult IN06A064 neuron	manc	IN06A064			IN06A064		IN06A064	IN06A064
FBbt:20009161	adult IN06A065 neuron	manc	IN06A065			IN06A065		IN06A065	IN06A065
FBbt:20009162	adult IN06A066 neuron	manc	IN06A066			IN06A066		IN06A066	IN06A066
FBbt:20009163	adult IN06A067 neuron	manc	IN06A067			IN06A067		IN06A067_b|IN06A067_a|IN06A067_c|IN06A067_e|IN06A067_d	IN06A067
FBbt:20009164	adult IN06A068 neuron	manc	IN06A068			IN06A068			IN06A068
FBbt:20009165	adult IN06A069 neuron	manc	IN06A069			IN06A069		IN06A069	IN06A069
FBbt:20009166	adult IN06A070 neuron	manc	IN06A070			IN06A070		IN06A070	IN06A070
FBbt:20009167	adult IN06A071 neuron	manc	IN06A071			IN06A071		IN06A071	IN06A071
FBbt:20009168	adult IN06A072 neuron	manc	IN06A072			IN06A072		IN06A072	IN06A072
FBbt:20009169	adult IN06A073 neuron	manc	IN06A073			IN06A073		IN06A073	IN06A073
FBbt:20009170	adult IN06A074 neuron	manc	IN06A074			IN06A074		IN06A074	IN06A074
FBbt:20009171	adult IN06A075 neuron	manc	IN06A075			IN06A075		IN06A075	IN06A075
FBbt:20009172	adult IN06A076 neuron	manc	IN06A076			IN06A076		IN06A076_b|IN06A076_a|IN06A076_c	IN06A076
FBbt:20009173	adult IN06A077 neuron	manc	IN06A077			IN06A077		IN06A077	IN06A077
FBbt:20009174	adult IN06A078 neuron	manc	IN06A078			IN06A078		IN06A078	IN06A078
FBbt:20009175	adult IN06A079 neuron	manc	IN06A079			IN06A079		IN06A079	IN06A079
FBbt:20009176	adult IN06A081 neuron	manc	IN06A081			IN06A081		IN06A081	IN06A081
FBbt:20009177	adult IN06A082 neuron	manc	IN06A082			IN06A082		IN06A082	IN06A082
FBbt:20009178	adult IN06A083 neuron	manc	IN06A083			IN06A083		IN06A083	IN06A083
FBbt:20009179	adult IN06A084 neuron	manc	IN06A084			IN06A084		IN06A084	IN06A084
FBbt:20009180	adult IN06A085 neuron	manc	IN06A085			IN06A085		IN06A085	IN06A085
FBbt:20009181	adult IN06A086 neuron	manc	IN06A086			IN06A086		IN06A086	IN06A086
FBbt:20009182	adult IN06A087 neuron	manc	IN06A087			IN06A087		IN06A087	IN06A087
FBbt:20009183	adult IN06A088 neuron	manc	IN06A088			IN06A088		IN06A088	IN06A088
FBbt:20009184	adult IN06A089 neuron	manc	IN06A089			IN06A089		IN06A089	IN06A089
FBbt:20009185	adult IN06A090 neuron	manc	IN06A090			IN06A090		IN06A090	IN06A090
FBbt:20009186	adult IN06A091 neuron	manc	IN06A091			IN06A091		IN06A091	IN06A091
FBbt:20009187	adult IN06A093 neuron	manc	IN06A093			IN06A093		IN06A093	IN06A093
FBbt:20009188	adult IN06A094 neuron	manc	IN06A094			IN06A094		IN06A094	IN06A094
FBbt:20009189	adult IN06A096 neuron	manc	IN06A096			IN06A096		IN06A096	IN06A096
FBbt:20009190	adult IN06A097 neuron	manc	IN06A097			IN06A097		IN06A097	IN06A097
FBbt:20009191	adult IN06A098 neuron	manc	IN06A098			IN06A098		IN06A098	IN06A098
FBbt:20009192	adult IN06A099 neuron	manc	IN06A099			IN06A099		IN06A099	IN06A099
FBbt:20009193	adult IN06A100 neuron	manc	IN06A100			IN06A100		IN06A100	IN06A100
FBbt:20009194	adult IN06A101 neuron	manc	IN06A101			IN06A101		IN06A101	IN06A101
FBbt:20009195	adult IN06A102 neuron	manc	IN06A102			IN06A102		IN06A102	IN06A102
FBbt:20009196	adult IN06A103 neuron	manc	IN06A103			IN06A103		IN06A103	IN06A103
FBbt:20009197	adult IN06A104 neuron	manc	IN06A104			IN06A104		IN06A104	IN06A104
FBbt:20009198	adult IN06A105 neuron	manc	IN06A105			IN06A105		IN06A105	
FBbt:20009199	adult IN06A106 neuron	manc	IN06A106			IN06A106		IN06A106	IN06A106
FBbt:20009200	adult IN06A107 neuron	manc	IN06A107			IN06A107		IN06A107	
FBbt:20009201	adult IN06A108 neuron	manc	IN06A108			IN06A108		IN06A108	IN06A108
FBbt:20009202	adult IN06A109 neuron	manc	IN06A109			IN06A109		IN06A109	IN06A109
FBbt:20009203	adult IN06A110 neuron	manc	IN06A110			IN06A110		IN06A110	IN06A110
FBbt:20009204	adult IN06A111 neuron	manc	IN06A111			IN06A111		IN06A111	IN06A111
FBbt:20009205	adult IN06A113 neuron	manc	IN06A113			IN06A113		IN06A113	IN06A113
FBbt:20009206	adult IN06A114 neuron	manc	IN06A114			IN06A114		IN06A114	IN06A114
FBbt:20009207	adult IN06A115 neuron	manc	IN06A115			IN06A115		IN06A115	IN06A115
FBbt:20009208	adult IN06A116 neuron	manc	IN06A116			IN06A116		IN06A116	IN06A116
FBbt:20009209	adult IN06A117 neuron	manc	IN06A117			IN06A117		IN06A117	IN06A117
FBbt:20009210	adult IN06A118 neuron	manc	IN06A118			IN06A118			IN06A118
FBbt:20009211	adult IN06A119 neuron	manc	IN06A119			IN06A119		IN06A119	IN06A119
FBbt:20009212	adult IN06A120 neuron	manc	IN06A120			IN06A120		IN06A120_b|IN06A120_a|IN06A120_c	IN06A120
FBbt:20009213	adult IN06A121 neuron	manc	IN06A121			IN06A121		IN06A121	IN06A121
FBbt:20009214	adult IN06A122 neuron	manc	IN06A122			IN06A122		IN06A122	IN06A122
FBbt:20009215	adult IN06A123 neuron	manc	IN06A123			IN06A123		IN06A123	IN06A123
FBbt:20009216	adult IN06A124 neuron	manc	IN06A124			IN06A124		IN06A124	IN06A124
FBbt:20009217	adult IN06A125 neuron	manc	IN06A125			IN06A125		IN06A125	IN06A125
FBbt:20009218	adult IN06A126 neuron	manc	IN06A126			IN06A126			IN06A126
FBbt:20009219	adult IN06A127 neuron	manc	IN06A127			IN06A127		IN06A127	IN06A127
FBbt:20009220	adult IN06A128 neuron	manc	IN06A128			IN06A128		IN06A128	IN06A128
FBbt:20009221	adult IN06A129 neuron	manc	IN06A129			IN06A129		IN06A129	IN06A129
FBbt:20009222	adult IN06A130 neuron	manc	IN06A130			IN06A130			IN06A130
FBbt:20009223	adult IN06A131 neuron	manc	IN06A131			IN06A131			
FBbt:20009224	adult IN06A132 neuron	manc	IN06A132			IN06A132		IN06A132	IN06A132
FBbt:20009225	adult IN06A133 neuron	manc	IN06A133			IN06A133		IN06A133	IN06A133
FBbt:20009226	adult IN06A134 neuron	manc	IN06A134			IN06A134		IN06A134	IN06A134
FBbt:20009227	adult IN06A135 neuron	manc	IN06A135			IN06A135		IN06A135	IN06A135
FBbt:20009228	adult IN06A136 neuron	manc	IN06A136			IN06A136		IN06A136	IN06A136
FBbt:20009229	adult IN06A137 neuron	manc	IN06A137			IN06A137		IN06A137	IN06A137
FBbt:20009230	adult IN06A138 neuron	manc	IN06A138			IN06A138		IN06A138	IN06A138
FBbt:20009231	adult IN06A139 neuron	manc	IN06A139			IN06A139		IN06A139	IN06A139
FBbt:20009232	adult IN06B001 neuron	manc	IN06B001			IN06B001		IN06B001	IN06B001
FBbt:20009233	adult IN06B003 neuron	manc	IN06B003			IN06B003		IN06B003	IN06B003
FBbt:20009234	adult IN06B006 neuron	manc	IN06B006			IN06B006		IN06B006	IN06B006
FBbt:20009235	adult IN06B008 neuron	manc	IN06B008			IN06B008		IN06B008	IN06B008
FBbt:20009236	adult IN06B012 neuron	manc	IN06B012			IN06B012		IN06B012	IN06B012
FBbt:20009237	adult IN06B013 neuron	manc	IN06B013			IN06B013		IN06B013	IN06B013
FBbt:20009238	adult IN06B014 neuron	manc	IN06B014			IN06B014		IN06B014	IN06B014
FBbt:20009239	adult IN06B015 neuron	manc	IN06B015			IN06B015		IN06B015	IN06B015
FBbt:20009240	adult IN06B016 neuron	manc	IN06B016			IN06B016		IN06B016	IN06B016
FBbt:20009241	adult IN06B017 neuron	manc	IN06B017			IN06B017		IN06B017	IN06B017
FBbt:20009242	adult IN06B018 neuron	manc	IN06B018			IN06B018		IN06B018	IN06B018
FBbt:20009243	adult IN06B019 neuron	manc	IN06B019			IN06B019		IN06B019	IN06B019
FBbt:20009244	adult IN06B020 neuron	manc	IN06B020			IN06B020		IN06B020	IN06B020
FBbt:20009245	adult IN06B021 neuron	manc	IN06B021			IN06B021		IN06B021	IN06B021
FBbt:20009246	adult IN06B022 neuron	manc	IN06B022			IN06B022		IN06B022	IN06B022
FBbt:20009247	adult IN06B024 neuron	manc	IN06B024			IN06B024		IN06B024	IN06B024
FBbt:20009248	adult IN06B025 neuron	manc	IN06B025			IN06B025		IN06B025	IN06B025
FBbt:20009249	adult IN06B027 neuron	manc	IN06B027			IN06B027		IN06B027	IN06B027
FBbt:20009250	adult IN06B028 neuron	manc	IN06B028			IN06B028		IN06B028	IN06B028
FBbt:20009251	adult IN06B029 neuron	manc	IN06B029			IN06B029		IN06B029	IN06B029
FBbt:20009252	adult IN06B030 neuron	manc	IN06B030			IN06B030		IN06B030	IN06B030
FBbt:20009253	adult IN06B032 neuron	manc	IN06B032			IN06B032		IN06B032	IN06B032
FBbt:20009254	adult IN06B033 neuron	manc	IN06B033			IN06B033		IN06B033	IN06B033
FBbt:20009255	adult IN06B035 neuron	manc	IN06B035			IN06B035		IN06B035	IN06B035
FBbt:20009256	adult IN06B036 neuron	manc	IN06B036			IN06B036		IN06B036	IN06B036
FBbt:20009257	adult IN06B038 neuron	manc	IN06B038			IN06B038		IN06B038	IN06B038
FBbt:20009258	adult IN06B040 neuron	manc	IN06B040			IN06B040		IN06B040	IN06B040
FBbt:20009259	adult IN06B042 neuron	manc	IN06B042			IN06B042		IN06B042	IN06B042
FBbt:20009260	adult IN06B043 neuron	manc	IN06B043			IN06B043		IN06B043	IN06B043
FBbt:20009261	adult IN06B047 neuron	manc	IN06B047			IN06B047		IN06B047	IN06B047
FBbt:20009262	adult IN06B049 neuron	manc	IN06B049			IN06B049		IN06B049	IN06B049
FBbt:20009263	adult IN06B050 neuron	manc	IN06B050			IN06B050		IN06B050	IN06B050
FBbt:20009264	adult IN06B052 neuron	manc	IN06B052			IN06B052		IN06B052	IN06B052
FBbt:20009265	adult IN06B053 neuron	manc	IN06B053			IN06B053		IN06B053	IN06B053
FBbt:20009266	adult IN06B054 neuron	manc	IN06B054			IN06B054		IN06B054	IN06B054
FBbt:20009267	adult IN06B055 neuron	manc	IN06B055			IN06B055		IN06B055	IN06B055
FBbt:20009268	adult IN06B056 neuron	manc	IN06B056			IN06B056		IN06B056	IN06B056
FBbt:20009269	adult IN06B058 neuron	manc	IN06B058			IN06B058		IN06B058	IN06B058
FBbt:20009270	adult IN06B059 neuron	manc	IN06B059			IN06B059		IN06B059	IN06B059
FBbt:20009271	adult IN06B060 neuron	manc	IN06B060			IN06B060		IN13B103	IN06B060
FBbt:20009272	adult IN06B061 neuron	manc	IN06B061			IN06B061		IN06B061	IN06B061
FBbt:20009273	adult IN06B062 neuron	manc	IN06B062			IN06B062		IN06B062	IN06B062
FBbt:20009274	adult IN06B063 neuron	manc	IN06B063			IN06B063		IN06B063	IN06B063
FBbt:20009275	adult IN06B064 neuron	manc	IN06B064			IN06B064		IN06B064	IN06B064
FBbt:20009276	adult IN06B065 neuron	manc	IN06B065			IN06B065		IN06B065	IN06B065
FBbt:20009277	adult IN06B066 neuron	manc	IN06B066			IN06B066		IN06B066	IN06B066
FBbt:20009278	adult IN06B067 neuron	manc	IN06B067			IN06B067		IN06B067	IN06B067
FBbt:20009279	adult IN06B069 neuron	manc	IN06B069			IN06B069		IN06B069	IN06B069
FBbt:20009280	adult IN06B070 neuron	manc	IN06B070			IN06B070		IN06B070	IN06B070
FBbt:20009281	adult IN06B071 neuron	manc	IN06B071			IN06B071		IN06B071	IN06B071
FBbt:20009282	adult IN06B072 neuron	manc	IN06B072			IN06B072		IN06B072	IN06B072
FBbt:20009283	adult IN06B073 neuron	manc	IN06B073			IN06B073		IN06B073	IN06B073
FBbt:20009284	adult IN06B074 neuron	manc	IN06B074			IN06B074		IN06B074	IN06B074
FBbt:20009285	adult IN06B076 neuron	manc	IN06B076			IN06B076		IN06B076	IN06B076
FBbt:20009286	adult IN06B077 neuron	manc	IN06B077			IN06B077		IN06B077	IN06B077
FBbt:20009287	adult IN06B078 neuron	manc	IN06B078			IN06B078		IN06B078	IN06B078
FBbt:20009288	adult IN06B079 neuron	manc	IN06B079			IN06B079		IN06B079	IN06B079
FBbt:20009289	adult IN06B080 neuron	manc	IN06B080			IN06B080		IN06B080	IN06B080
FBbt:20009290	adult IN06B081 neuron	manc	IN06B081			IN06B081		IN06B081	IN06B081
FBbt:20009291	adult IN06B082 neuron	manc	IN06B082			IN06B082		IN06B082	IN06B082
FBbt:20009292	adult IN06B083 neuron	manc	IN06B083			IN06B083		IN06B083	IN06B083
FBbt:20009293	adult IN06B084 neuron	manc	IN06B084			IN06B084			IN06B084
FBbt:20009294	adult IN06B085 neuron	manc	IN06B085			IN06B085		IN06B085	IN06B085
FBbt:20009295	adult IN06B086 neuron	manc	IN06B086			IN06B086		IN06B086	IN06B086
FBbt:20009296	adult IN06B087 neuron	manc	IN06B087			IN06B087		IN06B087	IN06B087
FBbt:20009297	adult IN07B001 neuron	manc	IN07B001			IN07B001		IN07B001	IN07B001
FBbt:20009298	adult IN07B002 neuron	manc	IN07B002			IN07B002		IN07B002	IN07B002
FBbt:20009299	adult IN07B006 neuron	manc	IN07B006			IN07B006		IN07B006	IN07B006
FBbt:20009300	adult IN07B007 neuron	manc	IN07B007			IN07B007		IN07B007	IN07B007
FBbt:20009301	adult IN07B008 neuron	manc	IN07B008			IN07B008		IN07B008	IN07B008
FBbt:20009302	adult IN07B009 neuron	manc	IN07B009			IN07B009		IN07B009	IN07B009
FBbt:20009303	adult IN07B010 neuron	manc	IN07B010			IN07B010		IN07B010	IN07B010
FBbt:20009304	adult IN07B012 neuron	manc	IN07B012			IN07B012		IN07B012	IN07B012
FBbt:20009305	adult IN07B013 neuron	manc	IN07B013			IN07B013		IN07B013	IN07B013
FBbt:20009306	adult IN07B014 neuron	manc	IN07B014			IN07B014		IN07B014	IN07B014
FBbt:20009307	adult IN07B016 neuron	manc	IN07B016			IN07B016		IN07B016	IN07B016
FBbt:20009308	adult IN07B019 neuron	manc	IN07B019			IN07B019		IN07B019	IN07B019
FBbt:20009309	adult IN07B020 neuron	manc	IN07B020			IN07B020		IN07B020	IN07B020
FBbt:20009310	adult IN07B022 neuron	manc	IN07B022			IN07B022		IN07B022	IN07B022
FBbt:20009311	adult IN07B023 neuron	manc	IN07B023			IN07B023		IN07B023	IN07B023
FBbt:20009312	adult IN07B026 neuron	manc	IN07B026			IN07B026		IN07B026	IN07B026
FBbt:20009313	adult IN07B027 neuron	manc	IN07B027			IN07B027		IN07B027	IN07B027
FBbt:20009314	adult IN07B028 neuron	manc	IN07B028			IN07B028		IN07B028	IN07B028
FBbt:20009315	adult IN07B029 neuron	manc	IN07B029			IN07B029		IN07B029	IN07B029
FBbt:20009316	adult IN07B030 neuron	manc	IN07B030			IN07B030		IN07B030	IN07B030
FBbt:20009317	adult IN07B031 neuron	manc	IN07B031			IN07B031		IN07B031	IN07B031
FBbt:20009318	adult IN07B032 neuron	manc	IN07B032			IN07B032		IN07B032	IN07B032
FBbt:20009319	adult IN07B033 neuron	manc	IN07B033			IN07B033		IN07B033	IN07B033
FBbt:20009320	adult IN07B034 neuron	manc	IN07B034			IN07B034		IN07B034	IN07B034
FBbt:20009321	adult IN07B038 neuron	manc	IN07B038			IN07B038		IN07B038	IN07B038
FBbt:20009322	adult IN07B039 neuron	manc	IN07B039			IN07B039		IN07B039	IN07B039
FBbt:20009323	adult IN07B044 neuron	manc	IN07B044			IN07B044		IN07B044	IN07B044
FBbt:20009324	adult IN07B045 neuron	manc	IN07B045			IN07B045		IN07B045	IN07B045
FBbt:20009325	adult IN07B047 neuron	manc	IN07B047			IN07B047		IN07B047	IN07B047
FBbt:20009326	adult IN07B048 neuron	manc	IN07B048			IN07B048		IN07B048	IN07B048
FBbt:20009327	adult IN07B051 neuron	manc	IN07B051			IN07B051		IN07B051	IN07B051
FBbt:20009328	adult IN07B053 neuron	manc	IN07B053			IN07B053		IN07B053	IN07B053
FBbt:20009329	adult IN07B054 neuron	manc	IN07B054			IN07B054		IN07B054	IN07B054
FBbt:20009330	adult IN07B055 neuron	manc	IN07B055			IN07B055		IN07B055	IN07B055
FBbt:20009331	adult IN07B058 neuron	manc	IN07B058			IN07B058		IN07B058	IN07B058
FBbt:20009332	adult IN07B059 neuron	manc	IN07B059			IN07B059		IN07B059	IN07B059
FBbt:20009333	adult IN07B061 neuron	manc	IN07B061			IN07B061		IN07B061	IN07B061
FBbt:20009334	adult IN07B063 neuron	manc	IN07B063			IN07B063		IN07B063	IN07B063
FBbt:20009335	adult IN07B064 neuron	manc	IN07B064			IN07B064		IN07B064	IN07B064
FBbt:20009336	adult IN07B065 neuron	manc	IN07B065			IN07B065		IN07B065	IN07B065
FBbt:20009337	adult IN07B066 neuron	manc	IN07B066			IN07B066		IN07B066	IN07B066
FBbt:20009338	adult IN07B067 neuron	manc	IN07B067			IN07B067		IN07B067	IN07B067
FBbt:20009339	adult IN07B068 neuron	manc	IN07B068			IN07B068		IN07B068	IN07B068
FBbt:20009340	adult IN07B073 neuron	manc	IN07B073			IN07B073		IN07B073_a|IN07B073_e|IN07B073_b|IN07B073_c|IN07B073_d|IN07B073_f	IN07B073
FBbt:20009341	adult IN07B074 neuron	manc	IN07B074			IN07B074		IN07B074	IN07B074
FBbt:20009342	adult IN07B075 neuron	manc	IN07B075			IN07B075		IN07B075	IN07B075
FBbt:20009343	adult IN07B076 neuron	manc	IN07B076			IN07B076		IN07B076_a|IN07B076_c|IN07B076_d|IN07B076_b	IN07B076
FBbt:20009344	adult IN07B077 neuron	manc	IN07B077			IN07B077		IN07B077	IN07B077
FBbt:20009345	adult IN07B079 neuron	manc	IN07B079			IN07B079		IN07B079	IN07B079
FBbt:20009346	adult IN07B080 neuron	manc	IN07B080			IN07B080		IN07B080	IN07B080
FBbt:20009347	adult IN07B081 neuron	manc	IN07B081			IN07B081		IN07B081	IN07B081
FBbt:20009348	adult IN07B083 neuron	manc	IN07B083			IN07B083		IN07B083_d|IN07B083_c|IN07B083_b|IN07B083_a	IN07B083
FBbt:20009349	adult IN07B084 neuron	manc	IN07B084			IN07B084		IN07B084	IN07B084
FBbt:20009350	adult IN07B086 neuron	manc	IN07B086			IN07B086		IN07B086	IN07B086
FBbt:20009351	adult IN07B087 neuron	manc	IN07B087			IN07B087		IN07B087	IN07B087
FBbt:20009352	adult IN07B090 neuron	manc	IN07B090			IN07B090		IN07B090	IN07B090
FBbt:20009353	adult IN07B092 neuron	manc	IN07B092			IN07B092		IN07B092_a|IN07B092_c|IN07B092_b|IN07B092_d|IN07B092_e	IN07B092
FBbt:20009354	adult IN07B093 neuron	manc	IN07B093			IN07B093		IN07B093	IN07B093
FBbt:20009355	adult IN07B094 neuron	manc	IN07B094			IN07B094		IN07B094_a|IN07B094_b|IN07B094_c	IN07B094
FBbt:20009356	adult IN07B096 neuron	manc	IN07B096			IN07B096		IN07B096_b|IN07B096_a|IN07B096_c|IN07B096_d	IN07B096
FBbt:20009357	adult IN07B098 neuron	manc	IN07B098			IN07B098		IN07B098	IN07B098
FBbt:20009358	adult IN07B099 neuron	manc	IN07B099			IN07B099		IN07B099	IN07B099
FBbt:20009359	adult IN07B100 neuron	manc	IN07B100			IN07B100		IN07B100	IN07B100
FBbt:20009360	adult IN07B102 neuron	manc	IN07B102			IN07B102		IN07B102	IN07B102
FBbt:20009361	adult IN07B103 neuron	manc	IN07B103			IN07B103		IN07B103	IN07B103
FBbt:20009362	adult IN07B104 neuron	manc	IN07B104			IN07B104		IN07B104	IN07B104
FBbt:20009363	adult IN08A002 neuron	manc	IN08A002			IN08A002		IN08A002	IN08A002
FBbt:20009364	adult IN08A003 neuron	manc	IN08A003			IN08A003		IN08A003	
FBbt:20009365	adult IN08A005 neuron	manc	IN08A005			IN08A005		IN08A005	IN08A005
FBbt:20009366	adult IN08A007 neuron	manc	IN08A007			IN08A007		IN08A007	IN08A007
FBbt:20009367	adult IN08A008 neuron	manc	IN08A008			IN08A008		IN08A008	IN08A008
FBbt:20009368	adult IN08A010 neuron	manc	IN08A010			IN08A010		IN08A010	IN08A010
FBbt:20009369	adult IN08A011 neuron	manc	IN08A011			IN08A011		IN08A011	IN08A011
FBbt:20009370	adult IN08A012 neuron	manc	IN08A012			IN08A012		IN08A012	IN08A012
FBbt:20009371	adult IN08A016 neuron	manc	IN08A016			IN08A016		IN08A016	IN08A016
FBbt:20009372	adult IN08A017 neuron	manc	IN08A017			IN08A017		IN08A017	IN08A017
FBbt:20009373	adult IN08A019 neuron	manc	IN08A019			IN08A019		IN08A019	IN08A019
FBbt:20009374	adult IN08A021 neuron	manc	IN08A021			IN08A021		IN08A021	IN08A021
FBbt:20009375	adult IN08A022 neuron	manc	IN08A022			IN08A022		IN08A022	IN08A022
FBbt:20009376	adult IN08A023 neuron	manc	IN08A023			IN08A023		IN08A023	IN08A023
FBbt:20009377	adult IN08A024 neuron	manc	IN08A024			IN08A024		IN08A024	IN08A024
FBbt:20009378	adult IN08A025 neuron	manc	IN08A025			IN08A025		IN08A025	IN08A025
FBbt:20009379	adult IN08A026 neuron	manc	IN08A026			IN08A026		IN08A026	IN08A026
FBbt:20009380	adult IN08A027 neuron	manc	IN08A027			IN08A027		IN08A027	IN08A027
FBbt:20009381	adult IN08A028 neuron	manc	IN08A028			IN08A028		IN08A028	IN08A028
FBbt:20009382	adult IN08A029 neuron	manc	IN08A029			IN08A029		IN08A029	IN08A029
FBbt:20009383	adult IN08A030 neuron	manc	IN08A030			IN08A030		IN08A030	IN08A030
FBbt:20009384	adult IN08A031 neuron	manc	IN08A031			IN08A031		IN08A031	IN08A031
FBbt:20009385	adult IN08A032 neuron	manc	IN08A032			IN08A032		IN08A032	IN08A032
FBbt:20009386	adult IN08A033 neuron	manc	IN08A033			IN08A033			IN08A033
FBbt:20009387	adult IN08A034 neuron	manc	IN08A034			IN08A034		IN08A034	IN08A034
FBbt:20009388	adult IN08A035 neuron	manc	IN08A035			IN08A035		IN08A035	IN08A035
FBbt:20009389	adult IN08A036 neuron	manc	IN08A036			IN08A036		IN08A036	IN08A036
FBbt:20009390	adult IN08A037 neuron	manc	IN08A037			IN08A037		IN08A037	IN08A037
FBbt:20009391	adult IN08A038 neuron	manc	IN08A038			IN08A038		IN08A038	IN08A038
FBbt:20009392	adult IN08A039 neuron	manc	IN08A039			IN08A039		IN08A039	IN08A039
FBbt:20009393	adult IN08A040 neuron	manc	IN08A040			IN08A040		IN08A040	IN08A040
FBbt:20009394	adult IN08A041 neuron	manc	IN08A041			IN08A041		IN08A041	IN08A041
FBbt:20009395	adult IN08A042 neuron	manc	IN08A042			IN08A042		IN08A042	IN08A042
FBbt:20009396	adult IN08A043 neuron	manc	IN08A043			IN08A043		IN08A043	IN08A043
FBbt:20009397	adult IN08A044 neuron	manc	IN08A044			IN08A044		IN08A044	IN08A044
FBbt:20009398	adult IN08A045 neuron	manc	IN08A045			IN08A045		IN08A045	IN08A045
FBbt:20009399	adult IN08A046 neuron	manc	IN08A046			IN08A046		IN08A046	IN08A046
FBbt:20009400	adult IN08A047 neuron	manc	IN08A047			IN08A047		IN08A047	IN08A047
FBbt:20009401	adult IN08A048 neuron	manc	IN08A048			IN08A048		IN08A048	IN08A048
FBbt:20009402	adult IN08A049 neuron	manc	IN08A049			IN08A049		IN08A049	IN08A049
FBbt:20009403	adult IN08A050 neuron	manc	IN08A050			IN08A050		IN08A050	IN08A050
FBbt:20009404	adult IN08B001 neuron	manc	IN08B001			IN08B001		IN08B001	IN08B001
FBbt:20009405	adult IN08B003 neuron	manc	IN08B003			IN08B003		IN08B003	IN08B003
FBbt:20009406	adult IN08B004 neuron	manc	IN08B004			IN08B004		IN08B004	IN08B004
FBbt:20009407	adult IN08B006 neuron	manc	IN08B006			IN08B006		IN08B006	IN08B006
FBbt:20009408	adult IN08B017 neuron	manc	IN08B017			IN08B017		IN08B017	IN08B017
FBbt:20009409	adult IN08B019 neuron	manc	IN08B019			IN08B019		IN08B019	IN08B019
FBbt:20009410	adult IN08B021 neuron	manc	IN08B021			IN08B021		IN08B021	IN08B021
FBbt:20009411	adult IN08B029 neuron	manc	IN08B029			IN08B029		IN08B029	
FBbt:20009412	adult IN08B030 neuron	manc	IN08B030			IN08B030		IN08B030	IN08B030
FBbt:20009413	adult IN08B033 neuron	manc	IN08B033			IN08B033		IN08B033	
FBbt:20009414	adult IN08B035 neuron	manc	IN08B035			IN08B035		IN08B035	IN08B035
FBbt:20009415	adult IN08B037 neuron	manc	IN08B037			IN08B037		IN08B037	IN08B037
FBbt:20009416	adult IN08B038 neuron	manc	IN08B038			IN08B038		IN08B038	
FBbt:20009417	adult IN08B039 neuron	manc	IN08B039			IN08B039		IN08B039	IN08B039
FBbt:20009418	adult IN08B040 neuron	manc	IN08B040			IN08B040		IN08B040	
FBbt:20009419	adult IN08B042 neuron	manc	IN08B042			IN08B042		IN08B042	
FBbt:20009420	adult IN08B044 neuron	manc	IN08B044			IN08B044			
FBbt:20009421	adult IN08B045 neuron	manc	IN08B045			IN08B045		IN08B045	IN08B045
FBbt:20009422	adult IN08B046 neuron	manc	IN08B046			IN08B046		IN08B046	
FBbt:20009423	adult IN08B051 neuron	manc	IN08B051			IN08B051		IN08B051_a|IN08B051_b|IN08B051_d|IN08B051_c|IN08B051_e	IN08B051
FBbt:20009424	adult IN08B052 neuron	manc	IN08B052			IN08B052		IN08B052	IN08B052
FBbt:20009425	adult IN08B054 neuron	manc	IN08B054			IN08B054		IN08B054	IN08B054
FBbt:20009426	adult IN08B055 neuron	manc	IN08B055			IN08B055		IN08B055	IN08B055
FBbt:20009427	adult IN08B056 neuron	manc	IN08B056			IN08B056		IN08B056	IN08B056
FBbt:20009428	adult IN08B058 neuron	manc	IN08B058			IN08B058		IN08B058	IN08B058
FBbt:20009429	adult IN08B060 neuron	manc	IN08B060			IN08B060		IN08B060	IN08B060
FBbt:20009430	adult IN08B062 neuron	manc	IN08B062			IN08B062		IN08B062	
FBbt:20009431	adult IN08B063 neuron	manc	IN08B063			IN08B063		IN08B063	
FBbt:20009432	adult IN08B064 neuron	manc	IN08B064			IN08B064		IN08B064	IN08B064
FBbt:20009433	adult IN08B065 neuron	manc	IN08B065			IN08B065		IN08B065	IN08B065
FBbt:20009434	adult IN08B067 neuron	manc	IN08B067			IN08B067		IN08B067	IN08B067
FBbt:20009435	adult IN08B068 neuron	manc	IN08B068			IN08B068		IN08B068	IN08B068
FBbt:20009436	adult IN08B072 neuron	manc	IN08B072			IN08B072		IN08B072	IN08B072
FBbt:20009437	adult IN08B073 neuron	manc	IN08B073			IN08B073		IN08B073	IN08B073
FBbt:20009438	adult IN08B075 neuron	manc	IN08B075			IN08B075		IN08B075	IN08B075
FBbt:20009439	adult IN08B076 neuron	manc	IN08B076			IN08B076		IN08B076	IN08B076
FBbt:20009440	adult IN08B077 neuron	manc	IN08B077			IN08B077		IN08B077	
FBbt:20009441	adult IN08B078 neuron	manc	IN08B078			IN08B078		IN08B078	IN08B078
FBbt:20009442	adult IN08B080 neuron	manc	IN08B080			IN08B080		IN08B080	IN08B080
FBbt:20009443	adult IN08B082 neuron	manc	IN08B082			IN08B082		IN08B082	IN08B082
FBbt:20009444	adult IN08B083 neuron	manc	IN08B083			IN08B083		IN08B083_d|IN08B083_a|IN08B083_c|IN08B083_b	IN08B083
FBbt:20009445	adult IN08B085 neuron	manc	IN08B085			IN08B085		IN08B085_a	IN08B085
FBbt:20009446	adult IN08B087 neuron	manc	IN08B087			IN08B087		IN08B087	IN08B087
FBbt:20009447	adult IN08B088 neuron	manc	IN08B088			IN08B088		IN08B088	IN08B088
FBbt:20009448	adult IN08B090 neuron	manc	IN08B090			IN08B090		IN08B090	IN08B090
FBbt:20009449	adult IN08B091 neuron	manc	IN08B091			IN08B091		IN08B091	IN08B091
FBbt:20009450	adult IN08B092 neuron	manc	IN08B092			IN08B092		IN08B092	IN08B092
FBbt:20009451	adult IN08B093 neuron	manc	IN08B093			IN08B093		IN08B093	IN08B093
FBbt:20009452	adult IN08B104 neuron	manc	IN08B104			IN08B104		IN08B104	IN08B104
FBbt:20009453	adult IN08B105 neuron	manc	IN08B105			IN08B105		IN08B105	IN08B105
FBbt:20009454	adult IN08B108 neuron	manc	IN08B108			IN08B108		IN08B108	IN08B108
FBbt:20009455	adult IN09A001 neuron	manc	IN09A001			IN09A001		IN09A001	IN09A001
FBbt:20009456	adult IN09A002 neuron	manc	IN09A002			IN09A002		IN09A002	IN09A002
FBbt:20009457	adult IN09A003 neuron	manc	IN09A003			IN09A003		IN09A003	IN09A003
FBbt:20009458	adult IN09A004 neuron	manc	IN09A004			IN09A004		IN09A004	IN09A004
FBbt:20009459	adult IN09A006 neuron	manc	IN09A006			IN09A006		IN09A006	IN09A006
FBbt:20009460	adult IN09A007 neuron	manc	IN09A007			IN09A007		IN09A007	IN09A007
FBbt:20009461	adult IN09A009 neuron	manc	IN09A009			IN09A009		IN09A009	IN09A009
FBbt:20009462	adult IN09A010 neuron	manc	IN09A010			IN09A010		IN09A010	IN09A010
FBbt:20009463	adult IN09A011 neuron	manc	IN09A011			IN09A011		IN09A011	IN09A011
FBbt:20009464	adult IN09A012 neuron	manc	IN09A012			IN09A012		IN09A012	IN09A012
FBbt:20009465	adult IN09A013 neuron	manc	IN09A013			IN09A013		IN09A013	IN09A013
FBbt:20009466	adult IN09A014 neuron	manc	IN09A014			IN09A014		IN09A014	IN09A014
FBbt:20009467	adult IN09A015 neuron	manc	IN09A015			IN09A015		IN09A015	IN09A015
FBbt:20009468	adult IN09A016 neuron	manc	IN09A016			IN09A016		IN09A016	IN09A016
FBbt:20009469	adult IN09A017 neuron	manc	IN09A017			IN09A017		IN09A017	IN09A017
FBbt:20009470	adult IN09A018 neuron	manc	IN09A018			IN09A018		IN09A018	IN09A018
FBbt:20009471	adult IN09A019 neuron	manc	IN09A019			IN09A019		IN09A019	IN09A019
FBbt:20009472	adult IN09A020 neuron	manc	IN09A020			IN09A020		IN09A020	IN09A020
FBbt:20009473	adult IN09A021 neuron	manc	IN09A021			IN09A021		IN09A021	IN09A021
FBbt:20009474	adult IN09A022 neuron	manc	IN09A022			IN09A022		IN09A022	IN09A022
FBbt:20009475	adult IN09A023 neuron	manc	IN09A023			IN09A023		IN09A023	IN09A023
FBbt:20009476	adult IN09A024 neuron	manc	IN09A024			IN09A024		IN09A024	IN09A024
FBbt:20009477	adult IN09A025 neuron	manc	IN09A025			IN09A025			IN09A025
FBbt:20009478	adult IN09A026 neuron	manc	IN09A026			IN09A026		IN09A026	IN09A026
FBbt:20009479	adult IN09A027 neuron	manc	IN09A027			IN09A027		IN09A027	IN09A027
FBbt:20009480	adult IN09A028 neuron	manc	IN09A028			IN09A028		IN09A028	IN09A028
FBbt:20009481	adult IN09A029 neuron	manc	IN09A029			IN09A029		IN09A029	IN09A029
FBbt:20009482	adult IN09A030 neuron	manc	IN09A030			IN09A030		IN09A030	IN09A030
FBbt:20009483	adult IN09A031 neuron	manc	IN09A031			IN09A031		IN09A031	IN09A031
FBbt:20009484	adult IN09A032 neuron	manc	IN09A032			IN09A032		IN09A032	IN09A032
FBbt:20009485	adult IN09A033 neuron	manc	IN09A033			IN09A033		IN09A033	IN09A033
FBbt:20009486	adult IN09A034 neuron	manc	IN09A034			IN09A034		IN09A034	IN09A034
FBbt:20009487	adult IN09A035 neuron	manc	IN09A035			IN09A035		IN09A035	IN09A035
FBbt:20009488	adult IN09A037 neuron	manc	IN09A037			IN09A037		IN09A037	IN09A037
FBbt:20009489	adult IN09A038 neuron	manc	IN09A038			IN09A038		IN09A038	IN09A038
FBbt:20009490	adult IN09A039 neuron	manc	IN09A039			IN09A039		IN09A039	IN09A039
FBbt:20009491	adult IN09A040 neuron	manc	IN09A040			IN09A040			IN09A040
FBbt:20009492	adult IN09A041 neuron	manc	IN09A041			IN09A041		IN09A041	IN09A041
FBbt:20009493	adult IN09A042 neuron	manc	IN09A042			IN09A042		IN09A042	IN09A042
FBbt:20009494	adult IN09A043 neuron	manc	IN09A043			IN09A043		IN09A043	IN09A043
FBbt:20009495	adult IN09A044 neuron	manc	IN09A044			IN09A044		IN09A044	IN09A044
FBbt:20009496	adult IN09A045 neuron	manc	IN09A045			IN09A045		IN09A045	IN09A045
FBbt:20009497	adult IN09A046 neuron	manc	IN09A046			IN09A046		IN09A046	IN09A046
FBbt:20009498	adult IN09A047 neuron	manc	IN09A047			IN09A047		IN09A047	IN09A047
FBbt:20009499	adult IN09A048 neuron	manc	IN09A048			IN09A048		IN09A048	IN09A048
FBbt:20009500	adult IN09A049 neuron	manc	IN09A049			IN09A049		IN09A049	IN09A049
FBbt:20009501	adult IN09A050 neuron	manc	IN09A050			IN09A050		IN09A050	IN09A050
FBbt:20009502	adult IN09A051 neuron	manc	IN09A051			IN09A051		IN09A051	IN09A051
FBbt:20009503	adult IN09A052 neuron	manc	IN09A052			IN09A052		IN09A052	IN09A052
FBbt:20009504	adult IN09A053 neuron	manc	IN09A053			IN09A053		IN09A053	IN09A053
FBbt:20009505	adult IN09A054 neuron	manc	IN09A054			IN09A054		IN09A054	IN09A054
FBbt:20009506	adult IN09A055 neuron	manc	IN09A055			IN09A055		IN09A055	IN09A055
FBbt:20009507	adult IN09A056 neuron	manc	IN09A056			IN09A056		IN09A056	IN09A056
FBbt:20009508	adult IN09A057 neuron	manc	IN09A057			IN09A057		IN09A057	IN09A057
FBbt:20009509	adult IN09A058 neuron	manc	IN09A058			IN09A058		IN09A058	IN09A058
FBbt:20009510	adult IN09A059 neuron	manc	IN09A059			IN09A059		IN09A059	IN09A059
FBbt:20009511	adult IN09A060 neuron	manc	IN09A060			IN09A060		IN09A060	IN09A060
FBbt:20009512	adult IN09A061 neuron	manc	IN09A061			IN09A061		IN09A061	IN09A061
FBbt:20009513	adult IN09A062 neuron	manc	IN09A062			IN09A062		IN09A062	IN09A062
FBbt:20009514	adult IN09A063 neuron	manc	IN09A063			IN09A063		IN09A063	IN09A063
FBbt:20009515	adult IN09A064 neuron	manc	IN09A064			IN09A064		IN09A064	IN09A064
FBbt:20009516	adult IN09A065 neuron	manc	IN09A065			IN09A065		IN09A065	IN09A065
FBbt:20009517	adult IN09A066 neuron	manc	IN09A066			IN09A066		IN09A066	IN09A066
FBbt:20009518	adult IN09A067 neuron	manc	IN09A067			IN09A067		IN09A067	IN09A067
FBbt:20009519	adult IN09A068 neuron	manc	IN09A068			IN09A068		IN09A068	IN09A068
FBbt:20009520	adult IN09A069 neuron	manc	IN09A069			IN09A069		IN09A069	IN09A069
FBbt:20009521	adult IN09A070 neuron	manc	IN09A070			IN09A070		IN09A070	IN09A070
FBbt:20009522	adult IN09A071 neuron	manc	IN09A071			IN09A071		IN09A071	IN09A071
FBbt:20009523	adult IN09A072 neuron	manc	IN09A072			IN09A072			IN09A072
FBbt:20009524	adult IN09A073 neuron	manc	IN09A073			IN09A073		IN09A073	IN09A073
FBbt:20009525	adult IN09A074 neuron	manc	IN09A074			IN09A074		IN09A074	IN09A074
FBbt:20009526	adult IN09A075 neuron	manc	IN09A075			IN09A075		IN09A075	IN09A075
FBbt:20009527	adult IN09A076 neuron	manc	IN09A076			IN09A076		IN09A076	IN09A076
FBbt:20009528	adult IN09A077 neuron	manc	IN09A077			IN09A077		IN09A077	IN09A077
FBbt:20009529	adult IN09A078 neuron	manc	IN09A078			IN09A078		IN09A078	IN09A078
FBbt:20009530	adult IN09A079 neuron	manc	IN09A079			IN09A079		IN09A079	IN09A079
FBbt:20009531	adult IN09A080 neuron	manc	IN09A080			IN09A080			IN09A080
FBbt:20009532	adult IN09A081 neuron	manc	IN09A081			IN09A081		IN09A081	IN09A081
FBbt:20009533	adult IN09A082 neuron	manc	IN09A082			IN09A082		IN09A082	IN09A082
FBbt:20009534	adult IN09A083 neuron	manc	IN09A083			IN09A083		IN09A083	IN09A083
FBbt:20009535	adult IN09A084 neuron	manc	IN09A084			IN09A084		IN09A084	IN09A084
FBbt:20009536	adult IN09A085 neuron	manc	IN09A085			IN09A085			IN09A085
FBbt:20009537	adult IN09A086 neuron	manc	IN09A086			IN09A086		IN09A086	IN09A086
FBbt:20009538	adult IN09A087 neuron	manc	IN09A087			IN09A087		IN09A087	IN09A087
FBbt:20009539	adult IN09A088 neuron	manc	IN09A088			IN09A088		IN09A088	IN09A088
FBbt:20009540	adult IN09A089 neuron	manc	IN09A089			IN09A089		IN09A089	IN09A089
FBbt:20009541	adult IN09A090 neuron	manc	IN09A090			IN09A090		IN09A090	IN09A090
FBbt:20009542	adult IN09A091 neuron	manc	IN09A091			IN09A091		IN09A091	IN09A091
FBbt:20009543	adult IN09A092 neuron	manc	IN09A092			IN09A092		IN09A092	IN09A092
FBbt:20009544	adult IN09A093 neuron	manc	IN09A093			IN09A093		IN09A093	IN09A093
FBbt:20009545	adult IN09A094 neuron	manc	IN09A094			IN09A094		IN09A094	IN09A094
FBbt:20009546	adult IN09A095 neuron	manc	IN09A095			IN09A095		IN09A095	IN09A095
FBbt:20009547	adult IN09A096 neuron	manc	IN09A096			IN09A096		IN09A096	IN09A096
FBbt:20009548	adult IN09B005 neuron	manc	IN09B005			IN09B005		IN09B005	IN09B005
FBbt:20009549	adult IN09B006 neuron	manc	IN09B006			IN09B006		IN09B006	IN09B006
FBbt:20009550	adult IN09B008 neuron	manc	IN09B008			IN09B008		IN09B008	IN09B008
FBbt:20009551	adult IN09B014 neuron	manc	IN09B014			IN09B014		IN09B014	IN09B014
FBbt:20009552	adult IN09B018 neuron	manc	IN09B018			IN09B018		IN09B018	IN09B018
FBbt:20009553	adult IN09B022 neuron	manc	IN09B022			IN09B022		IN09B022	IN09B022
FBbt:20009554	adult IN09B038 neuron	manc	IN09B038			IN09B038		IN09B038	IN09B038
FBbt:20009555	adult IN09B043 neuron	manc	IN09B043			IN09B043		IN09B043	IN09B043
FBbt:20009556	adult IN09B044 neuron	manc	IN09B044			IN09B044		IN09B044	IN09B044
FBbt:20009557	adult IN09B045 neuron	manc	IN09B045			IN09B045		IN09B045	IN09B045
FBbt:20009558	adult IN09B046 neuron	manc	IN09B046			IN09B046		IN09B046	IN09B046
FBbt:20009559	adult IN09B047 neuron	manc	IN09B047			IN09B047		IN09B047	IN09B047
FBbt:20009560	adult IN09B048 neuron	manc	IN09B048			IN09B048		IN09B048	IN09B048
FBbt:20009561	adult IN09B049 neuron	manc	IN09B049			IN09B049		IN09B049	IN09B049
FBbt:20009562	adult IN09B050 neuron	manc	IN09B050			IN09B050		IN09B050	IN09B050
FBbt:20009563	adult IN09B051 neuron	manc	IN09B051			IN09B051			IN09B051
FBbt:20009564	adult IN09B052 neuron	manc	IN09B052			IN09B052		IN09B052_b|IN09B052_a	IN09B052
FBbt:20009565	adult IN09B053 neuron	manc	IN09B053			IN09B053		IN09B053	IN09B053
FBbt:20009566	adult IN09B054 neuron	manc	IN09B054			IN09B054		IN09B054	IN09B054
FBbt:20009567	adult IN09B055 neuron	manc	IN09B055			IN09B055		IN09B055	IN09B055
FBbt:20009568	adult IN09B056 neuron	manc	IN09B056			IN09B056			
FBbt:20009569	adult IN09B057 neuron	manc	IN09B057			IN09B057			IN09B057
FBbt:20009570	adult IN09B058 neuron	manc	IN09B058			IN09B058		IN09B058	IN09B058
FBbt:20009571	adult IN10B001 neuron	manc	IN10B001			IN10B001		IN10B001	
FBbt:20009572	adult IN10B002 neuron	manc	IN10B002			IN10B002		IN10B002	
FBbt:20009573	adult IN10B003 neuron	manc	IN10B003			IN10B003		IN10B003	IN10B003
FBbt:20009574	adult IN10B004 neuron	manc	IN10B004			IN10B004		IN10B004	IN10B004
FBbt:20009575	adult IN10B006 neuron	manc	IN10B006			IN10B006		IN10B006	IN10B006
FBbt:20009576	adult IN10B007 neuron	manc	IN10B007			IN10B007		IN10B007	IN10B007
FBbt:20009577	adult IN10B010 neuron	manc	IN10B010			IN10B010		IN10B010	
FBbt:20009578	adult IN10B011 neuron	manc	IN10B011			IN10B011		IN10B011	IN10B011
FBbt:20009579	adult IN10B012 neuron	manc	IN10B012			IN10B012		IN10B012	IN10B012
FBbt:20009580	adult IN10B013 neuron	manc	IN10B013			IN10B013		IN10B013	
FBbt:20009581	adult IN10B014 neuron	manc	IN10B014			IN10B014		IN10B014	IN10B014
FBbt:20009582	adult IN10B016 neuron	manc	IN10B016			IN10B016		IN10B016	IN10B016
FBbt:20009583	adult IN10B023 neuron	manc	IN10B023			IN10B023		IN10B023	IN10B023
FBbt:20009584	adult IN10B025 neuron	manc	IN10B025			IN10B025		AN10B025	
FBbt:20009585	adult IN10B028 neuron	manc	IN10B028			IN10B028		IN10B028	IN10B028
FBbt:20009586	adult IN10B030 neuron	manc	IN10B030			IN10B030		IN10B030	IN10B030
FBbt:20009587	adult IN10B031 neuron	manc	IN10B031			IN10B031		IN10B031	IN10B031
FBbt:20009588	adult IN10B032 neuron	manc	IN10B032			IN10B032		IN10B032	IN10B032
FBbt:20009589	adult IN10B033 neuron	manc	IN10B033			IN10B033		IN10B033	IN10B033
FBbt:20009590	adult IN10B034 neuron	manc	IN10B034			IN10B034		IN10B034	IN10B034
FBbt:20009591	adult IN10B036 neuron	manc	IN10B036			IN10B036		IN10B036	IN10B036
FBbt:20009592	adult IN10B038 neuron	manc	IN10B038			IN10B038		IN10B038	IN10B038
FBbt:20009593	adult IN10B040 neuron	manc	IN10B040			IN10B040		IN10B040	IN10B040
FBbt:20009594	adult IN10B041 neuron	manc	IN10B041			IN10B041		IN10B041	IN10B041
FBbt:20009595	adult IN10B042 neuron	manc	IN10B042			IN10B042		IN10B042	IN10B042
FBbt:20009596	adult IN10B043 neuron	manc	IN10B043			IN10B043		IN10B043	IN10B043
FBbt:20009597	adult IN10B044 neuron	manc	IN10B044			IN10B044		IN10B044	IN10B044
FBbt:20009598	adult IN10B050 neuron	manc	IN10B050			IN10B050		IN10B050	IN10B050
FBbt:20009599	adult IN10B052 neuron	manc	IN10B052			IN10B052		IN10B052	IN10B052
FBbt:20009600	adult IN10B054 neuron	manc	IN10B054			IN10B054		IN10B054	IN10B054
FBbt:20009601	adult IN10B055 neuron	manc	IN10B055			IN10B055		IN10B055	IN10B055
FBbt:20009602	adult IN10B057 neuron	manc	IN10B057			IN10B057		IN10B057	IN10B057
FBbt:20009603	adult IN10B058 neuron	manc	IN10B058			IN10B058		IN10B058	IN10B058
FBbt:20009604	adult IN10B059 neuron	manc	IN10B059			IN10B059		IN10B059	IN10B059
FBbt:20009605	adult IN10B061 neuron	manc	IN10B061			IN10B061			IN10B061
FBbt:20009606	adult IN11A001 neuron	manc	IN11A001			IN11A001		IN11A001	IN11A001
FBbt:20009607	adult IN11A002 neuron	manc	IN11A002			IN11A002		IN11A002	
FBbt:20009608	adult IN11A003 neuron	manc	IN11A003			IN11A003		IN11A003	IN11A003
FBbt:20009609	adult IN11A004 neuron	manc	IN11A004			IN11A004		IN11A004	
FBbt:20009610	adult IN11A005 neuron	manc	IN11A005			IN11A005		IN11A005	IN11A005
FBbt:20009611	adult IN11A006 neuron	manc	IN11A006			IN11A006		IN11A006	
FBbt:20009612	adult IN11A007 neuron	manc	IN11A007			IN11A007		IN11A007	IN11A007
FBbt:20009613	adult IN11A008 neuron	manc	IN11A008			IN11A008		IN11A008	IN11A008
FBbt:20009614	adult IN11A009 neuron	manc	IN11A009			IN11A009		IN11A009	IN11A009
FBbt:20009615	adult IN11A010 neuron	manc	IN11A010			IN11A010		IN11A010	IN11A010
FBbt:20009616	adult IN11A011 neuron	manc	IN11A011			IN11A011		IN11A011	IN11A011
FBbt:20009617	adult IN11A012 neuron	manc	IN11A012			IN11A012		IN11A012	IN11A012
FBbt:20009618	adult IN11A013 neuron	manc	IN11A013			IN11A013		IN11A013	IN11A013
FBbt:20009619	adult IN11A014 neuron	manc	IN11A014			IN11A014		IN11A014	IN11A014
FBbt:20009620	adult IN11A015 neuron	manc	IN11A015			IN11A015			IN11A015
FBbt:20009621	adult IN11A016 neuron	manc	IN11A016			IN11A016		IN11A016	IN11A016
FBbt:20009622	adult IN11A017 neuron	manc	IN11A017			IN11A017		IN11A017	IN11A017
FBbt:20009623	adult IN11A018 neuron	manc	IN11A018			IN11A018		IN11A018	IN11A018
FBbt:20009624	adult IN11A019 neuron	manc	IN11A019			IN11A019		IN11A019	IN11A019
FBbt:20009625	adult IN11A020 neuron	manc	IN11A020			IN11A020		IN11A020	IN11A020
FBbt:20009626	adult IN11A021 neuron	manc	IN11A021			IN11A021		IN11A021	IN11A021
FBbt:20009627	adult IN11A022 neuron	manc	IN11A022			IN11A022		IN11A022	IN11A022
FBbt:20009628	adult IN11A023 neuron	manc	IN11A023			IN11A023			IN11A023
FBbt:20009629	adult IN11A025 neuron	manc	IN11A025			IN11A025		IN11A025	IN11A025
FBbt:20009630	adult IN11A026 neuron	manc	IN11A026			IN11A026		IN11A026	IN11A026
FBbt:20009631	adult IN11A027 neuron	manc	IN11A027			IN11A027		IN11A027_a|IN11A027_b|IN11A027_c	IN11A027
FBbt:20009632	adult IN11A028 neuron	manc	IN11A028			IN11A028		IN11A028	IN11A028
FBbt:20009633	adult IN11A030 neuron	manc	IN11A030			IN11A030		IN11A030	IN11A030
FBbt:20009634	adult IN11A031 neuron	manc	IN11A031			IN11A031		IN11A031	IN11A031
FBbt:20009635	adult IN11A032 neuron	manc	IN11A032			IN11A032		IN11A032_c|IN11A032_d|IN11A032_e|IN11A032_a|IN11A032_b	IN11A032
FBbt:20009636	adult IN11A034 neuron	manc	IN11A034			IN11A034		IN11A034	IN11A034
FBbt:20009637	adult IN11A035 neuron	manc	IN11A035			IN11A035		IN11A035	IN11A035
FBbt:20009638	adult IN11A036 neuron	manc	IN11A036			IN11A036		IN11A036	IN11A036
FBbt:20009639	adult IN11A037 neuron	manc	IN11A037			IN11A037		IN11A037_a|IN11A037_b	IN11A037
FBbt:20009640	adult IN11A040 neuron	manc	IN11A040			IN11A040		IN11A040	IN11A040
FBbt:20009641	adult IN11A041 neuron	manc	IN11A041			IN11A041		IN11A041	IN11A041
FBbt:20009642	adult IN11A042 neuron	manc	IN11A042			IN11A042		IN11A042	IN11A042
FBbt:20009643	adult IN11A043 neuron	manc	IN11A043			IN11A043		IN11A043	IN11A043
FBbt:20009644	adult IN11A045 neuron	manc	IN11A045			IN11A045			
FBbt:20009645	adult IN11B001 neuron	manc	IN11B001			IN11B001		IN11B001	IN11B001
FBbt:20009646	adult IN11B002 neuron	manc	IN11B002			IN11B002		IN11B002	IN11B002
FBbt:20009647	adult IN11B003 neuron	manc	IN11B003			IN11B003		IN11B003	IN11B003
FBbt:20009648	adult IN11B004 neuron	manc	IN11B004			IN11B004		IN11B004	IN11B004
FBbt:20009649	adult IN11B005 neuron	manc	IN11B005			IN11B005		IN11B005	IN11B005
FBbt:20009650	adult IN11B006 neuron	manc	IN11B006			IN11B006			IN11B006
FBbt:20009651	adult IN11B009 neuron	manc	IN11B009			IN11B009		IN11B009	IN11B009
FBbt:20009652	adult IN11B011 neuron	manc	IN11B011			IN11B011		IN11B011	IN11B011
FBbt:20009653	adult IN11B012 neuron	manc	IN11B012			IN11B012		IN11B012	IN11B012
FBbt:20009654	adult IN11B013 neuron	manc	IN11B013			IN11B013		IN11B013	IN11B013
FBbt:20009655	adult IN11B014 neuron	manc	IN11B014			IN11B014		IN11B014	IN11B014
FBbt:20009656	adult IN11B015 neuron	manc	IN11B015			IN11B015		IN11B015	IN11B015
FBbt:20009657	adult IN11B016 neuron	manc	IN11B016			IN11B016		IN11B016_b|IN11B016_a|IN11B016_c	IN11B016
FBbt:20009658	adult IN11B017 neuron	manc	IN11B017			IN11B017		IN11B017_a|IN11B017_b	IN11B017
FBbt:20009659	adult IN11B018 neuron	manc	IN11B018			IN11B018		IN11B018	IN11B018
FBbt:20009660	adult IN11B019 neuron	manc	IN11B019			IN11B019		IN11B019	IN11B019
FBbt:20009661	adult IN11B020 neuron	manc	IN11B020			IN11B020		IN11B020	IN11B020
FBbt:20009662	adult IN11B021 neuron	manc	IN11B021			IN11B021		IN11B021_b|IN11B021_c|IN11B021_e|IN11B021_d|IN11B021_a	IN11B021
FBbt:20009663	adult IN11B022 neuron	manc	IN11B022			IN11B022		IN11B022_b|IN11B022_a|IN11B022_c|IN11B022_e|IN11B022_d	IN11B022
FBbt:20009664	adult IN11B023 neuron	manc	IN11B023			IN11B023		IN11B023	IN11B023
FBbt:20009665	adult IN12A001 neuron	manc	IN12A001			IN12A001		IN12A001	IN12A001
FBbt:20009666	adult IN12A002 neuron	manc	IN12A002			IN12A002		IN12A002	IN12A002
FBbt:20009667	adult IN12A003 neuron	manc	IN12A003			IN12A003		IN12A003	IN12A003
FBbt:20009668	adult IN12A004 neuron	manc	IN12A004			IN12A004		IN12A004	IN12A004
FBbt:20009669	adult IN12A005 neuron	manc	IN12A005			IN12A005		IN12A005	IN12A005
FBbt:20009670	adult IN12A006 neuron	manc	IN12A006			IN12A006		IN12A006	IN12A006
FBbt:20009671	adult IN12A007 neuron	manc	IN12A007			IN12A007		IN12A007	IN12A007
FBbt:20009672	adult IN12A008 neuron	manc	IN12A008			IN12A008		IN12A008	IN12A008
FBbt:20009673	adult IN12A009 neuron	manc	IN12A009			IN12A009		IN12A009	IN12A009
FBbt:20009674	adult IN12A010 neuron	manc	IN12A010			IN12A010		IN12A010	IN12A010
FBbt:20009675	adult IN12A011 neuron	manc	IN12A011			IN12A011		IN12A011	IN12A011
FBbt:20009676	adult IN12A012 neuron	manc	IN12A012			IN12A012		IN12A012	IN12A012
FBbt:20009677	adult IN12A013 neuron	manc	IN12A013			IN12A013		IN12A013	IN12A013
FBbt:20009678	adult IN12A015 neuron	manc	IN12A015			IN12A015		IN12A015	IN12A015
FBbt:20009679	adult IN12A016 neuron	manc	IN12A016			IN12A016		IN12A016	IN12A016
FBbt:20009680	adult IN12A018 neuron	manc	IN12A018			IN12A018		IN12A018	IN12A018
FBbt:20009681	adult IN12A019 neuron	manc	IN12A019			IN12A019		IN12A019_c|IN12A019_b|IN12A019_a	IN12A019
FBbt:20009682	adult IN12A021 neuron	manc	IN12A021			IN12A021		IN12A021_a|IN12A021_c|IN12A021_b	IN12A021
FBbt:20009683	adult IN12A024 neuron	manc	IN12A024			IN12A024		IN12A024	IN12A024
FBbt:20009684	adult IN12A025 neuron	manc	IN12A025			IN12A025		IN12A025	
FBbt:20009685	adult IN12A026 neuron	manc	IN12A026			IN12A026		IN12A026	IN12A026
FBbt:20009686	adult IN12A027 neuron	manc	IN12A027			IN12A027		IN12A027	
FBbt:20009687	adult IN12A029 neuron	manc	IN12A029			IN12A029		IN12A029_b|IN12A029_a	
FBbt:20009688	adult IN12A034 neuron	manc	IN12A034			IN12A034		IN12A034	IN12A034
FBbt:20009689	adult IN12A035 neuron	manc	IN12A035			IN12A035		IN12A035	IN12A035
FBbt:20009690	adult IN12A036 neuron	manc	IN12A036			IN12A036		IN12A036	IN12A036
FBbt:20009691	adult IN12A039 neuron	manc	IN12A039			IN12A039		IN12A039	IN12A039
FBbt:20009692	adult IN12A043 neuron	manc	IN12A043			IN12A043		IN12A043_c|IN12A043_a|IN12A043_d|IN12A043_b	IN12A043
FBbt:20009693	adult IN12A046 neuron	manc	IN12A046			IN12A046		IN12A046_b|IN12A046_a	IN12A046
FBbt:20009694	adult IN12A048 neuron	manc	IN12A048			IN12A048		IN12A048	IN12A048
FBbt:20009695	adult IN12A050 neuron	manc	IN12A050			IN12A050		IN12A050_b|IN12A050_a	IN12A050
FBbt:20009696	adult IN12A051 neuron	manc	IN12A051			IN12A051			IN12A051
FBbt:20009697	adult IN12A052 neuron	manc	IN12A052			IN12A052		IN12A052_b|IN12A052_a	IN12A052
FBbt:20009698	adult IN12A053 neuron	manc	IN12A053			IN12A053		IN12A053_c|IN12A053_b|IN12A053_a	IN12A053
FBbt:20009699	adult IN12A054 neuron	manc	IN12A054			IN12A054		IN12A054	IN12A054
FBbt:20009700	adult IN12A057 neuron	manc	IN12A057			IN12A057		IN12A057_b|IN12A057_a	IN12A057
FBbt:20009701	adult IN12A058 neuron	manc	IN12A058			IN12A058		IN12A058	IN12A058
FBbt:20009702	adult IN12A059 neuron	manc	IN12A059			IN12A059		IN12A059_e|IN12A059_b|IN12A059_d|IN12A059_f|IN12A059_g|IN12A059_a|IN12A059_c	IN12A059
FBbt:20009703	adult IN12A060 neuron	manc	IN12A060			IN12A060		IN12A060_a|IN12A060_b	IN12A060
FBbt:20009704	adult IN12A061 neuron	manc	IN12A061			IN12A061		IN12A061_c|IN12A061_d|IN12A061_a	IN12A061
FBbt:20009705	adult IN12A062 neuron	manc	IN12A062			IN12A062		IN12A062	IN12A062
FBbt:20009706	adult IN12A063 neuron	manc	IN12A063			IN12A063		IN12A063_e|IN12A063_b|IN12A063_c|IN12A063_a|IN12A063_d	IN12A063
FBbt:20009707	adult IN12A064 neuron	manc	IN12A064			IN12A064		IN12A064	
FBbt:20009708	adult IN12B002 neuron	manc	IN12B002			IN12B002		IN12B002	IN12B002
FBbt:20009709	adult IN12B003 neuron	manc	IN12B003			IN12B003		IN12B003	IN12B003
FBbt:20009710	adult IN12B004 neuron	manc	IN12B004			IN12B004		IN12B004	IN12B004
FBbt:20009711	adult IN12B005 neuron	manc	IN12B005			IN12B005		IN12B005	IN12B005
FBbt:20009712	adult IN12B007 neuron	manc	IN12B007			IN12B007		IN12B007	IN12B007
FBbt:20009713	adult IN12B009 neuron	manc	IN12B009			IN12B009		IN12B009	
FBbt:20009714	adult IN12B010 neuron	manc	IN12B010			IN12B010		IN12B010	
FBbt:20009715	adult IN12B011 neuron	manc	IN12B011			IN12B011		IN12B011	IN12B011
FBbt:20009716	adult IN12B012 neuron	manc	IN12B012			IN12B012		IN12B012	IN12B012
FBbt:20009717	adult IN12B013 neuron	manc	IN12B013			IN12B013		IN12B013	IN12B013
FBbt:20009718	adult IN12B014 neuron	manc	IN12B014			IN12B014		IN12B014	IN12B014
FBbt:20009719	adult IN12B015 neuron	manc	IN12B015			IN12B015		IN12B015	IN12B015
FBbt:20009720	adult IN12B016 neuron	manc	IN12B016			IN12B016		IN12B016	IN12B016
FBbt:20009721	adult IN12B018 neuron	manc	IN12B018			IN12B018		IN12B018	IN12B018
FBbt:20009722	adult IN12B020 neuron	manc	IN12B020			IN12B020		IN12B020	
FBbt:20009723	adult IN12B021 neuron	manc	IN12B021			IN12B021		IN12B021	
FBbt:20009724	adult IN12B022 neuron	manc	IN12B022			IN12B022		IN12B022	IN12B022
FBbt:20009725	adult IN12B023 neuron	manc	IN12B023			IN12B023		IN12B023	IN12B023
FBbt:20009726	adult IN12B024 neuron	manc	IN12B024			IN12B024		IN12B024_c|IN12B024_a|IN12B024_b	IN12B024
FBbt:20009727	adult IN12B025 neuron	manc	IN12B025			IN12B025		IN12B025	IN12B025
FBbt:20009728	adult IN12B026 neuron	manc	IN12B026			IN12B026		IN12B026	IN12B026
FBbt:20009729	adult IN12B027 neuron	manc	IN12B027			IN12B027		IN12B027	IN12B027
FBbt:20009730	adult IN12B028 neuron	manc	IN12B028			IN12B028		IN12B028	
FBbt:20009731	adult IN12B029 neuron	manc	IN12B029			IN12B029		IN12B029	IN12B029
FBbt:20009732	adult IN12B030 neuron	manc	IN12B030			IN12B030		IN12B030	IN12B030
FBbt:20009733	adult IN12B031 neuron	manc	IN12B031			IN12B031		IN12B031	IN12B031
FBbt:20009734	adult IN12B032 neuron	manc	IN12B032			IN12B032		IN12B032	IN12B032
FBbt:20009735	adult IN12B033 neuron	manc	IN12B033			IN12B033		IN12B033	IN12B033
FBbt:20009736	adult IN12B034 neuron	manc	IN12B034			IN12B034		IN12B034	IN12B034
FBbt:20009737	adult IN12B035 neuron	manc	IN12B035			IN12B035		IN12B035	IN12B035
FBbt:20009738	adult IN12B036 neuron	manc	IN12B036			IN12B036		IN12B036	IN12B036
FBbt:20009739	adult IN12B037 neuron	manc	IN12B037			IN12B037		IN12B037_a|IN12B037_b|IN12B037_c|IN12B037_d|IN12B037_e|IN12B037_f	IN12B037
FBbt:20009740	adult IN12B038 neuron	manc	IN12B038			IN12B038		IN12B038	IN12B038
FBbt:20009741	adult IN12B039 neuron	manc	IN12B039			IN12B039		IN12B039	IN12B039
FBbt:20009742	adult IN12B040 neuron	manc	IN12B040			IN12B040		IN12B040	IN12B040
FBbt:20009743	adult IN12B041 neuron	manc	IN12B041			IN12B041		IN12B041	IN12B041
FBbt:20009744	adult IN12B042 neuron	manc	IN12B042			IN12B042		IN12B042	IN12B042
FBbt:20009745	adult IN12B043 neuron	manc	IN12B043			IN12B043		IN12B043	IN12B043
FBbt:20009746	adult IN12B044 neuron	manc	IN12B044			IN12B044		IN12B044_a|IN12B044_b|IN12B044_c|IN12B044_e|IN12B044_d	IN12B044
FBbt:20009747	adult IN12B045 neuron	manc	IN12B045			IN12B045		IN12B045	
FBbt:20009748	adult IN12B046 neuron	manc	IN12B046			IN12B046		IN12B046	
FBbt:20009749	adult IN12B047 neuron	manc	IN12B047			IN12B047		IN12B047	IN12B047
FBbt:20009750	adult IN12B048 neuron	manc	IN12B048			IN12B048		IN12B048	IN12B048
FBbt:20009751	adult IN12B049 neuron	manc	IN12B049			IN12B049		IN12B049	IN12B049
FBbt:20009752	adult IN12B050 neuron	manc	IN12B050			IN12B050		IN12B050	
FBbt:20009753	adult IN12B051 neuron	manc	IN12B051			IN12B051		IN12B051	
FBbt:20009754	adult IN12B052 neuron	manc	IN12B052			IN12B052		IN12B052	IN12B052
FBbt:20009755	adult IN12B053 neuron	manc	IN12B053			IN12B053		IN12B053	IN12B053
FBbt:20009756	adult IN12B054 neuron	manc	IN12B054			IN12B054		IN12B054	
FBbt:20009757	adult IN12B056 neuron	manc	IN12B056			IN12B056		IN12B056	IN12B056
FBbt:20009758	adult IN12B057 neuron	manc	IN12B057			IN12B057		IN12B057	IN12B057
FBbt:20009759	adult IN12B058 neuron	manc	IN12B058			IN12B058		IN12B058	IN12B058
FBbt:20009760	adult IN12B059 neuron	manc	IN12B059			IN12B059		IN12B059	IN12B059
FBbt:20009761	adult IN12B060 neuron	manc	IN12B060			IN12B060		IN12B060	IN12B060
FBbt:20009762	adult IN12B061 neuron	manc	IN12B061			IN12B061		IN12B061	IN12B061
FBbt:20009763	adult IN12B062 neuron	manc	IN12B062			IN12B062		IN12B062	IN12B062
FBbt:20009764	adult IN12B063 neuron	manc	IN12B063			IN12B063		IN12B063_a|IN12B063_c|IN12B063_b	IN12B063
FBbt:20009765	adult IN12B064 neuron	manc	IN12B064			IN12B064		IN12B064	IN12B064
FBbt:20009766	adult IN12B065 neuron	manc	IN12B065			IN12B065		IN12B065	IN12B065
FBbt:20009767	adult IN12B066 neuron	manc	IN12B066			IN12B066		IN12B066_c|IN12B066_d|IN12B066_e|IN12B066_f|IN12B066_a|IN12B066_b|IN12B066_g	IN12B066
FBbt:20009768	adult IN12B068 neuron	manc	IN12B068			IN12B068		IN12B068_a|IN12B068_b|IN12B068_c	IN12B068
FBbt:20009769	adult IN12B069 neuron	manc	IN12B069			IN12B069		IN12B069	IN12B069
FBbt:20009770	adult IN12B070 neuron	manc	IN12B070			IN12B070		IN12B070	IN12B070
FBbt:20009771	adult IN12B071 neuron	manc	IN12B071			IN12B071		IN12B071	IN12B071
FBbt:20009772	adult IN12B072 neuron	manc	IN12B072			IN12B072		IN12B072	IN12B072
FBbt:20009773	adult IN12B073 neuron	manc	IN12B073			IN12B073		IN12B073	IN12B073
FBbt:20009774	adult IN12B074 neuron	manc	IN12B074			IN12B074		IN12B074	IN12B074
FBbt:20009775	adult IN12B075 neuron	manc	IN12B075			IN12B075		IN12B075	IN12B075
FBbt:20009776	adult IN12B077 neuron	manc	IN12B077			IN12B077		IN12B077	IN12B077
FBbt:20009777	adult IN12B078 neuron	manc	IN12B078			IN12B078		IN12B078	IN12B078
FBbt:20009778	adult IN12B079 neuron	manc	IN12B079			IN12B079		IN12B079_c|IN12B079_a|IN12B079_d|IN12B079_b	IN12B079
FBbt:20009779	adult IN12B081 neuron	manc	IN12B081			IN12B081		IN12B081	IN12B081
FBbt:20009780	adult IN12B082 neuron	manc	IN12B082			IN12B082		IN12B082	IN12B082
FBbt:20009781	adult IN12B083 neuron	manc	IN12B083			IN12B083		IN12B083	IN12B083
FBbt:20009782	adult IN12B084 neuron	manc	IN12B084			IN12B084		IN12B084	IN12B084
FBbt:20009783	adult IN12B085 neuron	manc	IN12B085			IN12B085		IN12B085	IN12B085
FBbt:20009784	adult IN12B086 neuron	manc	IN12B086			IN12B086		IN12B086	IN12B086
FBbt:20009785	adult IN12B087 neuron	manc	IN12B087			IN12B087		IN12B087	IN12B087
FBbt:20009786	adult IN12B088 neuron	manc	IN12B088			IN12B088		IN12B088	IN12B088
FBbt:20009787	adult IN12B090 neuron	manc	IN12B090			IN12B090		IN12B090	IN12B090
FBbt:20009788	adult IN12B091 neuron	manc	IN12B091			IN12B091		IN12B091	IN12B091
FBbt:20009789	adult IN12B092 neuron	manc	IN12B092			IN12B092		IN12B092	
FBbt:20009790	adult IN13A001 neuron	manc	IN13A001			IN13A001		IN13A001	IN13A001
FBbt:20009791	adult IN13A002 neuron	manc	IN13A002			IN13A002		IN13A002	IN13A002
FBbt:20009792	adult IN13A003 neuron	manc	IN13A003			IN13A003		IN13A003	IN13A003
FBbt:20009793	adult IN13A004 neuron	manc	IN13A004			IN13A004		IN13A004	IN13A004
FBbt:20009794	adult IN13A005 neuron	manc	IN13A005			IN13A005		IN13A005	IN13A005
FBbt:20009795	adult IN13A006 neuron	manc	IN13A006			IN13A006		IN13A006	IN13A006
FBbt:20009796	adult IN13A007 neuron	manc	IN13A007			IN13A007		IN13A007	IN13A007
FBbt:20009797	adult IN13A008 neuron	manc	IN13A008			IN13A008		IN13A008	IN13A008
FBbt:20009798	adult IN13A009 neuron	manc	IN13A009			IN13A009		IN13A009	IN13A009
FBbt:20009799	adult IN13A010 neuron	manc	IN13A010			IN13A010		IN13A010	IN13A010
FBbt:20009800	adult IN13A011 neuron	manc	IN13A011			IN13A011		IN13A011	IN13A011
FBbt:20009801	adult IN13A012 neuron	manc	IN13A012			IN13A012		IN13A012	IN13A012
FBbt:20009802	adult IN13A013 neuron	manc	IN13A013			IN13A013		IN13A013	IN13A013
FBbt:20009803	adult IN13A014 neuron	manc	IN13A014			IN13A014		IN13A014	IN13A014
FBbt:20009804	adult IN13A015 neuron	manc	IN13A015			IN13A015		IN13A015	IN13A015
FBbt:20009805	adult IN13A017 neuron	manc	IN13A017			IN13A017		IN13A017	IN13A017
FBbt:20009806	adult IN13A018 neuron	manc	IN13A018			IN13A018		IN13A018	IN13A018
FBbt:20009807	adult IN13A019 neuron	manc	IN13A019			IN13A019		IN13A019	IN13A019
FBbt:20009808	adult IN13A020 neuron	manc	IN13A020			IN13A020		IN13A020	IN13A020
FBbt:20009809	adult IN13A021 neuron	manc	IN13A021			IN13A021		IN13A021	IN13A021
FBbt:20009810	adult IN13A022 neuron	manc	IN13A022			IN13A022		IN13A022	IN13A022
FBbt:20009811	adult IN13A023 neuron	manc	IN13A023			IN13A023		IN13A023	IN13A023
FBbt:20009812	adult IN13A024 neuron	manc	IN13A024			IN13A024		IN13A024	IN13A024
FBbt:20009813	adult IN13A025 neuron	manc	IN13A025			IN13A025		IN13A025	IN13A025
FBbt:20009814	adult IN13A026 neuron	manc	IN13A026			IN13A026		IN13A026	IN13A026
FBbt:20009815	adult IN13A027 neuron	manc	IN13A027			IN13A027		IN13A027	IN13A027
FBbt:20009816	adult IN13A028 neuron	manc	IN13A028			IN13A028		IN13A028	IN13A028
FBbt:20009817	adult IN13A029 neuron	manc	IN13A029			IN13A029		IN13A029	IN13A029
FBbt:20009818	adult IN13A030 neuron	manc	IN13A030			IN13A030		IN13A030	IN13A030
FBbt:20009819	adult IN13A031 neuron	manc	IN13A031			IN13A031		IN13A031	IN13A031
FBbt:20009820	adult IN13A032 neuron	manc	IN13A032			IN13A032		IN13A032	IN13A032
FBbt:20009821	adult IN13A033 neuron	manc	IN13A033			IN13A033		IN13A033	IN13A033
FBbt:20009822	adult IN13A034 neuron	manc	IN13A034			IN13A034		IN13A034	IN13A034
FBbt:20009823	adult IN13A035 neuron	manc	IN13A035			IN13A035		IN13A035	IN13A035
FBbt:20009824	adult IN13A036 neuron	manc	IN13A036			IN13A036		IN13A036	IN13A036
FBbt:20009825	adult IN13A037 neuron	manc	IN13A037			IN13A037		IN13A037	IN13A037
FBbt:20009826	adult IN13A038 neuron	manc	IN13A038			IN13A038		IN13A038	IN13A038
FBbt:20009827	adult IN13A039 neuron	manc	IN13A039			IN13A039		IN13A039	IN13A039
FBbt:20009828	adult IN13A040 neuron	manc	IN13A040			IN13A040		IN13A040	IN13A040
FBbt:20009829	adult IN13A041 neuron	manc	IN13A041			IN13A041		IN13A041	IN13A041
FBbt:20009830	adult IN13A042 neuron	manc	IN13A042			IN13A042		IN13A042	IN13A042
FBbt:20009831	adult IN13A043 neuron	manc	IN13A043			IN13A043		IN13A043	IN13A043
FBbt:20009832	adult IN13A044 neuron	manc	IN13A044			IN13A044		IN13A044	IN13A044
FBbt:20009833	adult IN13A045 neuron	manc	IN13A045			IN13A045		IN13A045	IN13A045
FBbt:20009834	adult IN13A046 neuron	manc	IN13A046			IN13A046		IN13A046	IN13A046
FBbt:20009835	adult IN13A047 neuron	manc	IN13A047			IN13A047		IN13A047	IN13A047
FBbt:20009836	adult IN13A049 neuron	manc	IN13A049			IN13A049		IN13A049	IN13A049
FBbt:20009837	adult IN13A050 neuron	manc	IN13A050			IN13A050		IN13A050	IN13A050
FBbt:20009838	adult IN13A051 neuron	manc	IN13A051			IN13A051		IN13A051	IN13A051
FBbt:20009839	adult IN13A052 neuron	manc	IN13A052			IN13A052		IN13A052	IN13A052
FBbt:20009840	adult IN13A053 neuron	manc	IN13A053			IN13A053		IN13A053	IN13A053
FBbt:20009841	adult IN13A054 neuron	manc	IN13A054			IN13A054		IN13A054	IN13A054
FBbt:20009842	adult IN13A055 neuron	manc	IN13A055			IN13A055		IN13A055	IN13A055
FBbt:20009843	adult IN13A056 neuron	manc	IN13A056			IN13A056		IN13A056	IN13A056
FBbt:20009844	adult IN13A057 neuron	manc	IN13A057			IN13A057		IN13A057	IN13A057
FBbt:20009845	adult IN13A058 neuron	manc	IN13A058			IN13A058		IN13A058	IN13A058
FBbt:20009846	adult IN13A059 neuron	manc	IN13A059			IN13A059		IN13A059	IN13A059
FBbt:20009847	adult IN13A060 neuron	manc	IN13A060			IN13A060		IN13A060	IN13A060
FBbt:20009848	adult IN13A061 neuron	manc	IN13A061			IN13A061		IN13A061	IN13A061
FBbt:20009849	adult IN13A062 neuron	manc	IN13A062			IN13A062		IN13A062	IN13A062
FBbt:20009850	adult IN13A063 neuron	manc	IN13A063			IN13A063		IN13A063	IN13A063
FBbt:20009851	adult IN13A064 neuron	manc	IN13A064			IN13A064		IN13A064	IN13A064
FBbt:20009852	adult IN13A065 neuron	manc	IN13A065			IN13A065		IN13A065	IN13A065
FBbt:20009853	adult IN13A066 neuron	manc	IN13A066			IN13A066			
FBbt:20009854	adult IN13A067 neuron	manc	IN13A067			IN13A067		IN13A067	IN13A067
FBbt:20009855	adult IN13A068 neuron	manc	IN13A068			IN13A068		IN13A068	IN13A068
FBbt:20009856	adult IN13A069 neuron	manc	IN13A069			IN13A069		IN13A069	IN13A069
FBbt:20009857	adult IN13A070 neuron	manc	IN13A070			IN13A070			
FBbt:20009858	adult IN13A071 neuron	manc	IN13A071			IN13A071		IN13A071	IN13A071
FBbt:20009859	adult IN13A072 neuron	manc	IN13A072			IN13A072		IN13A072	IN13A072
FBbt:20009860	adult IN13A073 neuron	manc	IN13A073			IN13A073		IN13A073	
FBbt:20009861	adult IN13B001 neuron	manc	IN13B001			IN13B001		IN13B001	IN13B001
FBbt:20009862	adult IN13B004 neuron	manc	IN13B004			IN13B004		IN13B004	IN13B004
FBbt:20009863	adult IN13B005 neuron	manc	IN13B005			IN13B005		IN13B005	IN13B005
FBbt:20009864	adult IN13B006 neuron	manc	IN13B006			IN13B006		IN13B006	IN13B006
FBbt:20009865	adult IN13B007 neuron	manc	IN13B007			IN13B007		IN13B007	IN13B007
FBbt:20009866	adult IN13B008 neuron	manc	IN13B008			IN13B008		IN13B008	IN13B008
FBbt:20009867	adult IN13B009 neuron	manc	IN13B009			IN13B009		IN13B009	IN13B009
FBbt:20009868	adult IN13B010 neuron	manc	IN13B010			IN13B010		IN13B010	IN13B010
FBbt:20009869	adult IN13B011 neuron	manc	IN13B011			IN13B011		IN13B011	IN13B011
FBbt:20009870	adult IN13B012 neuron	manc	IN13B012			IN13B012		IN13B012	IN13B012
FBbt:20009871	adult IN13B013 neuron	manc	IN13B013			IN13B013		IN13B013	IN13B013
FBbt:20009872	adult IN13B014 neuron	manc	IN13B014			IN13B014		IN13B014	IN13B014
FBbt:20009873	adult IN13B015 neuron	manc	IN13B015			IN13B015		IN13B015	IN13B015
FBbt:20009874	adult IN13B017 neuron	manc	IN13B017			IN13B017		IN13B017	IN13B017
FBbt:20009875	adult IN13B018 neuron	manc	IN13B018			IN13B018		IN13B018	IN13B018
FBbt:20009876	adult IN13B019 neuron	manc	IN13B019			IN13B019		IN13B019	IN13B019
FBbt:20009877	adult IN13B020 neuron	manc	IN13B020			IN13B020		IN13B020	IN13B020
FBbt:20009878	adult IN13B021 neuron	manc	IN13B021			IN13B021		IN13B021	IN13B021
FBbt:20009879	adult IN13B022 neuron	manc	IN13B022			IN13B022		IN13B022	IN13B022
FBbt:20009880	adult IN13B023 neuron	manc	IN13B023			IN13B023		IN13B023	IN13B023
FBbt:20009881	adult IN13B024 neuron	manc	IN13B024			IN13B024		IN13B024	IN13B024
FBbt:20009882	adult IN13B025 neuron	manc	IN13B025			IN13B025		IN13B025	IN13B025
FBbt:20009883	adult IN13B026 neuron	manc	IN13B026			IN13B026		IN13B026	IN13B026
FBbt:20009884	adult IN13B027 neuron	manc	IN13B027			IN13B027		IN13B027	IN13B027
FBbt:20009885	adult IN13B028 neuron	manc	IN13B028			IN13B028		IN13B028	IN13B028
FBbt:20009886	adult IN13B029 neuron	manc	IN13B029			IN13B029		IN13B029	IN13B029
FBbt:20009887	adult IN13B030 neuron	manc	IN13B030			IN13B030		IN13B030	IN13B030
FBbt:20009888	adult IN13B031 neuron	manc	IN13B031			IN13B031		IN13B031	IN13B031
FBbt:20009889	adult IN13B032 neuron	manc	IN13B032			IN13B032		IN13B032	IN13B032
FBbt:20009890	adult IN13B033 neuron	manc	IN13B033			IN13B033		IN13B033	IN13B033
FBbt:20009891	adult IN13B034 neuron	manc	IN13B034			IN13B034		IN13B034	IN13B034
FBbt:20009892	adult IN13B035 neuron	manc	IN13B035			IN13B035		IN13B035	IN13B035
FBbt:20009893	adult IN13B036 neuron	manc	IN13B036			IN13B036		IN13B036	IN13B036
FBbt:20009894	adult IN13B037 neuron	manc	IN13B037			IN13B037		IN13B037	IN13B037
FBbt:20009895	adult IN13B038 neuron	manc	IN13B038			IN13B038		IN13B038	IN13B038
FBbt:20009896	adult IN13B039 neuron	manc	IN13B039			IN13B039		IN13B039	IN13B039
FBbt:20009897	adult IN13B040 neuron	manc	IN13B040			IN13B040		IN13B040	IN13B040
FBbt:20009898	adult IN13B041 neuron	manc	IN13B041			IN13B041		IN13B041	IN13B041
FBbt:20009899	adult IN13B042 neuron	manc	IN13B042			IN13B042		IN13B042	IN13B042
FBbt:20009900	adult IN13B043 neuron	manc	IN13B043			IN13B043		IN13B043	IN13B043
FBbt:20009901	adult IN13B044 neuron	manc	IN13B044			IN13B044		IN13B044	IN13B044
FBbt:20009902	adult IN13B045 neuron	manc	IN13B045			IN13B045		IN13B045	IN13B045
FBbt:20009903	adult IN13B046 neuron	manc	IN13B046			IN13B046		IN13B046	IN13B046
FBbt:20009904	adult IN13B047 neuron	manc	IN13B047			IN13B047			IN13B047
FBbt:20009905	adult IN13B048 neuron	manc	IN13B048			IN13B048		IN13B048	IN13B048
FBbt:20009906	adult IN13B049 neuron	manc	IN13B049			IN13B049		IN13B049	IN13B049
FBbt:20009907	adult IN13B050 neuron	manc	IN13B050			IN13B050		IN13B050	IN13B050
FBbt:20009908	adult IN13B051 neuron	manc	IN13B051			IN13B051		IN13B051	IN13B051
FBbt:20009909	adult IN13B052 neuron	manc	IN13B052			IN13B052		IN13B052	IN13B052
FBbt:20009910	adult IN13B053 neuron	manc	IN13B053			IN13B053		IN13B053	IN13B053
FBbt:20009911	adult IN13B054 neuron	manc	IN13B054			IN13B054		IN13B054	IN13B054
FBbt:20009912	adult IN13B055 neuron	manc	IN13B055			IN13B055		IN13B055	IN13B055
FBbt:20009913	adult IN13B056 neuron	manc	IN13B056			IN13B056		IN13B056	IN13B056
FBbt:20009914	adult IN13B057 neuron	manc	IN13B057			IN13B057		IN13B057	IN13B057
FBbt:20009915	adult IN13B058 neuron	manc	IN13B058			IN13B058		IN13B058	IN13B058
FBbt:20009916	adult IN13B059 neuron	manc	IN13B059			IN13B059		IN13B059	IN13B059
FBbt:20009917	adult IN13B060 neuron	manc	IN13B060			IN13B060		IN13B060	IN13B060
FBbt:20009918	adult IN13B061 neuron	manc	IN13B061			IN13B061		IN13B061	IN13B061
FBbt:20009919	adult IN13B062 neuron	manc	IN13B062			IN13B062		IN13B062	IN13B062
FBbt:20009920	adult IN13B063 neuron	manc	IN13B063			IN13B063		IN13B063	IN13B063
FBbt:20009921	adult IN13B064 neuron	manc	IN13B064			IN13B064		IN13B064	IN13B064
FBbt:20009922	adult IN13B065 neuron	manc	IN13B065			IN13B065		IN13B065	IN13B065
FBbt:20009923	adult IN13B066 neuron	manc	IN13B066			IN13B066		IN13B066	IN13B066
FBbt:20009924	adult IN13B067 neuron	manc	IN13B067			IN13B067		IN13B067	IN13B067
FBbt:20009925	adult IN13B068 neuron	manc	IN13B068			IN13B068		IN13B068	IN13B068
FBbt:20009926	adult IN13B069 neuron	manc	IN13B069			IN13B069		IN13B069	IN13B069
FBbt:20009927	adult IN13B070 neuron	manc	IN13B070			IN13B070		IN13B070	IN13B070
FBbt:20009928	adult IN13B071 neuron	manc	IN13B071			IN13B071		IN13B071	IN13B071
FBbt:20009929	adult IN13B072 neuron	manc	IN13B072			IN13B072		IN13B072	IN13B072
FBbt:20009930	adult IN13B073 neuron	manc	IN13B073			IN13B073		IN13B073	IN13B073
FBbt:20009931	adult IN13B074 neuron	manc	IN13B074			IN13B074		IN13B074	IN13B074
FBbt:20009932	adult IN13B075 neuron	manc	IN13B075			IN13B075		IN13B075	IN13B075
FBbt:20009933	adult IN13B076 neuron	manc	IN13B076			IN13B076		IN13B076	IN13B076
FBbt:20009934	adult IN13B077 neuron	manc	IN13B077			IN13B077		IN13B077	IN13B077
FBbt:20009935	adult IN13B078 neuron	manc	IN13B078			IN13B078		IN13B078	IN13B078
FBbt:20009936	adult IN13B079 neuron	manc	IN13B079			IN13B079		IN13B079	IN13B079
FBbt:20009937	adult IN13B080 neuron	manc	IN13B080			IN13B080		IN13B080	IN13B080
FBbt:20009938	adult IN13B081 neuron	manc	IN13B081			IN13B081		IN13B081	IN13B081
FBbt:20009939	adult IN13B082 neuron	manc	IN13B082			IN13B082		IN13B082	IN13B082
FBbt:20009940	adult IN13B084 neuron	manc	IN13B084			IN13B084		IN13B084	IN13B084
FBbt:20009941	adult IN13B085 neuron	manc	IN13B085			IN13B085		IN13B085	IN13B085
FBbt:20009942	adult IN13B087 neuron	manc	IN13B087			IN13B087		IN13B087	IN13B087
FBbt:20009943	adult IN13B088 neuron	manc	IN13B088			IN13B088		IN13B088	IN13B088
FBbt:20009944	adult IN13B089 neuron	manc	IN13B089			IN13B089		IN13B089	IN13B089
FBbt:20009945	adult IN13B090 neuron	manc	IN13B090			IN13B090		IN13B090	IN13B090
FBbt:20009946	adult IN13B091 neuron	manc	IN13B091			IN13B091		IN13B091	IN13B091
FBbt:20009947	adult IN13B093 neuron	manc	IN13B093			IN13B093		IN13B093	IN13B093
FBbt:20009948	adult IN13B094 neuron	manc	IN13B094			IN13B094		IN13B094	IN13B094
FBbt:20009949	adult IN13B095 neuron	manc	IN13B095			IN13B095			IN13B095
FBbt:20009950	adult IN13B096 neuron	manc	IN13B096			IN13B096		IN13B096_a|IN13B096_b	IN13B096
FBbt:20009951	adult IN13B097 neuron	manc	IN13B097			IN13B097		IN13B097	IN13B097
FBbt:20009952	adult IN13B098 neuron	manc	IN13B098			IN13B098		IN13B098	IN13B098
FBbt:20009953	adult IN13B099 neuron	manc	IN13B099			IN13B099		IN13B099	IN13B099
FBbt:20009954	adult IN13B100 neuron	manc	IN13B100			IN13B100		IN13B100	IN13B100
FBbt:20009955	adult IN13B101 neuron	manc	IN13B101			IN13B101			
FBbt:20009956	adult IN13B102 neuron	manc	IN13B102			IN13B102		IN13B102	IN13B102
FBbt:20009957	adult IN14A001 neuron	manc	IN14A001			IN14A001		IN14A001	IN14A001
FBbt:20009958	adult IN14A002 neuron	manc	IN14A002			IN14A002		IN14A002	IN14A002
FBbt:20009959	adult IN14A004 neuron	manc	IN14A004			IN14A004		IN14A004	IN14A004
FBbt:20009960	adult IN14A005 neuron	manc	IN14A005			IN14A005		IN14A005	IN14A005
FBbt:20009961	adult IN14A006 neuron	manc	IN14A006			IN14A006		IN14A006	IN14A006
FBbt:20009962	adult IN14A007 neuron	manc	IN14A007			IN14A007		IN14A007	IN14A007
FBbt:20009963	adult IN14A008 neuron	manc	IN14A008			IN14A008		IN14A008	IN14A008
FBbt:20009964	adult IN14A009 neuron	manc	IN14A009			IN14A009		IN14A009	IN14A009
FBbt:20009965	adult IN14A010 neuron	manc	IN14A010			IN14A010		IN14A010	IN14A010
FBbt:20009966	adult IN14A011 neuron	manc	IN14A011			IN14A011		IN14A011	IN14A011
FBbt:20009967	adult IN14A012 neuron	manc	IN14A012			IN14A012		IN14A012	IN14A012
FBbt:20009968	adult IN14A013 neuron	manc	IN14A013			IN14A013		IN14A013	IN14A013
FBbt:20009969	adult IN14A014 neuron	manc	IN14A014			IN14A014		IN14A014	IN14A014
FBbt:20009970	adult IN14A015 neuron	manc	IN14A015			IN14A015		IN14A015	IN14A015
FBbt:20009971	adult IN14A016 neuron	manc	IN14A016			IN14A016		IN14A016	IN14A016
FBbt:20009972	adult IN14A017 neuron	manc	IN14A017			IN14A017		IN14A017	IN14A017
FBbt:20009973	adult IN14A018 neuron	manc	IN14A018			IN14A018		IN14A018	IN14A018
FBbt:20009974	adult IN14A020 neuron	manc	IN14A020			IN14A020		IN14A020	IN14A020
FBbt:20009975	adult IN14A021 neuron	manc	IN14A021			IN14A021		IN14A021	IN14A021
FBbt:20009976	adult IN14A022 neuron	manc	IN14A022			IN14A022		IN14A022	IN14A022
FBbt:20009977	adult IN14A023 neuron	manc	IN14A023			IN14A023		IN14A023	IN14A023
FBbt:20009978	adult IN14A024 neuron	manc	IN14A024			IN14A024		IN14A024	IN14A024
FBbt:20009979	adult IN14A025 neuron	manc	IN14A025			IN14A025		IN14A025	IN14A025
FBbt:20009980	adult IN14A026 neuron	manc	IN14A026			IN14A026		IN14A026	IN14A026
FBbt:20009981	adult IN14A027 neuron	manc	IN14A027			IN14A027			
FBbt:20009982	adult IN14A028 neuron	manc	IN14A028			IN14A028		IN14A028	IN14A028
FBbt:20009983	adult IN14A029 neuron	manc	IN14A029			IN14A029		IN14A029	IN14A029
FBbt:20009984	adult IN14A030 neuron	manc	IN14A030			IN14A030		IN14A030	IN14A030
FBbt:20009985	adult IN14A031 neuron	manc	IN14A031			IN14A031		IN14A031	IN14A031
FBbt:20009986	adult IN14A032 neuron	manc	IN14A032			IN14A032		IN14A032	IN14A032
FBbt:20009987	adult IN14A033 neuron	manc	IN14A033			IN14A033		IN14A033	IN14A033
FBbt:20009988	adult IN14A034 neuron	manc	IN14A034			IN14A034		IN14A034	IN14A034
FBbt:20009989	adult IN14A035 neuron	manc	IN14A035			IN14A035		IN14A035	IN14A035
FBbt:20009990	adult IN14A036 neuron	manc	IN14A036			IN14A036		IN14A036	IN14A036
FBbt:20009991	adult IN14A037 neuron	manc	IN14A037			IN14A037		IN14A037	IN14A037
FBbt:20009992	adult IN14A038 neuron	manc	IN14A038			IN14A038		IN14A038	IN14A038
FBbt:20009993	adult IN14A039 neuron	manc	IN14A039			IN14A039		IN14A039	IN14A039
FBbt:20009994	adult IN14A040 neuron	manc	IN14A040			IN14A040		IN14A040	IN14A040
FBbt:20009995	adult IN14A041 neuron	manc	IN14A041			IN14A041		IN14A041	IN14A041
FBbt:20009996	adult IN14A042 neuron	manc	IN14A042			IN14A042			IN14A042
FBbt:20009997	adult IN14A043 neuron	manc	IN14A043			IN14A043		IN14A043	IN14A043
FBbt:20009998	adult IN14A044 neuron	manc	IN14A044			IN14A044		IN14A044	IN14A044
FBbt:20009999	adult IN14A045 neuron	manc	IN14A045			IN14A045		IN14A045	IN14A045
FBbt:20010000	adult IN14A046 neuron	manc	IN14A046			IN14A046		IN14A046	IN14A046
FBbt:20010001	adult IN14A047 neuron	manc	IN14A047			IN14A047		IN14A047	IN14A047
FBbt:20010002	adult IN14A048 neuron	manc	IN14A048			IN14A048			IN14A048
FBbt:20010003	adult IN14A050 neuron	manc	IN14A050			IN14A050		IN14A050	IN14A050
FBbt:20010004	adult IN14A051 neuron	manc	IN14A051			IN14A051		IN14A051	IN14A051
FBbt:20010005	adult IN14A052 neuron	manc	IN14A052			IN14A052		IN14A052	IN14A052
FBbt:20010006	adult IN14A053 neuron	manc	IN14A053			IN14A053		IN14A053	IN14A053
FBbt:20010007	adult IN14A054 neuron	manc	IN14A054			IN14A054		IN14A054	IN14A054
FBbt:20010008	adult IN14A055 neuron	manc	IN14A055			IN14A055		IN14A055	IN14A055
FBbt:20010009	adult IN14A056 neuron	manc	IN14A056			IN14A056		IN14A056	IN14A056
FBbt:20010010	adult IN14A057 neuron	manc	IN14A057			IN14A057		IN14A057	IN14A057
FBbt:20010011	adult IN14A058 neuron	manc	IN14A058			IN14A058		IN14A058	IN14A058
FBbt:20010012	adult IN14A059 neuron	manc	IN14A059			IN14A059		IN14A059	IN14A059
FBbt:20010013	adult IN14A060 neuron	manc	IN14A060			IN14A060			IN14A060
FBbt:20010014	adult IN14A061 neuron	manc	IN14A061			IN14A061		IN14A061	IN14A061
FBbt:20010015	adult IN14A062 neuron	manc	IN14A062			IN14A062		IN14A062	IN14A062
FBbt:20010016	adult IN14A063 neuron	manc	IN14A063			IN14A063		IN14A063	IN14A063
FBbt:20010017	adult IN14A064 neuron	manc	IN14A064			IN14A064		IN14A064	IN14A064
FBbt:20010018	adult IN14A065 neuron	manc	IN14A065			IN14A065		IN14A065	IN14A065
FBbt:20010019	adult IN14A066 neuron	manc	IN14A066			IN14A066		IN14A066	IN14A066
FBbt:20010020	adult IN14A067 neuron	manc	IN14A067			IN14A067			IN14A067
FBbt:20010021	adult IN14A068 neuron	manc	IN14A068			IN14A068		IN14A068	IN14A068
FBbt:20010022	adult IN14A069 neuron	manc	IN14A069			IN14A069		IN14A069	IN14A069
FBbt:20010023	adult IN14A070 neuron	manc	IN14A070			IN14A070		IN14A070	IN14A070
FBbt:20010024	adult IN14A071 neuron	manc	IN14A071			IN14A071			IN14A071
FBbt:20010025	adult IN14A072 neuron	manc	IN14A072			IN14A072		IN14A072	IN14A072
FBbt:20010026	adult IN14A074 neuron	manc	IN14A074			IN14A074		IN14A074	IN14A074
FBbt:20010027	adult IN14A075 neuron	manc	IN14A075			IN14A075		IN14A075	IN14A075
FBbt:20010028	adult IN14A076 neuron	manc	IN14A076			IN14A076		IN14A076	IN14A076
FBbt:20010029	adult IN14A077 neuron	manc	IN14A077			IN14A077		IN14A077	IN14A077
FBbt:20010030	adult IN14A078 neuron	manc	IN14A078			IN14A078		IN14A078	IN14A078
FBbt:20010031	adult IN14A079 neuron	manc	IN14A079			IN14A079		IN14A079	IN14A079
FBbt:20010032	adult IN14A080 neuron	manc	IN14A080			IN14A080		IN14A080	IN14A080
FBbt:20010033	adult IN14A081 neuron	manc	IN14A081			IN14A081		IN14A081	IN14A081
FBbt:20010034	adult IN14A082 neuron	manc	IN14A082			IN14A082		IN14A082	IN14A082
FBbt:20010035	adult IN14A083 neuron	manc	IN14A083			IN14A083			IN14A083
FBbt:20010036	adult IN14A084 neuron	manc	IN14A084			IN14A084		IN14A084	IN14A084
FBbt:20010037	adult IN14A085 neuron	manc	IN14A085			IN14A085		IN14A085_b|IN14A085_a	IN14A085
FBbt:20010038	adult IN14A086 neuron	manc	IN14A086			IN14A086		IN14A086	IN14A086
FBbt:20010039	adult IN14A087 neuron	manc	IN14A087			IN14A087		IN14A087	IN14A087
FBbt:20010040	adult IN14A088 neuron	manc	IN14A088			IN14A088		IN14A088	IN14A088
FBbt:20010041	adult IN14A089 neuron	manc	IN14A089			IN14A089		IN14A089	IN14A089
FBbt:20010042	adult IN14A090 neuron	manc	IN14A090			IN14A090		IN14A090	IN14A090
FBbt:20010043	adult IN14A091 neuron	manc	IN14A091			IN14A091		IN14A091	IN14A091
FBbt:20010044	adult IN14A092 neuron	manc	IN14A092			IN14A092			IN14A092
FBbt:20010045	adult IN14A093 neuron	manc	IN14A093			IN14A093		IN14A093	IN14A093
FBbt:20010046	adult IN14A094 neuron	manc	IN14A094			IN14A094			IN14A094
FBbt:20010047	adult IN14A095 neuron	manc	IN14A095			IN14A095		IN14A095	IN14A095
FBbt:20010048	adult IN14A096 neuron	manc	IN14A096			IN14A096		IN14A096	IN14A096
FBbt:20010049	adult IN14A097 neuron	manc	IN14A097			IN14A097		IN14A097	IN14A097
FBbt:20010050	adult IN14A098 neuron	manc	IN14A098			IN14A098		IN14A098	IN14A098
FBbt:20010051	adult IN14A099 neuron	manc	IN14A099			IN14A099		IN14A099	IN14A099
FBbt:20010052	adult IN14A100 neuron	manc	IN14A100			IN14A100			IN14A100
FBbt:20010053	adult IN14A101 neuron	manc	IN14A101			IN14A101		IN14A101	IN14A101
FBbt:20010054	adult IN14A102 neuron	manc	IN14A102			IN14A102		IN14A102	IN14A102
FBbt:20010055	adult IN14A103 neuron	manc	IN14A103			IN14A103		IN14A103	IN14A103
FBbt:20010056	adult IN14A104 neuron	manc	IN14A104			IN14A104		IN14A104	IN14A104
FBbt:20010057	adult IN14A105 neuron	manc	IN14A105			IN14A105		IN14A105	IN14A105
FBbt:20010058	adult IN14A106 neuron	manc	IN14A106			IN14A106		IN14A106	IN14A106
FBbt:20010059	adult IN14A107 neuron	manc	IN14A107			IN14A107		IN14A107	IN14A107
FBbt:20010060	adult IN14A108 neuron	manc	IN14A108			IN14A108		IN14A108	IN14A108
FBbt:20010061	adult IN14A109 neuron	manc	IN14A109			IN14A109		IN14A109	IN14A109
FBbt:20010062	adult IN14A110 neuron	manc	IN14A110			IN14A110		IN14A110	IN14A110
FBbt:20010063	adult IN14A111 neuron	manc	IN14A111			IN14A111		IN14A111	IN14A111
FBbt:20010064	adult IN14A112 neuron	manc	IN14A112			IN14A112			IN14A112
FBbt:20010065	adult IN14A113 neuron	manc	IN14A113			IN14A113			IN14A113
FBbt:20010066	adult IN14A114 neuron	manc	IN14A114			IN14A114		IN14A114	IN14A114
FBbt:20010067	adult IN14A115 neuron	manc	IN14A115			IN14A115		IN14A115	IN14A115
FBbt:20010068	adult IN14A116 neuron	manc	IN14A116			IN14A116		IN14A116	IN14A116
FBbt:20010069	adult IN14A117 neuron	manc	IN14A117			IN14A117		IN14A117	IN14A117
FBbt:20010070	adult IN14A118 neuron	manc	IN14A118			IN14A118		IN14A118	IN14A118
FBbt:20010071	adult IN14A119 neuron	manc	IN14A119			IN14A119		IN14A119	IN14A119
FBbt:20010072	adult IN14A120 neuron	manc	IN14A120			IN14A120		IN14A120	IN14A120
FBbt:20010073	adult IN14A121 neuron	manc	IN14A121			IN14A121		IN14A121_a|IN14A121_b	IN14A121
FBbt:20010074	adult IN14A122 neuron	manc	IN14A122			IN14A122			
FBbt:20010075	adult IN14A123 neuron	manc	IN14A123			IN14A123		IN14A123	IN14A123
FBbt:20010076	adult IN14A124 neuron	manc	IN14A124			IN14A124			
FBbt:20010077	adult IN14B001 neuron	manc	IN14B001			IN14B001		IN14B001	IN14B001
FBbt:20010078	adult IN14B002 neuron	manc	IN14B002			IN14B002		IN14B002	IN14B002
FBbt:20010079	adult IN14B003 neuron	manc	IN14B003			IN14B003		IN14B003	IN14B003
FBbt:20010080	adult IN14B004 neuron	manc	IN14B004			IN14B004		IN14B004	IN14B004
FBbt:20010081	adult IN14B005 neuron	manc	IN14B005			IN14B005		IN14B005	IN14B005
FBbt:20010082	adult IN14B006 neuron	manc	IN14B006			IN14B006		IN14B006	IN14B006
FBbt:20010083	adult IN14B007 neuron	manc	IN14B007			IN14B007		IN14B007	IN14B007
FBbt:20010084	adult IN14B008 neuron	manc	IN14B008			IN14B008		IN14B008	IN14B008
FBbt:20010085	adult IN14B009 neuron	manc	IN14B009			IN14B009		IN14B009	IN14B009
FBbt:20010086	adult IN14B010 neuron	manc	IN14B010			IN14B010		IN14B010	IN14B010
FBbt:20010087	adult IN14B011 neuron	manc	IN14B011			IN14B011		IN14B011	IN14B011
FBbt:20010088	adult IN14B012 neuron	manc	IN14B012			IN14B012		IN14B012	IN14B012
FBbt:20010089	adult IN14B013 neuron	manc	IN14B013			IN14B013			IN14B013
FBbt:20010090	adult IN14B014 neuron	manc	IN14B014			IN14B014			
FBbt:20010091	adult IN16B014 neuron	manc	IN16B014			IN16B014		IN16B014	IN16B014
FBbt:20010092	adult IN16B016 neuron	manc	IN16B016			IN16B016		IN16B016	IN16B016
FBbt:20010093	adult IN16B018 neuron	manc	IN16B018			IN16B018		IN16B018	IN16B018
FBbt:20010094	adult IN16B020 neuron	manc	IN16B020			IN16B020		IN16B020	IN16B020
FBbt:20010095	adult IN16B022 neuron	manc	IN16B022			IN16B022		IN16B022	IN16B022
FBbt:20010096	adult IN16B024 neuron	manc	IN16B024			IN16B024		IN16B024	IN16B024
FBbt:20010097	adult IN16B029 neuron	manc	IN16B029			IN16B029		IN16B029	IN16B029
FBbt:20010098	adult IN16B030 neuron	manc	IN16B030			IN16B030		IN16B030	IN16B030
FBbt:20010099	adult IN16B032 neuron	manc	IN16B032			IN16B032		IN16B032	IN16B032
FBbt:20010100	adult IN16B033 neuron	manc	IN16B033			IN16B033		IN16B033	IN16B033
FBbt:20010101	adult IN16B034 neuron	manc	IN16B034			IN16B034		IN16B034	IN16B034
FBbt:20010102	adult IN16B036 neuron	manc	IN16B036			IN16B036		IN16B036	IN16B036
FBbt:20010103	adult IN16B037 neuron	manc	IN16B037			IN16B037		IN16B037	IN16B037
FBbt:20010104	adult IN16B038 neuron	manc	IN16B038			IN16B038		IN16B038	IN16B038
FBbt:20010105	adult IN16B039 neuron	manc	IN16B039			IN16B039		IN16B039	IN16B039
FBbt:20010106	adult IN16B040 neuron	manc	IN16B040			IN16B040		IN16B040	IN16B040
FBbt:20010107	adult IN16B041 neuron	manc	IN16B041			IN16B041		IN16B041	IN16B041
FBbt:20010108	adult IN16B042 neuron	manc	IN16B042			IN16B042		IN16B042	IN16B042
FBbt:20010109	adult IN16B045 neuron	manc	IN16B045			IN16B045		IN16B045	IN16B045
FBbt:20010110	adult IN16B046 neuron	manc	IN16B046			IN16B046		IN16B046	IN16B046
FBbt:20010111	adult IN16B047 neuron	manc	IN16B047			IN16B047		IN16B047	IN16B047
FBbt:20010112	adult IN16B048 neuron	manc	IN16B048			IN16B048		IN16B048	IN16B048
FBbt:20010113	adult IN16B049 neuron	manc	IN16B049			IN16B049		IN16B049	
FBbt:20010114	adult IN16B050 neuron	manc	IN16B050			IN16B050		IN16B050	IN16B050
FBbt:20010115	adult IN16B051 neuron	manc	IN16B051			IN16B051		IN16B051	IN16B051
FBbt:20010116	adult IN16B052 neuron	manc	IN16B052			IN16B052		IN16B052	IN16B052
FBbt:20010117	adult IN16B053 neuron	manc	IN16B053			IN16B053		IN16B053	IN16B053
FBbt:20010118	adult IN16B054 neuron	manc	IN16B054			IN16B054		IN16B054	IN16B054
FBbt:20010119	adult IN16B055 neuron	manc	IN16B055			IN16B055		IN16B055	IN16B055
FBbt:20010120	adult IN16B056 neuron	manc	IN16B056			IN16B056		IN16B056	IN16B056
FBbt:20010121	adult IN16B057 neuron	manc	IN16B057			IN16B057		IN16B057	
FBbt:20010122	adult IN16B058 neuron	manc	IN16B058			IN16B058		IN16B058	IN16B058
FBbt:20010123	adult IN16B059 neuron	manc	IN16B059			IN16B059		IN16B059	IN16B059
FBbt:20010124	adult IN16B060 neuron	manc	IN16B060			IN16B060		IN16B060	IN16B060
FBbt:20010125	adult IN16B061 neuron	manc	IN16B061			IN16B061		IN16B061	IN16B061
FBbt:20010126	adult IN16B062 neuron	manc	IN16B062			IN16B062		IN16B062	IN16B062
FBbt:20010127	adult IN16B063 neuron	manc	IN16B063			IN16B063		IN16B063	IN16B063
FBbt:20010128	adult IN16B064 neuron	manc	IN16B064			IN16B064		IN16B064	IN16B064
FBbt:20010129	adult IN16B065 neuron	manc	IN16B065			IN16B065		IN16B065	IN16B065
FBbt:20010130	adult IN16B066 neuron	manc	IN16B066			IN16B066		IN16B066	IN16B066
FBbt:20010131	adult IN16B067 neuron	manc	IN16B067			IN16B067			IN16B067
FBbt:20010132	adult IN16B068 neuron	manc	IN16B068			IN16B068		IN16B068_a|IN16B068_c|IN16B068_b	IN16B068
FBbt:20010133	adult IN16B069 neuron	manc	IN16B069			IN16B069		IN16B069	IN16B069
FBbt:20010134	adult IN16B070 neuron	manc	IN16B070			IN16B070		IN16B070	IN16B070
FBbt:20010135	adult IN16B071 neuron	manc	IN16B071			IN16B071		IN16B071	IN16B071
FBbt:20010136	adult IN16B072 neuron	manc	IN16B072			IN16B072		IN16B072	IN16B072
FBbt:20010137	adult IN16B073 neuron	manc	IN16B073			IN16B073		IN16B073	IN16B073
FBbt:20010138	adult IN16B074 neuron	manc	IN16B074			IN16B074		IN16B074	IN16B074
FBbt:20010139	adult IN16B075 neuron	manc	IN16B075			IN16B075		IN16B075|IN16B075_e|IN16B075_g|IN16B075_f|IN16B075_a|IN16B075_d|IN16B075_c|IN16B075_b|IN16B075_h|IN16B075_i	IN16B075
FBbt:20010140	adult IN16B076 neuron	manc	IN16B076			IN16B076		IN16B076	IN16B076
FBbt:20010141	adult IN16B077 neuron	manc	IN16B077			IN16B077		IN16B077	IN16B077
FBbt:20010142	adult IN16B079 neuron	manc	IN16B079			IN16B079		IN16B079	IN16B079
FBbt:20010143	adult IN16B080 neuron	manc	IN16B080			IN16B080		IN16B080	IN16B080
FBbt:20010144	adult IN16B082 neuron	manc	IN16B082			IN16B082		IN16B082	IN16B082
FBbt:20010145	adult IN16B083 neuron	manc	IN16B083			IN16B083		IN16B083	IN16B083
FBbt:20010146	adult IN16B084 neuron	manc	IN16B084			IN16B084		IN16B084	IN16B084
FBbt:20010147	adult IN16B085 neuron	manc	IN16B085			IN16B085		IN16B085	IN16B085
FBbt:20010148	adult IN16B086 neuron	manc	IN16B086			IN16B086		IN16B086	IN16B086
FBbt:20010149	adult IN16B087 neuron	manc	IN16B087			IN16B087		IN16B087	IN16B087
FBbt:20010150	adult IN16B088 neuron	manc	IN16B088			IN16B088			IN16B088
FBbt:20010151	adult IN16B089 neuron	manc	IN16B089			IN16B089		IN16B089	IN16B089
FBbt:20010152	adult IN16B090 neuron	manc	IN16B090			IN16B090		IN16B090	IN16B090
FBbt:20010153	adult IN16B091 neuron	manc	IN16B091			IN16B091		IN16B091	IN16B091
FBbt:20010154	adult IN16B092 neuron	manc	IN16B092			IN16B092		IN16B092	IN16B092
FBbt:20010155	adult IN16B093 neuron	manc	IN16B093			IN16B093		IN16B093	IN16B093
FBbt:20010156	adult IN16B094 neuron	manc	IN16B094			IN16B094		IN16B094	IN16B094
FBbt:20010157	adult IN16B095 neuron	manc	IN16B095			IN16B095		IN16B095	IN16B095
FBbt:20010158	adult IN16B096 neuron	manc	IN16B096			IN16B096		IN16B096	IN16B096
FBbt:20010159	adult IN16B097 neuron	manc	IN16B097			IN16B097		IN16B097	IN16B097
FBbt:20010160	adult IN16B098 neuron	manc	IN16B098			IN16B098		IN16B098	IN16B098
FBbt:20010161	adult IN16B099 neuron	manc	IN16B099			IN16B099		IN16B099	IN16B099
FBbt:20010162	adult IN16B100 neuron	manc	IN16B100			IN16B100		IN16B100_b|IN16B100_c|IN16B100_a	IN16B100
FBbt:20010163	adult IN16B101 neuron	manc	IN16B101			IN16B101		IN16B101	IN16B101
FBbt:20010164	adult IN16B102 neuron	manc	IN16B102			IN16B102			IN16B102
FBbt:20010165	adult IN16B103 neuron	manc	IN16B103			IN16B103			IN16B103
FBbt:20010166	adult IN16B104 neuron	manc	IN16B104			IN16B104		IN16B104	IN16B104
FBbt:20010167	adult IN16B105 neuron	manc	IN16B105			IN16B105		IN16B105	IN16B105
FBbt:20010168	adult IN16B106 neuron	manc	IN16B106			IN16B106		IN16B106	IN16B106
FBbt:20010169	adult IN16B107 neuron	manc	IN16B107			IN16B107		IN16B107	IN16B107
FBbt:20010170	adult IN16B108 neuron	manc	IN16B108			IN16B108		IN16B108	IN16B108
FBbt:20010171	adult IN16B109 neuron	manc	IN16B109			IN16B109			IN16B109
FBbt:20010172	adult IN16B110 neuron	manc	IN16B110			IN16B110			IN16B110
FBbt:20010173	adult IN16B111 neuron	manc	IN16B111			IN16B111		IN16B111	IN16B111
FBbt:20010174	adult IN16B113 neuron	manc	IN16B113			IN16B113		IN16B113	IN16B113
FBbt:20010175	adult IN16B114 neuron	manc	IN16B114			IN16B114		IN16B114	IN16B114
FBbt:20010176	adult IN16B115 neuron	manc	IN16B115			IN16B115		IN16B115	IN16B115
FBbt:20010177	adult IN16B117 neuron	manc	IN16B117			IN16B117		IN16B117	IN16B117
FBbt:20010178	adult IN16B118 neuron	manc	IN16B118			IN16B118		IN16B118	IN16B118
FBbt:20010179	adult IN16B119 neuron	manc	IN16B119			IN16B119		IN16B119	IN16B119
FBbt:20010180	adult IN16B120 neuron	manc	IN16B120			IN16B120		IN16B120	IN16B120
FBbt:20010181	adult IN16B121 neuron	manc	IN16B121			IN16B121		IN16B121	IN16B121
FBbt:20010182	adult IN16B122 neuron	manc	IN16B122			IN16B122		IN16B122	IN16B122
FBbt:20010183	adult IN16B123 neuron	manc	IN16B123			IN16B123		IN16B123	
FBbt:20010184	adult IN16B124 neuron	manc	IN16B124			IN16B124		IN16B124	IN16B124
FBbt:20010185	adult IN16B125 neuron	manc	IN16B125			IN16B125		IN16B125	IN16B125
FBbt:20010186	adult IN17A001 neuron	manc	IN17A001			IN17A001		IN17A001	IN17A001
FBbt:20010187	adult IN17A007 neuron	manc	IN17A007			IN17A007		IN17A007	IN17A007
FBbt:20010188	adult IN17A011 neuron	manc	IN17A011			IN17A011		IN17A011	IN17A011
FBbt:20010189	adult IN17A013 neuron	manc	IN17A013			IN17A013		IN17A013	IN17A013
FBbt:20010190	adult IN17A016 neuron	manc	IN17A016			IN17A016		IN17A016	IN17A016
FBbt:20010191	adult IN17A017 neuron	manc	IN17A017			IN17A017		IN17A017	IN17A017
FBbt:20010192	adult IN17A019 neuron	manc	IN17A019			IN17A019		IN17A019	IN17A019
FBbt:20010193	adult IN17A020 neuron	manc	IN17A020			IN17A020		IN17A020	IN17A020
FBbt:20010194	adult IN17A022 neuron	manc	IN17A022			IN17A022		IN17A022	IN17A022
FBbt:20010195	adult IN17A023 neuron	manc	IN17A023			IN17A023		IN17A023	IN17A023
FBbt:20010196	adult IN17A025 neuron	manc	IN17A025			IN17A025		IN17A025	IN17A025
FBbt:20010197	adult IN17A027 neuron	manc	IN17A027			IN17A027		IN17A027	IN17A027
FBbt:20010198	adult IN17A028 neuron	manc	IN17A028			IN17A028		IN17A028	IN17A028
FBbt:20010199	adult IN17A029 neuron	manc	IN17A029			IN17A029		IN17A029	IN17A029
FBbt:20010200	adult IN17A030 neuron	manc	IN17A030			IN17A030		IN17A030	IN17A030
FBbt:20010201	adult IN17A032 neuron	manc	IN17A032			IN17A032		IN17A032	IN17A032
FBbt:20010202	adult IN17A033 neuron	manc	IN17A033			IN17A033		IN17A033	IN17A033
FBbt:20010203	adult IN17A034 neuron	manc	IN17A034			IN17A034		IN17A034	IN17A034
FBbt:20010204	adult IN17A035 neuron	manc	IN17A035			IN17A035		IN17A035	IN17A035
FBbt:20010205	adult IN17A037 neuron	manc	IN17A037			IN17A037		IN17A037	
FBbt:20010206	adult IN17A039 neuron	manc	IN17A039			IN17A039		IN17A039	IN17A039
FBbt:20010207	adult IN17A040 neuron	manc	IN17A040			IN17A040		IN17A040	IN17A040
FBbt:20010208	adult IN17A041 neuron	manc	IN17A041			IN17A041		IN17A041	IN17A041
FBbt:20010209	adult IN17A042 neuron	manc	IN17A042			IN17A042		IN17A042	IN17A042
FBbt:20010210	adult IN17A043 neuron	manc	IN17A043			IN17A043			IN17A043
FBbt:20010211	adult IN17A044 neuron	manc	IN17A044			IN17A044		IN17A044	IN17A044
FBbt:20010212	adult IN17A045 neuron	manc	IN17A045			IN17A045		IN17A045	IN17A045
FBbt:20010213	adult IN17A046 neuron	manc	IN17A046			IN17A046			IN17A046
FBbt:20010214	adult IN17A048 neuron	manc	IN17A048			IN17A048		IN17A048	IN17A048
FBbt:20010215	adult IN17A049 neuron	manc	IN17A049			IN17A049		IN17A049	IN17A049
FBbt:20010216	adult IN17A051 neuron	manc	IN17A051			IN17A051		IN17A051	
FBbt:20010217	adult IN17A052 neuron	manc	IN17A052			IN17A052		IN17A052	IN17A052
FBbt:20010218	adult IN17A053 neuron	manc	IN17A053			IN17A053		IN17A053	
FBbt:20010219	adult IN17A055 neuron	manc	IN17A055			IN17A055		IN17A055	IN17A055
FBbt:20010220	adult IN17A056 neuron	manc	IN17A056			IN17A056		IN17A056	IN17A056
FBbt:20010221	adult IN17A057 neuron	manc	IN17A057			IN17A057		IN17A057	IN17A057
FBbt:20010222	adult IN17A058 neuron	manc	IN17A058			IN17A058		IN17A058	IN17A058
FBbt:20010223	adult IN17A059 neuron	manc	IN17A059			IN17A059			IN17A059
FBbt:20010224	adult IN17A060 neuron	manc	IN17A060			IN17A060		IN17A060	IN17A060
FBbt:20010225	adult IN17A061 neuron	manc	IN17A061			IN17A061		IN17A061	IN17A061
FBbt:20010226	adult IN17A063 neuron	manc	IN17A063			IN17A063			IN17A063
FBbt:20010227	adult IN17A064 neuron	manc	IN17A064			IN17A064		IN17A064	IN17A064
FBbt:20010228	adult IN17A065 neuron	manc	IN17A065			IN17A065		IN17A065	IN17A065
FBbt:20010229	adult IN17A066 neuron	manc	IN17A066			IN17A066		IN17A066	
FBbt:20010230	adult IN17A067 neuron	manc	IN17A067			IN17A067		IN17A067	IN17A067
FBbt:20010231	adult IN17A069 neuron	manc	IN17A069			IN17A069			IN17A069
FBbt:20010232	adult IN17A071 neuron	manc	IN17A071			IN17A071			IN17A071
FBbt:20010233	adult IN17A072 neuron	manc	IN17A072			IN17A072		IN17A072	IN17A072
FBbt:20010234	adult IN17A074 neuron	manc	IN17A074			IN17A074		IN17A074	IN17A074
FBbt:20010235	adult IN17A075 neuron	manc	IN17A075			IN17A075		IN17A075	
FBbt:20010236	adult IN17A077 neuron	manc	IN17A077			IN17A077		IN17A077	IN17A077
FBbt:20010237	adult IN17A078 neuron	manc	IN17A078			IN17A078		IN17A078	IN17A078
FBbt:20010238	adult IN17A079 neuron	manc	IN17A079			IN17A079		IN17A079	IN17A079
FBbt:20010239	adult IN17A080 neuron	manc	IN17A080			IN17A080			IN17A080
FBbt:20010240	adult IN17A081 neuron	manc	IN17A081			IN17A081			IN17A081
FBbt:20010241	adult IN17A082 neuron	manc	IN17A082			IN17A082			IN17A082
FBbt:20010242	adult IN17A083 neuron	manc	IN17A083			IN17A083			IN17A083
FBbt:20010243	adult IN17A084 neuron	manc	IN17A084			IN17A084		IN17A084	IN17A084
FBbt:20010244	adult IN17A085 neuron	manc	IN17A085			IN17A085		IN17A085	IN17A085
FBbt:20010245	adult IN17A086 neuron	manc	IN17A086			IN17A086			IN17A086
FBbt:20010246	adult IN17A087 neuron	manc	IN17A087			IN17A087		IN17A087	
FBbt:20010247	adult IN17A088 neuron	manc	IN17A088			IN17A088			IN17A088
FBbt:20010248	adult IN17A089 neuron	manc	IN17A089			IN17A089			IN17A089
FBbt:20010249	adult IN17A090 neuron	manc	IN17A090			IN17A090		IN17A090	IN17A090
FBbt:20010250	adult IN17A091 neuron	manc	IN17A091			IN17A091		IN17A091	IN17A091
FBbt:20010251	adult IN17A092 neuron	manc	IN17A092			IN17A092		IN17A092	
FBbt:20010252	adult IN17A093 neuron	manc	IN17A093			IN17A093		IN17A093	IN17A093
FBbt:20010253	adult IN17A094 neuron	manc	IN17A094			IN17A094		IN17A094	IN17A094
FBbt:20010254	adult IN17A095 neuron	manc	IN17A095			IN17A095		IN17A095	IN17A095
FBbt:20010255	adult IN17A096 neuron	manc	IN17A096			IN17A096		IN17A096	IN17A096
FBbt:20010256	adult IN17A097 neuron	manc	IN17A097			IN17A097		IN17A097	IN17A097
FBbt:20010257	adult IN17A098 neuron	manc	IN17A098			IN17A098		IN17A098	IN17A098
FBbt:20010258	adult IN17A099 neuron	manc	IN17A099			IN17A099		IN17A099	IN17A099
FBbt:20010259	adult IN17A100 neuron	manc	IN17A100			IN17A100		IN17A100	IN17A100
FBbt:20010260	adult IN17A101 neuron	manc	IN17A101			IN17A101		IN17A101	IN17A101
FBbt:20010261	adult IN17A102 neuron	manc	IN17A102			IN17A102		IN17A102	
FBbt:20010262	adult IN17A103 neuron	manc	IN17A103			IN17A103		IN17A103	IN17A103
FBbt:20010263	adult IN17A104 neuron	manc	IN17A104			IN17A104		IN17A104	IN17A104
FBbt:20010264	adult IN17A105 neuron	manc	IN17A105			IN17A105		IN17A105	IN17A105
FBbt:20010265	adult IN17A106 neuron	manc	IN17A106			IN17A106		IN17A106_a|IN17A106_b	IN17A106
FBbt:20010266	adult IN17A107 neuron	manc	IN17A107			IN17A107		IN17A107	IN17A107
FBbt:20010267	adult IN17A108 neuron	manc	IN17A108			IN17A108		IN17A108	IN17A108
FBbt:20010268	adult IN17A109 neuron	manc	IN17A109			IN17A109		IN17A109	IN17A109
FBbt:20010269	adult IN17A110 neuron	manc	IN17A110			IN17A110		IN17A110	IN17A110
FBbt:20010270	adult IN17A111 neuron	manc	IN17A111			IN17A111		IN17A111	IN17A111
FBbt:20010271	adult IN17A113 neuron	manc	IN17A113			IN17A113		IN17A113	IN17A113
FBbt:20010272	adult IN17A114 neuron	manc	IN17A114			IN17A114		IN17A114	IN17A114
FBbt:20010273	adult IN17A115 neuron	manc	IN17A115			IN17A115		IN17A115	IN17A115
FBbt:20010274	adult IN17A116 neuron	manc	IN17A116			IN17A116		IN17A116	IN17A116
FBbt:20010275	adult IN17A117 neuron	manc	IN17A117			IN17A117			IN17A117
FBbt:20010276	adult IN17A118 neuron	manc	IN17A118			IN17A118		IN17A118	IN17A118
FBbt:20010277	adult IN17A119 neuron	manc	IN17A119			IN17A119		IN17A119	IN17A119
FBbt:20010278	adult IN17A120 neuron	manc	IN17A120			IN17A120			IN17A120
FBbt:20010279	adult IN17B001 neuron	manc	IN17B001			IN17B001		IN17B001	IN17B001
FBbt:20010280	adult IN17B003 neuron	manc	IN17B003			IN17B003		IN17B003	IN17B003
FBbt:20010281	adult IN17B004 neuron	manc	IN17B004			IN17B004		IN17B004	IN17B004
FBbt:20010282	adult IN17B006 neuron	manc	IN17B006			IN17B006		IN17B006	IN17B006
FBbt:20010283	adult IN17B008 neuron	manc	IN17B008			IN17B008		IN17B008	IN17B008
FBbt:20010284	adult IN17B010 neuron	manc	IN17B010			IN17B010		IN17B010	IN17B010
FBbt:20010285	adult IN17B014 neuron	manc	IN17B014			IN17B014		IN17B014	IN17B014
FBbt:20010286	adult IN17B015 neuron	manc	IN17B015			IN17B015		IN17B015	IN17B015
FBbt:20010287	adult IN18B005 neuron	manc	IN18B005			IN18B005		IN18B005	IN18B005
FBbt:20010288	adult IN18B006 neuron	manc	IN18B006			IN18B006		IN18B006	IN18B006
FBbt:20010289	adult IN18B008 neuron	manc	IN18B008			IN18B008		IN18B008	IN18B008
FBbt:20010290	adult IN18B009 neuron	manc	IN18B009			IN18B009		IN18B009	
FBbt:20010291	adult IN18B011 neuron	manc	IN18B011			IN18B011		IN18B011	IN18B011
FBbt:20010292	adult IN18B012 neuron	manc	IN18B012			IN18B012		IN18B012	IN18B012
FBbt:20010293	adult IN18B013 neuron	manc	IN18B013			IN18B013		IN18B013	IN18B013
FBbt:20010294	adult IN18B014 neuron	manc	IN18B014			IN18B014		IN18B014	IN18B014
FBbt:20010295	adult IN18B015 neuron	manc	IN18B015			IN18B015		IN18B015	IN18B015
FBbt:20010296	adult IN18B016 neuron	manc	IN18B016			IN18B016		IN18B016	IN18B016
FBbt:20010297	adult IN18B017 neuron	manc	IN18B017			IN18B017		IN18B017	IN18B017
FBbt:20010298	adult IN18B018 neuron	manc	IN18B018			IN18B018		IN18B018	IN18B018
FBbt:20010299	adult IN18B020 neuron	manc	IN18B020			IN18B020		IN18B020	IN18B020
FBbt:20010300	adult IN18B021 neuron	manc	IN18B021			IN18B021		IN18B021	IN18B021
FBbt:20010301	adult IN18B026 neuron	manc	IN18B026			IN18B026		IN18B026	IN18B026
FBbt:20010302	adult IN18B027 neuron	manc	IN18B027			IN18B027		IN18B027	IN18B027
FBbt:20010303	adult IN18B028 neuron	manc	IN18B028			IN18B028		IN18B028	IN18B028
FBbt:20010304	adult IN18B029 neuron	manc	IN18B029			IN18B029		IN18B029	
FBbt:20010305	adult IN18B032 neuron	manc	IN18B032			IN18B032		IN18B032	IN18B032
FBbt:20010306	adult IN18B033 neuron	manc	IN18B033			IN18B033		IN18B033	IN18B033
FBbt:20010307	adult IN18B034 neuron	manc	IN18B034			IN18B034		IN18B034	IN18B034
FBbt:20010308	adult IN18B035 neuron	manc	IN18B035			IN18B035		IN18B035	IN18B035
FBbt:20010309	adult IN18B036 neuron	manc	IN18B036			IN18B036		IN18B036	IN18B036
FBbt:20010310	adult IN18B037 neuron	manc	IN18B037			IN18B037		IN18B037	IN18B037
FBbt:20010311	adult IN18B038 neuron	manc	IN18B038			IN18B038		IN18B038	IN18B038
FBbt:20010312	adult IN18B039 neuron	manc	IN18B039			IN18B039		IN18B039	IN18B039
FBbt:20010313	adult IN18B040 neuron	manc	IN18B040			IN18B040		IN18B040	IN18B040
FBbt:20010314	adult IN18B041 neuron	manc	IN18B041			IN18B041		IN18B041	IN18B041
FBbt:20010315	adult IN18B042 neuron	manc	IN18B042			IN18B042		IN18B042	IN18B042
FBbt:20010316	adult IN18B043 neuron	manc	IN18B043			IN18B043		IN18B043	IN18B043
FBbt:20010317	adult IN18B044 neuron	manc	IN18B044			IN18B044		IN18B044	IN18B044
FBbt:20010318	adult IN18B045 neuron	manc	IN18B045			IN18B045		IN18B045_a|IN18B045_b|IN18B045_c	IN18B045
FBbt:20010319	adult IN18B046 neuron	manc	IN18B046			IN18B046		IN18B046	IN18B046
FBbt:20010320	adult IN18B047 neuron	manc	IN18B047			IN18B047		IN18B047	IN18B047
FBbt:20010321	adult IN18B048 neuron	manc	IN18B048			IN18B048		IN18B048	IN18B048
FBbt:20010322	adult IN18B049 neuron	manc	IN18B049			IN18B049		IN18B049	IN18B049
FBbt:20010323	adult IN18B050 neuron	manc	IN18B050			IN18B050		IN18B050	IN18B050
FBbt:20010324	adult IN18B051 neuron	manc	IN18B051			IN18B051		IN18B051	IN18B051
FBbt:20010325	adult IN18B052 neuron	manc	IN18B052			IN18B052		IN18B052	IN18B052
FBbt:20010326	adult IN18B054 neuron	manc	IN18B054			IN18B054		IN18B054	IN18B054
FBbt:20010327	adult IN18B055 neuron	manc	IN18B055			IN18B055		IN18B055	IN18B055
FBbt:20010328	adult IN18B056 neuron	manc	IN18B056			IN18B056		IN18B056	
FBbt:20010329	adult IN19A001 neuron	manc	IN19A001			IN19A001		IN19A001	IN19A001
FBbt:20010330	adult IN19A002 neuron	manc	IN19A002			IN19A002		IN19A002	IN19A002
FBbt:20010331	adult IN19A003 neuron	manc	IN19A003			IN19A003		IN19A003	IN19A003
FBbt:20010332	adult IN19A004 neuron	manc	IN19A004			IN19A004		IN19A004	IN19A004
FBbt:20010333	adult IN19A005 neuron	manc	IN19A005			IN19A005		IN19A005	IN19A005
FBbt:20010334	adult IN19A006 neuron	manc	IN19A006			IN19A006		IN19A006	IN19A006
FBbt:20010335	adult IN19A007 neuron	manc	IN19A007			IN19A007		IN19A007	IN19A007
FBbt:20010336	adult IN19A008 neuron	manc	IN19A008			IN19A008		IN19A008	IN19A008
FBbt:20010337	adult IN19A009 neuron	manc	IN19A009			IN19A009		IN19A009	IN19A009
FBbt:20010338	adult IN19A010 neuron	manc	IN19A010			IN19A010		IN19A010	IN19A010
FBbt:20010339	adult IN19A011 neuron	manc	IN19A011			IN19A011		IN19A011	IN19A011
FBbt:20010340	adult IN19A012 neuron	manc	IN19A012			IN19A012		IN19A012	IN19A012
FBbt:20010341	adult IN19A013 neuron	manc	IN19A013			IN19A013		IN19A013	IN19A013
FBbt:20010342	adult IN19A014 neuron	manc	IN19A014			IN19A014		IN19A014	IN19A014
FBbt:20010343	adult IN19A015 neuron	manc	IN19A015			IN19A015		IN19A015	IN19A015
FBbt:20010344	adult IN19A016 neuron	manc	IN19A016			IN19A016		IN19A016	IN19A016
FBbt:20010345	adult IN19A017 neuron	manc	IN19A017			IN19A017		IN19A017	IN19A017
FBbt:20010346	adult IN19A019 neuron	manc	IN19A019			IN19A019		IN19A019	IN19A019
FBbt:20010347	adult IN19A020 neuron	manc	IN19A020			IN19A020		IN19A020	IN19A020
FBbt:20010348	adult IN19A021 neuron	manc	IN19A021			IN19A021		IN19A021	IN19A021
FBbt:20010349	adult IN19A022 neuron	manc	IN19A022			IN19A022		IN19A022	IN19A022
FBbt:20010350	adult IN19A024 neuron	manc	IN19A024			IN19A024		IN19A024	IN19A024
FBbt:20010351	adult IN19A026 neuron	manc	IN19A026			IN19A026		IN19A026	IN19A026
FBbt:20010352	adult IN19A027 neuron	manc	IN19A027			IN19A027		IN19A027	IN19A027
FBbt:20010353	adult IN19A028 neuron	manc	IN19A028			IN19A028		IN19A028	IN19A028
FBbt:20010354	adult IN19A029 neuron	manc	IN19A029			IN19A029		IN19A029	IN19A029
FBbt:20010355	adult IN19A030 neuron	manc	IN19A030			IN19A030		IN19A030	IN19A030
FBbt:20010356	adult IN19A031 neuron	manc	IN19A031			IN19A031		IN19A031	IN19A031
FBbt:20010357	adult IN19A032 neuron	manc	IN19A032			IN19A032		IN19A032	IN19A032
FBbt:20010358	adult IN19A033 neuron	manc	IN19A033			IN19A033		IN19A033	IN19A033
FBbt:20010359	adult IN19A034 neuron	manc	IN19A034			IN19A034		IN19A034	IN19A034
FBbt:20010360	adult IN19A036 neuron	manc	IN19A036			IN19A036		IN19A036	IN19A036
FBbt:20010361	adult IN19A037 neuron	manc	IN19A037			IN19A037		IN19A037	IN19A037
FBbt:20010362	adult IN19A040 neuron	manc	IN19A040			IN19A040		IN19A040	IN19A040
FBbt:20010363	adult IN19A041 neuron	manc	IN19A041			IN19A041		IN19A041	IN19A041
FBbt:20010364	adult IN19A042 neuron	manc	IN19A042			IN19A042		IN19A042	IN19A042
FBbt:20010365	adult IN19A043 neuron	manc	IN19A043			IN19A043		IN19A043	IN19A043
FBbt:20010366	adult IN19A044 neuron	manc	IN19A044			IN19A044		IN19A044	IN19A044
FBbt:20010367	adult IN19A045 neuron	manc	IN19A045			IN19A045		IN19A045	IN19A045
FBbt:20010368	adult IN19A046 neuron	manc	IN19A046			IN19A046		IN19A046	IN19A046
FBbt:20010369	adult IN19A047 neuron	manc	IN19A047			IN19A047		IN19A047	IN19A047
FBbt:20010370	adult IN19A048 neuron	manc	IN19A048			IN19A048		IN19A048	IN19A048
FBbt:20010371	adult IN19A049 neuron	manc	IN19A049			IN19A049		IN19A049	IN19A049
FBbt:20010372	adult IN19A050 neuron	manc	IN19A050			IN19A050			IN19A050
FBbt:20010373	adult IN19A051 neuron	manc	IN19A051			IN19A051			IN19A051
FBbt:20010374	adult IN19A052 neuron	manc	IN19A052			IN19A052		IN19A052	IN19A052
FBbt:20010375	adult IN19A053 neuron	manc	IN19A053			IN19A053			IN19A053
FBbt:20010376	adult IN19A054 neuron	manc	IN19A054			IN19A054		IN19A054	IN19A054
FBbt:20010377	adult IN19A055 neuron	manc	IN19A055			IN19A055			IN19A055
FBbt:20010378	adult IN19A056 neuron	manc	IN19A056			IN19A056		IN19A056	IN19A056
FBbt:20010379	adult IN19A057 neuron	manc	IN19A057			IN19A057		IN19A057	IN19A057
FBbt:20010380	adult IN19A058 neuron	manc	IN19A058			IN19A058			IN19A058
FBbt:20010381	adult IN19A059 neuron	manc	IN19A059			IN19A059		IN19A059	IN19A059
FBbt:20010382	adult IN19A060 neuron	manc	IN19A060			IN19A060		IN19A060_d|IN19A060_a|IN19A060_c|IN19A060_b|IN19A060_e|IN19A060	IN19A060
FBbt:20010383	adult IN19A061 neuron	manc	IN19A061			IN19A061		IN19A061	IN19A061
FBbt:20010384	adult IN19A062 neuron	manc	IN19A062			IN19A062			IN19A062
FBbt:20010385	adult IN19A063 neuron	manc	IN19A063			IN19A063			IN19A063
FBbt:20010386	adult IN19A064 neuron	manc	IN19A064			IN19A064		IN19A064	IN19A064
FBbt:20010387	adult IN19A065 neuron	manc	IN19A065			IN19A065		IN19A065	IN19A065
FBbt:20010388	adult IN19A067 neuron	manc	IN19A067			IN19A067		IN19A067	IN19A067
FBbt:20010389	adult IN19A068 neuron	manc	IN19A068			IN19A068			IN19A068
FBbt:20010390	adult IN19A069 neuron	manc	IN19A069			IN19A069		IN19A069_b|IN19A069_a|IN19A069_c	IN19A069
FBbt:20010391	adult IN19A070 neuron	manc	IN19A070			IN19A070		IN19A070	IN19A070
FBbt:20010392	adult IN19A071 neuron	manc	IN19A071			IN19A071		IN19A071	IN19A071
FBbt:20010393	adult IN19A072 neuron	manc	IN19A072			IN19A072		IN19A072	IN19A072
FBbt:20010394	adult IN19A073 neuron	manc	IN19A073			IN19A073		IN19A073	IN19A073
FBbt:20010395	adult IN19A074 neuron	manc	IN19A074			IN19A074		IN19A074	IN19A074
FBbt:20010396	adult IN19A076 neuron	manc	IN19A076			IN19A076		IN19A076	IN19A076
FBbt:20010397	adult IN19A077 neuron	manc	IN19A077			IN19A077			
FBbt:20010398	adult IN19A079 neuron	manc	IN19A079			IN19A079		IN19A079	IN19A079
FBbt:20010399	adult IN19A080 neuron	manc	IN19A080			IN19A080		IN19A080	IN19A080
FBbt:20010400	adult IN19A081 neuron	manc	IN19A081			IN19A081			IN19A081
FBbt:20010401	adult IN19A082 neuron	manc	IN19A082			IN19A082		IN19A082	IN19A082
FBbt:20010402	adult IN19A083 neuron	manc	IN19A083			IN19A083		IN19A083	IN19A083
FBbt:20010403	adult IN19A084 neuron	manc	IN19A084			IN19A084		IN19A084	IN19A084
FBbt:20010404	adult IN19A085 neuron	manc	IN19A085			IN19A085		IN19A085	IN19A085
FBbt:20010405	adult IN19A086 neuron	manc	IN19A086			IN19A086		IN19A086	IN19A086
FBbt:20010406	adult IN19A087 neuron	manc	IN19A087			IN19A087		IN19A087	IN19A087
FBbt:20010407	adult IN19A088 neuron	manc	IN19A088			IN19A088		IN19A088_c|IN19A088_b|IN19A088_d|IN19A088_a|IN19A088_e	IN19A088
FBbt:20010408	adult IN19A089 neuron	manc	IN19A089			IN19A089			IN19A089
FBbt:20010409	adult IN19A090 neuron	manc	IN19A090			IN19A090		IN19A090	IN19A090
FBbt:20010410	adult IN19A091 neuron	manc	IN19A091			IN19A091		IN19A091	IN19A091
FBbt:20010411	adult IN19A092 neuron	manc	IN19A092			IN19A092			
FBbt:20010412	adult IN19A093 neuron	manc	IN19A093			IN19A093		IN19A093	IN19A093
FBbt:20010413	adult IN19A094 neuron	manc	IN19A094			IN19A094		IN19A094	IN19A094
FBbt:20010414	adult IN19A095 neuron	manc	IN19A095			IN19A095			IN19A095
FBbt:20010415	adult IN19A096 neuron	manc	IN19A096			IN19A096		IN19A096	IN19A096
FBbt:20010416	adult IN19A098 neuron	manc	IN19A098			IN19A098		IN19A098	IN19A098
FBbt:20010417	adult IN19A099 neuron	manc	IN19A099			IN19A099		IN19A099	IN19A099
FBbt:20010418	adult IN19A100 neuron	manc	IN19A100			IN19A100		IN19A100	IN19A100
FBbt:20010419	adult IN19A101 neuron	manc	IN19A101			IN19A101		IN19A101	IN19A101
FBbt:20010420	adult IN19A102 neuron	manc	IN19A102			IN19A102		IN19A102	IN19A102
FBbt:20010421	adult IN19A103 neuron	manc	IN19A103			IN19A103		IN19A103	IN19A103
FBbt:20010422	adult IN19A104 neuron	manc	IN19A104			IN19A104		IN19A104	IN19A104
FBbt:20010423	adult IN19A105 neuron	manc	IN19A105			IN19A105		IN19A105	IN19A105
FBbt:20010424	adult IN19A106 neuron	manc	IN19A106			IN19A106		IN19A106	IN19A106
FBbt:20010425	adult IN19A107 neuron	manc	IN19A107			IN19A107			IN19A107
FBbt:20010426	adult IN19A108 neuron	manc	IN19A108			IN19A108		IN19A108	IN19A108
FBbt:20010427	adult IN19A109 neuron	manc	IN19A109			IN19A109		IN19A109_b|IN19A109_a	IN19A109
FBbt:20010428	adult IN19A110 neuron	manc	IN19A110			IN19A110		IN19A110	IN19A110
FBbt:20010429	adult IN19A111 neuron	manc	IN19A111			IN19A111		IN19A111	IN19A111
FBbt:20010430	adult IN19A112 neuron	manc	IN19A112			IN19A112		IN19A112	IN19A112
FBbt:20010431	adult IN19A113 neuron	manc	IN19A113			IN19A113		IN19A113	IN19A113
FBbt:20010432	adult IN19A114 neuron	manc	IN19A114			IN19A114		IN19A114	IN19A114
FBbt:20010433	adult IN19A115 neuron	manc	IN19A115			IN19A115		IN19A115	IN19A115
FBbt:20010434	adult IN19A116 neuron	manc	IN19A116			IN19A116			IN19A116
FBbt:20010435	adult IN19A117 neuron	manc	IN19A117			IN19A117		IN19A117	IN19A117
FBbt:20010436	adult IN19A118 neuron	manc	IN19A118			IN19A118		IN19A118	IN19A118
FBbt:20010437	adult IN19A119 neuron	manc	IN19A119			IN19A119			
FBbt:20010438	adult IN19A120 neuron	manc	IN19A120			IN19A120		IN19A120	IN19A120
FBbt:20010439	adult IN19A121 neuron	manc	IN19A121			IN19A121		IN19A121	IN19A121
FBbt:20010440	adult IN19A122 neuron	manc	IN19A122			IN19A122			IN19A122
FBbt:20010441	adult IN19A123 neuron	manc	IN19A123			IN19A123		IN19A123	IN19A123
FBbt:20010442	adult IN19A124 neuron	manc	IN19A124			IN19A124		IN19A124	IN19A124
FBbt:20010443	adult IN19A125 neuron	manc	IN19A125			IN19A125			
FBbt:20010444	adult IN19A126 neuron	manc	IN19A126			IN19A126		IN19A126	IN19A126
FBbt:20010445	adult IN19A127 neuron	manc	IN19A127			IN19A127			IN19A127
FBbt:20010446	adult IN19A128 neuron	manc	IN19A128			IN19A128			
FBbt:20010447	adult IN19A129 neuron	manc	IN19A129			IN19A129		IN19A129	IN19A129
FBbt:20010448	adult IN19A130 neuron	manc	IN19A130			IN19A130			IN19A130
FBbt:20010449	adult IN19A131 neuron	manc	IN19A131			IN19A131			IN19A131
FBbt:20010450	adult IN19A132 neuron	manc	IN19A132			IN19A132			IN19A132
FBbt:20010451	adult IN19A133 neuron	manc	IN19A133			IN19A133		IN19A133	IN19A133
FBbt:20010452	adult IN19A134 neuron	manc	IN19A134			IN19A134			
FBbt:20010453	adult IN19A135 neuron	manc	IN19A135			IN19A135		IN19A135	IN19A135
FBbt:20010454	adult IN19A136 neuron	manc	IN19A136			IN19A136			IN19A136
FBbt:20010455	adult IN19A137 neuron	manc	IN19A137			IN19A137			
FBbt:20010456	adult IN19A138 neuron	manc	IN19A138			IN19A138			
FBbt:20010457	adult IN19A139 neuron	manc	IN19A139			IN19A139			
FBbt:20010458	adult IN19A140 neuron	manc	IN19A140			IN19A140			
FBbt:20010459	adult IN19A141 neuron	manc	IN19A141			IN19A141			
FBbt:20010460	adult IN19A142 neuron	manc	IN19A142			IN19A142		IN19A142	IN19A142
FBbt:20010461	adult IN19B002 neuron	manc	IN19B002			IN19B002		IN19B002	IN19B002
FBbt:20010462	adult IN19B003 neuron	manc	IN19B003			IN19B003		IN19B003	IN19B003
FBbt:20010463	adult IN19B004 neuron	manc	IN19B004			IN19B004		IN19B004	IN19B004
FBbt:20010464	adult IN19B005 neuron	manc	IN19B005			IN19B005		IN19B005	IN19B005
FBbt:20010465	adult IN19B007 neuron	manc	IN19B007			IN19B007		IN19B007	IN19B007
FBbt:20010466	adult IN19B008 neuron	manc	IN19B008			IN19B008		IN19B008	IN19B008
FBbt:20010467	adult IN19B011 neuron	manc	IN19B011			IN19B011		IN19B011	IN19B011
FBbt:20010468	adult IN19B012 neuron	manc	IN19B012			IN19B012		IN19B012	IN19B012
FBbt:20010469	adult IN19B013 neuron	manc	IN19B013			IN19B013		IN19B013	IN19B013
FBbt:20010470	adult IN19B015 neuron	manc	IN19B015			IN19B015		IN19B015	IN19B015
FBbt:20010471	adult IN19B016 neuron	manc	IN19B016			IN19B016		IN19B016	IN19B016
FBbt:20010472	adult IN19B020 neuron	manc	IN19B020			IN19B020		IN19B020	IN19B020
FBbt:20010473	adult IN19B021 neuron	manc	IN19B021			IN19B021		IN19B021	IN19B021
FBbt:20010474	adult IN19B023 neuron	manc	IN19B023			IN19B023		IN19B023	IN19B023
FBbt:20010475	adult IN19B027 neuron	manc	IN19B027			IN19B027		IN19B027	IN19B027
FBbt:20010476	adult IN19B029 neuron	manc	IN19B029			IN19B029			
FBbt:20010477	adult IN19B030 neuron	manc	IN19B030			IN19B030		IN19B030	IN19B030
FBbt:20010478	adult IN19B031 neuron	manc	IN19B031			IN19B031		IN19B031	IN19B031
FBbt:20010479	adult IN19B033 neuron	manc	IN19B033			IN19B033		IN19B033	IN19B033
FBbt:20010480	adult IN19B034 neuron	manc	IN19B034			IN19B034		IN19B034	IN19B034
FBbt:20010481	adult IN19B035 neuron	manc	IN19B035			IN19B035		IN19B035	IN19B035
FBbt:20010482	adult IN19B037 neuron	manc	IN19B037			IN19B037		IN19B037	IN19B037
FBbt:20010483	adult IN19B038 neuron	manc	IN19B038			IN19B038		IN19B038	IN19B038
FBbt:20010484	adult IN19B040 neuron	manc	IN19B040			IN19B040		IN19B040	IN19B040
FBbt:20010485	adult IN19B041 neuron	manc	IN19B041			IN19B041		IN19B041	IN19B041
FBbt:20010486	adult IN19B043 neuron	manc	IN19B043			IN19B043		IN19B043	IN19B043
FBbt:20010487	adult IN19B045 neuron	manc	IN19B045			IN19B045		IN19B045	IN19B045
FBbt:20010488	adult IN19B047 neuron	manc	IN19B047			IN19B047		IN19B047	IN19B047
FBbt:20010489	adult IN19B048 neuron	manc	IN19B048			IN19B048		IN19B048	IN19B048
FBbt:20010490	adult IN19B050 neuron	manc	IN19B050			IN19B050		IN19B050	IN19B050
FBbt:20010491	adult IN19B052 neuron	manc	IN19B052			IN19B052			IN19B052
FBbt:20010492	adult IN19B053 neuron	manc	IN19B053			IN19B053		IN19B053	IN19B053
FBbt:20010493	adult IN19B054 neuron	manc	IN19B054			IN19B054		IN19B054	IN19B054
FBbt:20010494	adult IN19B055 neuron	manc	IN19B055			IN19B055		IN19B055	IN19B055
FBbt:20010495	adult IN19B056 neuron	manc	IN19B056			IN19B056		IN19B056	IN19B056
FBbt:20010496	adult IN19B057 neuron	manc	IN19B057			IN19B057		IN19B057	IN19B057
FBbt:20010497	adult IN19B058 neuron	manc	IN19B058			IN19B058		IN19B058	IN19B058
FBbt:20010498	adult IN19B062 neuron	manc	IN19B062			IN19B062		IN19B062	IN19B062
FBbt:20010499	adult IN19B064 neuron	manc	IN19B064			IN19B064		IN19B064	IN19B064
FBbt:20010500	adult IN19B066 neuron	manc	IN19B066			IN19B066		IN19B066	IN19B066
FBbt:20010501	adult IN19B067 neuron	manc	IN19B067			IN19B067		IN19B067	IN19B067
FBbt:20010502	adult IN19B068 neuron	manc	IN19B068			IN19B068		IN19B068	IN19B068
FBbt:20010503	adult IN19B069 neuron	manc	IN19B069			IN19B069		IN19B069	IN19B069
FBbt:20010504	adult IN19B070 neuron	manc	IN19B070			IN19B070		IN19B070	IN19B070
FBbt:20010505	adult IN19B071 neuron	manc	IN19B071			IN19B071		IN19B071	IN19B071
FBbt:20010506	adult IN19B072 neuron	manc	IN19B072			IN19B072		IN19B072	IN19B072
FBbt:20010507	adult IN19B073 neuron	manc	IN19B073			IN19B073		IN19B073	IN19B073
FBbt:20010508	adult IN19B075 neuron	manc	IN19B075			IN19B075		IN19B075	IN19B075
FBbt:20010509	adult IN19B077 neuron	manc	IN19B077			IN19B077		IN19B077	IN19B077
FBbt:20010510	adult IN19B078 neuron	manc	IN19B078			IN19B078		IN19B078	
FBbt:20010511	adult IN19B080 neuron	manc	IN19B080			IN19B080		IN19B080	IN19B080
FBbt:20010512	adult IN19B081 neuron	manc	IN19B081			IN19B081		IN19B081	IN19B081
FBbt:20010513	adult IN19B082 neuron	manc	IN19B082			IN19B082		IN19B082	IN19B082
FBbt:20010514	adult IN19B083 neuron	manc	IN19B083			IN19B083		IN19B083	IN19B083
FBbt:20010515	adult IN19B084 neuron	manc	IN19B084			IN19B084		IN19B084	IN19B084
FBbt:20010516	adult IN19B085 neuron	manc	IN19B085			IN19B085		IN19B085	IN19B085
FBbt:20010517	adult IN19B086 neuron	manc	IN19B086			IN19B086		IN19B086	IN19B086
FBbt:20010518	adult IN19B087 neuron	manc	IN19B087			IN19B087		IN19B087	IN19B087
FBbt:20010519	adult IN19B088 neuron	manc	IN19B088			IN19B088		IN19B088	IN19B088
FBbt:20010520	adult IN19B089 neuron	manc	IN19B089			IN19B089		IN19B089	IN19B089
FBbt:20010521	adult IN19B090 neuron	manc	IN19B090			IN19B090		IN19B090	IN19B090
FBbt:20010522	adult IN19B091 neuron	manc	IN19B091			IN19B091		IN19B091	IN19B091
FBbt:20010523	adult IN19B092 neuron	manc	IN19B092			IN19B092		IN19B092	IN19B092
FBbt:20010524	adult IN19B094 neuron	manc	IN19B094			IN19B094		IN19B094	IN19B094
FBbt:20010525	adult IN19B095 neuron	manc	IN19B095			IN19B095		IN19B095	IN19B095
FBbt:20010526	adult IN19B096 neuron	manc	IN19B096			IN19B096			IN19B096
FBbt:20010527	adult IN19B097 neuron	manc	IN19B097			IN19B097		IN19B097	IN19B097
FBbt:20010528	adult IN19B103 neuron	manc	IN19B103			IN19B103		IN19B103	IN19B103
FBbt:20010529	adult IN19B105 neuron	manc	IN19B105			IN19B105		IN19B105	IN19B105
FBbt:20010530	adult IN20A.22A001 neuron	manc	IN20A.22A001			IN20A.22A001		IN20A.22A001	IN20A.22A001
FBbt:20010531	adult IN20A.22A002 neuron	manc	IN20A.22A002			IN20A.22A002		IN20A.22A002	IN20A.22A002
FBbt:20010532	adult IN20A.22A003 neuron	manc	IN20A.22A003			IN20A.22A003		IN20A.22A003	IN20A.22A003
FBbt:20010533	adult IN20A.22A004 neuron	manc	IN20A.22A004			IN20A.22A004		IN20A.22A004	IN20A.22A004
FBbt:20010534	adult IN20A.22A005 neuron	manc	IN20A.22A005			IN20A.22A005		IN20A.22A005	IN20A.22A005
FBbt:20010535	adult IN20A.22A006 neuron	manc	IN20A.22A006			IN20A.22A006		IN20A.22A006	IN20A.22A006
FBbt:20010536	adult IN20A.22A007 neuron	manc	IN20A.22A007			IN20A.22A007		IN20A.22A007	IN20A.22A007
FBbt:20010537	adult IN20A.22A008 neuron	manc	IN20A.22A008			IN20A.22A008		IN20A.22A008	IN20A.22A008
FBbt:20010538	adult IN20A.22A009 neuron	manc	IN20A.22A009			IN20A.22A009		IN20A.22A009	IN20A.22A009
FBbt:20010539	adult IN20A.22A010 neuron	manc	IN20A.22A010			IN20A.22A010		IN20A.22A010	IN20A.22A010
FBbt:20010540	adult IN20A.22A011 neuron	manc	IN20A.22A011			IN20A.22A011		IN20A.22A011	IN20A.22A011
FBbt:20010541	adult IN20A.22A012 neuron	manc	IN20A.22A012			IN20A.22A012		IN20A.22A012	
FBbt:20010542	adult IN20A.22A013 neuron	manc	IN20A.22A013			IN20A.22A013		IN20A.22A013	
FBbt:20010543	adult IN20A.22A015 neuron	manc	IN20A.22A015			IN20A.22A015		IN20A.22A015	IN20A.22A015
FBbt:20010544	adult IN20A.22A016 neuron	manc	IN20A.22A016			IN20A.22A016		IN20A.22A016	IN20A.22A016
FBbt:20010545	adult IN20A.22A017 neuron	manc	IN20A.22A017			IN20A.22A017		IN20A.22A017	IN20A.22A017
FBbt:20010546	adult IN20A.22A018 neuron	manc	IN20A.22A018			IN20A.22A018		IN20A.22A018	IN20A.22A018
FBbt:20010547	adult IN20A.22A019 neuron	manc	IN20A.22A019			IN20A.22A019		IN20A.22A019	IN20A.22A019
FBbt:20010548	adult IN20A.22A021 neuron	manc	IN20A.22A021			IN20A.22A021		IN20A.22A021	IN20A.22A021
FBbt:20010549	adult IN20A.22A022 neuron	manc	IN20A.22A022			IN20A.22A022		IN20A.22A022	IN20A.22A022
FBbt:20010550	adult IN20A.22A023 neuron	manc	IN20A.22A023			IN20A.22A023		IN20A.22A023	IN20A.22A023
FBbt:20010551	adult IN20A.22A024 neuron	manc	IN20A.22A024			IN20A.22A024		IN20A.22A024	IN20A.22A024
FBbt:20010552	adult IN20A.22A025 neuron	manc	IN20A.22A025			IN20A.22A025			IN20A.22A025
FBbt:20010553	adult IN20A.22A026 neuron	manc	IN20A.22A026			IN20A.22A026		IN20A.22A026	IN20A.22A026
FBbt:20010554	adult IN20A.22A027 neuron	manc	IN20A.22A027			IN20A.22A027		IN20A.22A027	IN20A.22A027
FBbt:20010555	adult IN20A.22A028 neuron	manc	IN20A.22A028			IN20A.22A028		IN20A.22A028	IN20A.22A028
FBbt:20010556	adult IN20A.22A029 neuron	manc	IN20A.22A029			IN20A.22A029		IN20A.22A029	IN20A.22A029
FBbt:20010557	adult IN20A.22A030 neuron	manc	IN20A.22A030			IN20A.22A030		IN20A.22A030	IN20A.22A030
FBbt:20010558	adult IN20A.22A032 neuron	manc	IN20A.22A032			IN20A.22A032			IN20A.22A032
FBbt:20010559	adult IN20A.22A033 neuron	manc	IN20A.22A033			IN20A.22A033		IN20A.22A033	IN20A.22A033
FBbt:20010560	adult IN20A.22A034 neuron	manc	IN20A.22A034			IN20A.22A034			
FBbt:20010561	adult IN20A.22A035 neuron	manc	IN20A.22A035			IN20A.22A035		IN20A.22A035	IN20A.22A035
FBbt:20010562	adult IN20A.22A036 neuron	manc	IN20A.22A036			IN20A.22A036		IN20A.22A036	IN20A.22A036
FBbt:20010563	adult IN20A.22A037 neuron	manc	IN20A.22A037			IN20A.22A037		IN20A.22A037	IN20A.22A037
FBbt:20010564	adult IN20A.22A038 neuron	manc	IN20A.22A038			IN20A.22A038		IN20A.22A038	IN20A.22A038
FBbt:20010565	adult IN20A.22A039 neuron	manc	IN20A.22A039			IN20A.22A039		IN20A.22A039	IN20A.22A039
FBbt:20010566	adult IN20A.22A040 neuron	manc	IN20A.22A040			IN20A.22A040		IN20A.22A040	IN20A.22A040
FBbt:20010567	adult IN20A.22A041 neuron	manc	IN20A.22A041			IN20A.22A041		IN20A.22A041	IN20A.22A041
FBbt:20010568	adult IN20A.22A042 neuron	manc	IN20A.22A042			IN20A.22A042		IN20A.22A042	IN20A.22A042
FBbt:20010569	adult IN20A.22A043 neuron	manc	IN20A.22A043			IN20A.22A043		IN20A.22A043	IN20A.22A043
FBbt:20010570	adult IN20A.22A044 neuron	manc	IN20A.22A044			IN20A.22A044		IN20A.22A044	IN20A.22A044
FBbt:20010571	adult IN20A.22A045 neuron	manc	IN20A.22A045			IN20A.22A045		IN20A.22A045	IN20A.22A045
FBbt:20010572	adult IN20A.22A046 neuron	manc	IN20A.22A046			IN20A.22A046		IN20A.22A046	IN20A.22A046
FBbt:20010573	adult IN20A.22A047 neuron	manc	IN20A.22A047			IN20A.22A047		IN20A.22A047	IN20A.22A047
FBbt:20010574	adult IN20A.22A048 neuron	manc	IN20A.22A048			IN20A.22A048		IN20A.22A048	IN20A.22A048
FBbt:20010575	adult IN20A.22A049 neuron	manc	IN20A.22A049			IN20A.22A049		IN20A.22A049	IN20A.22A049
FBbt:20010576	adult IN20A.22A050 neuron	manc	IN20A.22A050			IN20A.22A050		IN20A.22A050	
FBbt:20010577	adult IN20A.22A051 neuron	manc	IN20A.22A051			IN20A.22A051		IN20A.22A051	IN20A.22A051
FBbt:20010578	adult IN20A.22A052 neuron	manc	IN20A.22A052			IN20A.22A052		IN20A.22A052	IN20A.22A052
FBbt:20010579	adult IN20A.22A053 neuron	manc	IN20A.22A053			IN20A.22A053		IN20A.22A053	IN20A.22A053
FBbt:20010580	adult IN20A.22A054 neuron	manc	IN20A.22A054			IN20A.22A054		IN20A.22A054	IN20A.22A054
FBbt:20010581	adult IN20A.22A055 neuron	manc	IN20A.22A055			IN20A.22A055		IN20A.22A055	IN20A.22A055
FBbt:20010582	adult IN20A.22A056 neuron	manc	IN20A.22A056			IN20A.22A056		IN20A.22A056	IN20A.22A056
FBbt:20010583	adult IN20A.22A057 neuron	manc	IN20A.22A057			IN20A.22A057		IN20A.22A057	
FBbt:20010584	adult IN20A.22A058 neuron	manc	IN20A.22A058			IN20A.22A058		IN20A.22A058	IN20A.22A058
FBbt:20010585	adult IN20A.22A059 neuron	manc	IN20A.22A059			IN20A.22A059		IN20A.22A059	IN20A.22A059
FBbt:20010586	adult IN20A.22A060 neuron	manc	IN20A.22A060			IN20A.22A060		IN20A.22A060	IN20A.22A060
FBbt:20010587	adult IN20A.22A061 neuron	manc	IN20A.22A061			IN20A.22A061			IN20A.22A061
FBbt:20010588	adult IN20A.22A062 neuron	manc	IN20A.22A062			IN20A.22A062		IN20A.22A062	IN20A.22A062
FBbt:20010589	adult IN20A.22A063 neuron	manc	IN20A.22A063			IN20A.22A063		IN20A.22A063	IN20A.22A063
FBbt:20010590	adult IN20A.22A064 neuron	manc	IN20A.22A064			IN20A.22A064		IN20A.22A064	IN20A.22A064
FBbt:20010591	adult IN20A.22A065 neuron	manc	IN20A.22A065			IN20A.22A065		IN20A.22A065	IN20A.22A065
FBbt:20010592	adult IN20A.22A066 neuron	manc	IN20A.22A066			IN20A.22A066		IN20A.22A066	IN20A.22A066
FBbt:20010593	adult IN20A.22A067 neuron	manc	IN20A.22A067			IN20A.22A067		IN20A.22A067	IN20A.22A067
FBbt:20010594	adult IN20A.22A068 neuron	manc	IN20A.22A068			IN20A.22A068			IN20A.22A068
FBbt:20010595	adult IN20A.22A069 neuron	manc	IN20A.22A069			IN20A.22A069		IN20A.22A069	IN20A.22A069
FBbt:20010596	adult IN20A.22A070 neuron	manc	IN20A.22A070			IN20A.22A070		IN20A.22A070	IN20A.22A070
FBbt:20010597	adult IN20A.22A071 neuron	manc	IN20A.22A071			IN20A.22A071		IN20A.22A071	IN20A.22A071
FBbt:20010598	adult IN20A.22A072 neuron	manc	IN20A.22A072			IN20A.22A072			IN20A.22A072
FBbt:20010599	adult IN20A.22A073 neuron	manc	IN20A.22A073			IN20A.22A073		IN20A.22A073	IN20A.22A073
FBbt:20010600	adult IN20A.22A074 neuron	manc	IN20A.22A074			IN20A.22A074		IN20A.22A074	IN20A.22A074
FBbt:20010601	adult IN20A.22A076 neuron	manc	IN20A.22A076			IN20A.22A076		IN20A.22A076	IN20A.22A076
FBbt:20010602	adult IN20A.22A077 neuron	manc	IN20A.22A077			IN20A.22A077		IN20A.22A077	IN20A.22A077
FBbt:20010603	adult IN20A.22A078 neuron	manc	IN20A.22A078			IN20A.22A078		IN20A.22A078	IN20A.22A078
FBbt:20010604	adult IN20A.22A079 neuron	manc	IN20A.22A079			IN20A.22A079		IN20A.22A079	IN20A.22A079
FBbt:20010605	adult IN20A.22A080 neuron	manc	IN20A.22A080			IN20A.22A080			IN20A.22A080
FBbt:20010606	adult IN20A.22A081 neuron	manc	IN20A.22A081			IN20A.22A081		IN20A.22A081	IN20A.22A081
FBbt:20010607	adult IN20A.22A082 neuron	manc	IN20A.22A082			IN20A.22A082		IN20A.22A082	IN20A.22A082
FBbt:20010608	adult IN20A.22A083 neuron	manc	IN20A.22A083			IN20A.22A083		IN20A.22A083	IN20A.22A083
FBbt:20010609	adult IN20A.22A084 neuron	manc	IN20A.22A084			IN20A.22A084		IN20A.22A084	IN20A.22A084
FBbt:20010610	adult IN20A.22A085 neuron	manc	IN20A.22A085			IN20A.22A085		IN20A.22A085	IN20A.22A085
FBbt:20010611	adult IN20A.22A086 neuron	manc	IN20A.22A086			IN20A.22A086		IN20A.22A086	IN20A.22A086
FBbt:20010612	adult IN20A.22A087 neuron	manc	IN20A.22A087			IN20A.22A087		IN20A.22A087	IN20A.22A087
FBbt:20010613	adult IN20A.22A088 neuron	manc	IN20A.22A088			IN20A.22A088		IN20A.22A088	IN20A.22A088
FBbt:20010614	adult IN20A.22A089 neuron	manc	IN20A.22A089			IN20A.22A089		IN20A.22A089	IN20A.22A089
FBbt:20010615	adult IN20A.22A090 neuron	manc	IN20A.22A090			IN20A.22A090		IN20A.22A090	IN20A.22A090
FBbt:20010616	adult IN20A.22A091 neuron	manc	IN20A.22A091			IN20A.22A091		IN20A.22A091	IN20A.22A091
FBbt:20010617	adult IN20A.22A092 neuron	manc	IN20A.22A092			IN20A.22A092		IN20A.22A092	IN20A.22A092
FBbt:20010618	adult IN21A001 neuron	manc	IN21A001			IN21A001		IN21A001	IN21A001
FBbt:20010619	adult IN21A002 neuron	manc	IN21A002			IN21A002		IN21A002	IN21A002
FBbt:20010620	adult IN21A003 neuron	manc	IN21A003			IN21A003		IN21A003	IN21A003
FBbt:20010621	adult IN21A004 neuron	manc	IN21A004			IN21A004		IN21A004	IN21A004
FBbt:20010622	adult IN21A005 neuron	manc	IN21A005			IN21A005		IN21A005	IN21A005
FBbt:20010623	adult IN21A006 neuron	manc	IN21A006			IN21A006		IN21A006	IN21A006
FBbt:20010624	adult IN21A007 neuron	manc	IN21A007			IN21A007		IN21A007	IN21A007
FBbt:20010625	adult IN21A008 neuron	manc	IN21A008			IN21A008		IN21A008	IN21A008
FBbt:20010626	adult IN21A009 neuron	manc	IN21A009			IN21A009		IN21A009	IN21A009
FBbt:20010627	adult IN21A010 neuron	manc	IN21A010			IN21A010		IN21A010	IN21A010
FBbt:20010628	adult IN21A011 neuron	manc	IN21A011			IN21A011		IN21A011	IN21A011
FBbt:20010629	adult IN21A012 neuron	manc	IN21A012			IN21A012		IN21A012	IN21A012
FBbt:20010630	adult IN21A013 neuron	manc	IN21A013			IN21A013		IN21A013	IN21A013
FBbt:20010631	adult IN21A014 neuron	manc	IN21A014			IN21A014		IN21A014	IN21A014
FBbt:20010632	adult IN21A015 neuron	manc	IN21A015			IN21A015		IN21A015	IN21A015
FBbt:20010633	adult IN21A016 neuron	manc	IN21A016			IN21A016		IN21A016	IN21A016
FBbt:20010634	adult IN21A017 neuron	manc	IN21A017			IN21A017		IN21A017	IN21A017
FBbt:20010635	adult IN21A018 neuron	manc	IN21A018			IN21A018		IN21A018	IN21A018
FBbt:20010636	adult IN21A019 neuron	manc	IN21A019			IN21A019		IN21A019	IN21A019
FBbt:20010637	adult IN21A020 neuron	manc	IN21A020			IN21A020		IN21A020	IN21A020
FBbt:20010638	adult IN21A021 neuron	manc	IN21A021			IN21A021		IN21A021	IN21A021
FBbt:20010639	adult IN21A022 neuron	manc	IN21A022			IN21A022		IN21A022	IN21A022
FBbt:20010640	adult IN21A023 neuron	manc	IN21A023			IN21A023			IN21A023
FBbt:20010641	adult IN21A024 neuron	manc	IN21A024			IN21A024			IN21A024
FBbt:20010642	adult IN21A025 neuron	manc	IN21A025			IN21A025			IN21A025
FBbt:20010643	adult IN21A026 neuron	manc	IN21A026			IN21A026		IN21A026	IN21A026
FBbt:20010644	adult IN21A027 neuron	manc	IN21A027			IN21A027		IN21A027	IN21A027
FBbt:20010645	adult IN21A028 neuron	manc	IN21A028			IN21A028		IN21A028	IN21A028
FBbt:20010646	adult IN21A029 neuron	manc	IN21A029			IN21A029			IN21A029
FBbt:20010647	adult IN21A030 neuron	manc	IN21A030			IN21A030			IN21A030
FBbt:20010648	adult IN21A031 neuron	manc	IN21A031			IN21A031		IN21A031	IN21A031
FBbt:20010649	adult IN21A032 neuron	manc	IN21A032			IN21A032		IN21A032	IN21A032
FBbt:20010650	adult IN21A033 neuron	manc	IN21A033			IN21A033		IN21A033	IN21A033
FBbt:20010651	adult IN21A034 neuron	manc	IN21A034			IN21A034		IN21A034	IN21A034
FBbt:20010652	adult IN21A035 neuron	manc	IN21A035			IN21A035		IN21A035	IN21A035
FBbt:20010653	adult IN21A036 neuron	manc	IN21A036			IN21A036		IN21A036	IN21A036
FBbt:20010654	adult IN21A037 neuron	manc	IN21A037			IN21A037		IN21A037	IN21A037
FBbt:20010655	adult IN21A038 neuron	manc	IN21A038			IN21A038		IN21A038	IN21A038
FBbt:20010656	adult IN21A039 neuron	manc	IN21A039			IN21A039		IN21A039	IN21A039
FBbt:20010657	adult IN21A040 neuron	manc	IN21A040			IN21A040		IN21A040	IN21A040
FBbt:20010658	adult IN21A041 neuron	manc	IN21A041			IN21A041		IN21A041	IN21A041
FBbt:20010659	adult IN21A042 neuron	manc	IN21A042			IN21A042		IN21A042	IN21A042
FBbt:20010660	adult IN21A043 neuron	manc	IN21A043			IN21A043		IN21A043	IN21A043
FBbt:20010661	adult IN21A044 neuron	manc	IN21A044			IN21A044		IN21A044	IN21A044
FBbt:20010662	adult IN21A045 neuron	manc	IN21A045			IN21A045			IN21A045
FBbt:20010663	adult IN21A046 neuron	manc	IN21A046			IN21A046			IN21A046
FBbt:20010664	adult IN21A047 neuron	manc	IN21A047			IN21A047		IN21A047_b|IN21A047_c|IN21A047_a|IN21A047_d|IN21A047_e|IN21A047_f	IN21A047
FBbt:20010665	adult IN21A048 neuron	manc	IN21A048			IN21A048		IN21A048	IN21A048
FBbt:20010666	adult IN21A049 neuron	manc	IN21A049			IN21A049		IN21A049	IN21A049
FBbt:20010667	adult IN21A050 neuron	manc	IN21A050			IN21A050		IN21A050	IN21A050
FBbt:20010668	adult IN21A051 neuron	manc	IN21A051			IN21A051		IN21A051	IN21A051
FBbt:20010669	adult IN21A052 neuron	manc	IN21A052			IN21A052		IN21A052	IN21A052
FBbt:20010670	adult IN21A053 neuron	manc	IN21A053			IN21A053			IN21A053
FBbt:20010671	adult IN21A054 neuron	manc	IN21A054			IN21A054		IN21A054	IN21A054
FBbt:20010672	adult IN21A055 neuron	manc	IN21A055			IN21A055		IN21A055	IN21A055
FBbt:20010673	adult IN21A056 neuron	manc	IN21A056			IN21A056		IN21A056	IN21A056
FBbt:20010674	adult IN21A057 neuron	manc	IN21A057			IN21A057		IN21A057	IN21A057
FBbt:20010675	adult IN21A058 neuron	manc	IN21A058			IN21A058		IN21A058	IN21A058
FBbt:20010676	adult IN21A059 neuron	manc	IN21A059			IN21A059		IN21A059	IN21A059
FBbt:20010677	adult IN21A060 neuron	manc	IN21A060			IN21A060		IN21A060	IN21A060
FBbt:20010678	adult IN21A061 neuron	manc	IN21A061			IN21A061		IN21A061	IN21A061
FBbt:20010679	adult IN21A062 neuron	manc	IN21A062			IN21A062		IN21A062	IN21A062
FBbt:20010680	adult IN21A063 neuron	manc	IN21A063			IN21A063		IN21A063	IN21A063
FBbt:20010681	adult IN21A064 neuron	manc	IN21A064			IN21A064		IN21A064	IN21A064
FBbt:20010682	adult IN21A065 neuron	manc	IN21A065			IN21A065		IN21A065	IN21A065
FBbt:20010683	adult IN21A066 neuron	manc	IN21A066			IN21A066		IN21A066	IN21A066
FBbt:20010684	adult IN21A067 neuron	manc	IN21A067			IN21A067			IN21A067
FBbt:20010685	adult IN21A068 neuron	manc	IN21A068			IN21A068			IN21A068
FBbt:20010686	adult IN21A069 neuron	manc	IN21A069			IN21A069			
FBbt:20010687	adult IN21A070 neuron	manc	IN21A070			IN21A070		IN21A070	IN21A070
FBbt:20010688	adult IN21A071 neuron	manc	IN21A071			IN21A071		IN21A071	IN21A071
FBbt:20010689	adult IN21A072 neuron	manc	IN21A072			IN21A072		IN21A072	IN21A072
FBbt:20010690	adult IN21A073 neuron	manc	IN21A073			IN21A073		IN21A073	IN21A073
FBbt:20010691	adult IN21A074 neuron	manc	IN21A074			IN21A074		IN21A074	IN21A074
FBbt:20010692	adult IN21A075 neuron	manc	IN21A075			IN21A075		IN21A075	IN21A075
FBbt:20010693	adult IN21A076 neuron	manc	IN21A076			IN21A076		IN21A076	IN21A076
FBbt:20010694	adult IN21A077 neuron	manc	IN21A077			IN21A077		IN21A077	IN21A077
FBbt:20010695	adult IN21A078 neuron	manc	IN21A078			IN21A078		IN21A078	IN21A078
FBbt:20010696	adult IN21A079 neuron	manc	IN21A079			IN21A079		IN21A079	IN21A079
FBbt:20010697	adult IN21A080 neuron	manc	IN21A080			IN21A080		IN21A080	IN21A080
FBbt:20010698	adult IN21A081 neuron	manc	IN21A081			IN21A081		IN21A081	IN21A081
FBbt:20010699	adult IN21A082 neuron	manc	IN21A082			IN21A082		IN21A082	IN21A082
FBbt:20010700	adult IN21A083 neuron	manc	IN21A083			IN21A083		IN21A083	IN21A083
FBbt:20010701	adult IN21A084 neuron	manc	IN21A084			IN21A084		IN21A084	IN21A084
FBbt:20010702	adult IN21A085 neuron	manc	IN21A085			IN21A085		IN21A085	IN21A085
FBbt:20010703	adult IN21A086 neuron	manc	IN21A086			IN21A086		IN21A086	IN21A086
FBbt:20010704	adult IN21A087 neuron	manc	IN21A087			IN21A087		IN21A087	IN21A087
FBbt:20010705	adult IN21A088 neuron	manc	IN21A088			IN21A088		IN21A088	IN21A088
FBbt:20010706	adult IN21A089 neuron	manc	IN21A089			IN21A089			IN21A089
FBbt:20010707	adult IN21A090 neuron	manc	IN21A090			IN21A090		IN21A090	
FBbt:20010708	adult IN21A091 neuron	manc	IN21A091			IN21A091			IN21A091
FBbt:20010709	adult IN21A092 neuron	manc	IN21A092			IN21A092			IN21A092
FBbt:20010710	adult IN21A093 neuron	manc	IN21A093			IN21A093		IN21A093	IN21A093
FBbt:20010711	adult IN21A094 neuron	manc	IN21A094			IN21A094		IN21A094	
FBbt:20010712	adult IN21A095 neuron	manc	IN21A095			IN21A095		IN21A095	IN21A095
FBbt:20010713	adult IN21A096 neuron	manc	IN21A096			IN21A096		IN21A096	IN21A096
FBbt:20010714	adult IN21A097 neuron	manc	IN21A097			IN21A097		IN21A097	IN21A097
FBbt:20010715	adult IN21A098 neuron	manc	IN21A098			IN21A098		IN21A098	IN21A098
FBbt:20010716	adult IN21A099 neuron	manc	IN21A099			IN21A099		IN21A099	IN21A099
FBbt:20010717	adult IN21A100 neuron	manc	IN21A100			IN21A100		IN21A100	IN21A100
FBbt:20010718	adult IN21A101 neuron	manc	IN21A101			IN21A101			IN21A101
FBbt:20010719	adult IN21A102 neuron	manc	IN21A102			IN21A102		IN21A102	IN21A102
FBbt:20010720	adult IN21A103 neuron	manc	IN21A103			IN21A103		IN21A103	IN21A103
FBbt:20010721	adult IN21A104 neuron	manc	IN21A104			IN21A104			IN21A104
FBbt:20010722	adult IN21A105 neuron	manc	IN21A105			IN21A105			IN21A105
FBbt:20010723	adult IN21A106 neuron	manc	IN21A106			IN21A106			
FBbt:20010724	adult IN21A107 neuron	manc	IN21A107			IN21A107			
FBbt:20010725	adult IN21A108 neuron	manc	IN21A108			IN21A108			
FBbt:20010726	adult IN21A109 neuron	manc	IN21A109			IN21A109		IN21A109	
FBbt:20010727	adult IN21A111 neuron	manc	IN21A111			IN21A111		IN21A111	IN21A111
FBbt:20010728	adult IN21A112 neuron	manc	IN21A112			IN21A112			
FBbt:20010729	adult IN21A113 neuron	manc	IN21A113			IN21A113			
FBbt:20010730	adult IN21A114 neuron	manc	IN21A114			IN21A114			
FBbt:20010731	adult IN21A115 neuron	manc	IN21A115			IN21A115			
FBbt:20010732	adult IN23B001 neuron	manc	IN23B001			IN23B001		IN23B001	IN23B001
FBbt:20010733	adult IN23B005 neuron	manc	IN23B005			IN23B005		IN23B005	IN23B005
FBbt:20010734	adult IN23B006 neuron	manc	IN23B006			IN23B006		IN23B006	IN23B006
FBbt:20010735	adult IN23B007 neuron	manc	IN23B007			IN23B007		IN23B007	IN23B007
FBbt:20010736	adult IN23B008 neuron	manc	IN23B008			IN23B008		IN23B008	IN23B008
FBbt:20010737	adult IN23B009 neuron	manc	IN23B009			IN23B009		IN23B009	IN23B009
FBbt:20010738	adult IN23B011 neuron	manc	IN23B011			IN23B011		IN23B011	IN23B011
FBbt:20010739	adult IN23B012 neuron	manc	IN23B012			IN23B012		IN23B012	IN23B012
FBbt:20010740	adult IN23B013 neuron	manc	IN23B013			IN23B013		IN23B013	IN23B013
FBbt:20010741	adult IN23B014 neuron	manc	IN23B014			IN23B014		IN23B014	IN23B014
FBbt:20010742	adult IN23B016 neuron	manc	IN23B016			IN23B016		IN23B016	IN23B016
FBbt:20010743	adult IN23B017 neuron	manc	IN23B017			IN23B017		IN23B017	IN23B017
FBbt:20010744	adult IN23B018 neuron	manc	IN23B018			IN23B018		IN23B018	IN23B018
FBbt:20010745	adult IN23B020 neuron	manc	IN23B020			IN23B020		IN23B020	IN23B020
FBbt:20010746	adult IN23B021 neuron	manc	IN23B021			IN23B021		IN23B021	
FBbt:20010747	adult IN23B022 neuron	manc	IN23B022			IN23B022		IN23B022	IN23B022
FBbt:20010748	adult IN23B023 neuron	manc	IN23B023			IN23B023		IN23B023	IN23B023
FBbt:20010749	adult IN23B024 neuron	manc	IN23B024			IN23B024		IN23B024	IN23B024
FBbt:20010750	adult IN23B025 neuron	manc	IN23B025			IN23B025		IN23B025	IN23B025
FBbt:20010751	adult IN23B027 neuron	manc	IN23B027			IN23B027		IN23B027	IN23B027
FBbt:20010752	adult IN23B028 neuron	manc	IN23B028			IN23B028		IN23B028	IN23B028
FBbt:20010753	adult IN23B029 neuron	manc	IN23B029			IN23B029		IN23B029	
FBbt:20010754	adult IN23B030 neuron	manc	IN23B030			IN23B030		IN23B030	IN23B030
FBbt:20010755	adult IN23B031 neuron	manc	IN23B031			IN23B031		IN23B031	IN23B031
FBbt:20010756	adult IN23B032 neuron	manc	IN23B032			IN23B032		IN23B032	IN23B032
FBbt:20010757	adult IN23B033 neuron	manc	IN23B033			IN23B033		IN23B033	IN23B033
FBbt:20010758	adult IN23B034 neuron	manc	IN23B034			IN23B034		IN23B034	IN23B034
FBbt:20010759	adult IN23B035 neuron	manc	IN23B035			IN23B035		IN23B035	
FBbt:20010760	adult IN23B036 neuron	manc	IN23B036			IN23B036		IN23B036	IN23B036
FBbt:20010761	adult IN23B037 neuron	manc	IN23B037			IN23B037		IN23B037	IN23B037
FBbt:20010762	adult IN23B038 neuron	manc	IN23B038			IN23B038		IN23B038	IN23B038
FBbt:20010763	adult IN23B039 neuron	manc	IN23B039			IN23B039		IN23B039	IN23B039
FBbt:20010764	adult IN23B040 neuron	manc	IN23B040			IN23B040		IN23B040	IN23B040
FBbt:20010765	adult IN23B041 neuron	manc	IN23B041			IN23B041		IN23B041	IN23B041
FBbt:20010766	adult IN23B042 neuron	manc	IN23B042			IN23B042		IN23B042	
FBbt:20010767	adult IN23B043 neuron	manc	IN23B043			IN23B043		IN23B043	IN23B043
FBbt:20010768	adult IN23B044 neuron	manc	IN23B044			IN23B044		IN23B044	IN23B044
FBbt:20010769	adult IN23B045 neuron	manc	IN23B045			IN23B045		IN23B045	IN23B045
FBbt:20010770	adult IN23B046 neuron	manc	IN23B046			IN23B046		IN23B046	IN23B046
FBbt:20010771	adult IN23B047 neuron	manc	IN23B047			IN23B047		IN23B047	IN23B047
FBbt:20010772	adult IN23B048 neuron	manc	IN23B048			IN23B048		IN23B048	IN23B048
FBbt:20010773	adult IN23B049 neuron	manc	IN23B049			IN23B049		IN23B049	IN23B049
FBbt:20010774	adult IN23B050 neuron	manc	IN23B050			IN23B050		IN23B050	IN23B050
FBbt:20010775	adult IN23B051 neuron	manc	IN23B051			IN23B051		IN23B051	IN23B051
FBbt:20010776	adult IN23B052 neuron	manc	IN23B052			IN23B052			IN23B052
FBbt:20010777	adult IN23B053 neuron	manc	IN23B053			IN23B053		IN23B053	IN23B053
FBbt:20010778	adult IN23B054 neuron	manc	IN23B054			IN23B054		IN23B054	IN23B054
FBbt:20010779	adult IN23B055 neuron	manc	IN23B055			IN23B055		IN23B055	IN23B055
FBbt:20010780	adult IN23B056 neuron	manc	IN23B056			IN23B056		IN23B056	IN23B056
FBbt:20010781	adult IN23B057 neuron	manc	IN23B057			IN23B057		IN23B057	IN23B057
FBbt:20010782	adult IN23B058 neuron	manc	IN23B058			IN23B058		IN23B058	IN23B058
FBbt:20010783	adult IN23B059 neuron	manc	IN23B059			IN23B059		IN23B059	IN23B059
FBbt:20010784	adult IN23B060 neuron	manc	IN23B060			IN23B060		IN23B060	IN23B060
FBbt:20010785	adult IN23B061 neuron	manc	IN23B061			IN23B061		IN23B061	IN23B061
FBbt:20010786	adult IN23B062 neuron	manc	IN23B062			IN23B062		IN23B062	IN23B062
FBbt:20010787	adult IN23B063 neuron	manc	IN23B063			IN23B063		IN23B063	IN23B063
FBbt:20010788	adult IN23B064 neuron	manc	IN23B064			IN23B064		IN23B064	IN23B064
FBbt:20010789	adult IN23B065 neuron	manc	IN23B065			IN23B065		IN23B065	IN23B065
FBbt:20010790	adult IN23B066 neuron	manc	IN23B066			IN23B066		IN23B066	IN23B066
FBbt:20010791	adult IN23B067 neuron	manc	IN23B067			IN23B067		IN23B067_e|IN23B067_b|IN23B067_c|IN23B067_a|IN23B067_d	IN23B067
FBbt:20010792	adult IN23B068 neuron	manc	IN23B068			IN23B068		IN23B068	IN23B068
FBbt:20010793	adult IN23B069 neuron	manc	IN23B069			IN23B069			IN23B069
FBbt:20010794	adult IN23B070 neuron	manc	IN23B070			IN23B070		IN23B070	IN23B070
FBbt:20010795	adult IN23B071 neuron	manc	IN23B071			IN23B071		IN23B071	IN23B071
FBbt:20010796	adult IN23B072 neuron	manc	IN23B072			IN23B072		IN23B072	IN23B072
FBbt:20010797	adult IN23B073 neuron	manc	IN23B073			IN23B073		IN23B073	IN23B073
FBbt:20010798	adult IN23B074 neuron	manc	IN23B074			IN23B074		IN23B074	IN23B074
FBbt:20010799	adult IN23B075 neuron	manc	IN23B075			IN23B075		IN23B075	IN23B075
FBbt:20010800	adult IN23B076 neuron	manc	IN23B076			IN23B076		IN23B076	
FBbt:20010801	adult IN23B077 neuron	manc	IN23B077			IN23B077			IN23B077
FBbt:20010802	adult IN23B078 neuron	manc	IN23B078			IN23B078		IN23B078	IN23B078
FBbt:20010803	adult IN23B079 neuron	manc	IN23B079			IN23B079		IN23B079	IN23B079
FBbt:20010804	adult IN23B080 neuron	manc	IN23B080			IN23B080		IN23B080	IN23B080
FBbt:20010805	adult IN23B081 neuron	manc	IN23B081			IN23B081		IN23B081	IN23B081
FBbt:20010806	adult IN23B082 neuron	manc	IN23B082			IN23B082		IN23B082	
FBbt:20010807	adult IN23B083 neuron	manc	IN23B083			IN23B083		IN23B083	IN23B083
FBbt:20010808	adult IN23B084 neuron	manc	IN23B084			IN23B084		IN23B084	IN23B084
FBbt:20010809	adult IN23B085 neuron	manc	IN23B085			IN23B085		IN23B085	IN23B085
FBbt:20010810	adult IN23B086 neuron	manc	IN23B086			IN23B086		IN23B086	IN23B086
FBbt:20010811	adult IN23B087 neuron	manc	IN23B087			IN23B087		IN23B087	IN23B087
FBbt:20010812	adult IN23B088 neuron	manc	IN23B088			IN23B088		IN23B088	IN23B088
FBbt:20010813	adult IN23B089 neuron	manc	IN23B089			IN23B089		IN23B089	IN23B089
FBbt:20010814	adult IN23B090 neuron	manc	IN23B090			IN23B090		IN23B090	IN23B090
FBbt:20010815	adult IN23B091 neuron	manc	IN23B091			IN23B091		IN23B091	IN23B091
FBbt:20010816	adult IN23B092 neuron	manc	IN23B092			IN23B092		IN23B092	IN23B092
FBbt:20010817	adult IN23B093 neuron	manc	IN23B093			IN23B093		IN23B093	IN23B093
FBbt:20010818	adult IN23B094 neuron	manc	IN23B094			IN23B094		IN23B094	
FBbt:20010819	adult IN26X001 neuron	manc	IN26X001			IN26X001		IN26X001	IN26X001
FBbt:20010820	adult IN26X002 neuron	manc	IN26X002			IN26X002		IN26X002	IN26X002
FBbt:20010821	adult IN26X003 neuron	manc	IN26X003			IN26X003		IN26X003	IN26X003
FBbt:20010822	adult IN27X001 neuron	manc	IN27X001			IN27X001		IN27X001	IN27X001
FBbt:20010824	adult IN27X004 neuron	manc	IN27X004			IN27X004		IN27X004	
FBbt:20010825	adult IN27X005 neuron	manc	IN27X005			IN27X005		IN27X005	IN27X005
FBbt:20010826	adult IN27X007 neuron	manc	IN27X007			IN27X007		IN27X007	IN27X007
FBbt:20010827	adult IN27X014 neuron	manc	IN27X014			IN27X014		IN27X014	IN27X014
FBbt:20010828	adult INXXX003 neuron	manc	INXXX003			INXXX003		INXXX003	INXXX003
FBbt:20010829	adult INXXX004 neuron	manc	INXXX004			INXXX004		INXXX004	INXXX004
FBbt:20010830	adult INXXX007 neuron	manc	INXXX007			INXXX007		INXXX007	INXXX007
FBbt:20010831	adult INXXX008 neuron	manc	INXXX008			INXXX008		INXXX008	INXXX008
FBbt:20010832	adult INXXX019 neuron	manc	INXXX019			INXXX019			
FBbt:20010833	adult INXXX022 neuron	manc	INXXX022			INXXX022		INXXX022	INXXX022
FBbt:20010834	adult INXXX023 neuron	manc	INXXX023			INXXX023		INXXX023	INXXX023
FBbt:20010835	adult INXXX025 neuron	manc	INXXX025			INXXX025		INXXX025	
FBbt:20010836	adult INXXX027 neuron	manc	INXXX027			INXXX027		INXXX027	INXXX027
FBbt:20010837	adult INXXX029 neuron	manc	INXXX029			INXXX029		INXXX029	INXXX029
FBbt:20010838	adult INXXX031 neuron	manc	INXXX031			INXXX031		INXXX031	INXXX031
FBbt:20010839	adult INXXX032 neuron	manc	INXXX032			INXXX032		INXXX032	
FBbt:20010840	adult INXXX034 neuron	manc	INXXX034			INXXX034		INXXX034	INXXX034
FBbt:20010841	adult INXXX035 neuron	manc	INXXX035			INXXX035		INXXX035	INXXX035
FBbt:20010842	adult INXXX036 neuron	manc	INXXX036			INXXX036		INXXX036	INXXX036
FBbt:20010843	adult INXXX038 neuron	manc	INXXX038			INXXX038		INXXX038	INXXX038
FBbt:20010844	adult INXXX039 neuron	manc	INXXX039			INXXX039		INXXX039	
FBbt:20010845	adult INXXX042 neuron	manc	INXXX042			INXXX042		INXXX042	INXXX042
FBbt:20010846	adult INXXX044 neuron	manc	INXXX044			INXXX044		INXXX044	INXXX044
FBbt:20010847	adult INXXX045 neuron	manc	INXXX045			INXXX045		INXXX045	INXXX045
FBbt:20010848	adult INXXX048 neuron	manc	INXXX048			INXXX048		INXXX048	INXXX048
FBbt:20010849	adult INXXX052 neuron	manc	INXXX052			INXXX052		INXXX052	INXXX052
FBbt:20010850	adult INXXX053 neuron	manc	INXXX053			INXXX053		INXXX053	INXXX053
FBbt:20010851	adult INXXX054 neuron	manc	INXXX054			INXXX054		INXXX054	INXXX054
FBbt:20010852	adult INXXX056 neuron	manc	INXXX056			INXXX056		INXXX056	INXXX056
FBbt:20010853	adult INXXX058 neuron	manc	INXXX058			INXXX058		INXXX058	INXXX058
FBbt:20010854	adult INXXX062 neuron	manc	INXXX062			INXXX062		INXXX062	
FBbt:20010855	adult INXXX063 neuron	manc	INXXX063			INXXX063		INXXX063	INXXX063
FBbt:20010856	adult INXXX064 neuron	manc	INXXX064			INXXX064			INXXX064
FBbt:20010857	adult INXXX065 neuron	manc	INXXX065			INXXX065		INXXX065	INXXX065
FBbt:20010858	adult INXXX066 neuron	manc	INXXX066			INXXX066		INXXX066	INXXX066
FBbt:20010859	adult INXXX069 neuron	manc	INXXX069			INXXX069			
FBbt:20010860	adult INXXX073 neuron	manc	INXXX073			INXXX073		INXXX073	INXXX073
FBbt:20010861	adult INXXX076 neuron	manc	INXXX076			INXXX076		INXXX076	INXXX076
FBbt:20010862	adult INXXX077 neuron	manc	INXXX077			INXXX077		INXXX077	INXXX077
FBbt:20010863	adult INXXX078 neuron	manc	INXXX078			INXXX078			INXXX078
FBbt:20010864	adult INXXX083 neuron	manc	INXXX083			INXXX083		INXXX083	INXXX083
FBbt:20010865	adult INXXX084 neuron	manc	INXXX084			INXXX084		INXXX084	
FBbt:20010866	adult INXXX087 neuron	manc	INXXX087			INXXX087		INXXX087	
FBbt:20010867	adult INXXX089 neuron	manc	INXXX089			INXXX089		INXXX089	INXXX089
FBbt:20010868	adult INXXX091 neuron	manc	INXXX091			INXXX091		INXXX091	INXXX091
FBbt:20010869	adult INXXX095 neuron	manc	INXXX095			INXXX095		INXXX095	INXXX095
FBbt:20010870	adult INXXX096 neuron	manc	INXXX096			INXXX096		INXXX096	
FBbt:20010871	adult INXXX100 neuron	manc	INXXX100			INXXX100		INXXX100	INXXX100
FBbt:20010872	adult INXXX101 neuron	manc	INXXX101			INXXX101		INXXX101	INXXX101
FBbt:20010873	adult INXXX104 neuron	manc	INXXX104			INXXX104		INXXX104	INXXX104
FBbt:20010874	adult INXXX107 neuron	manc	INXXX107			INXXX107		INXXX107	
FBbt:20010875	adult INXXX110 neuron	manc	INXXX110			INXXX110		INXXX110	
FBbt:20010876	adult INXXX111 neuron	manc	INXXX111			INXXX111		INXXX111	
FBbt:20010877	adult INXXX112 neuron	manc	INXXX112			INXXX112			INXXX112
FBbt:20010878	adult INXXX114 neuron	manc	INXXX114			INXXX114		INXXX114	INXXX114
FBbt:20010879	adult INXXX115 neuron	manc	INXXX115			INXXX115		INXXX115	INXXX115
FBbt:20010880	adult INXXX119 neuron	manc	INXXX119			INXXX119		INXXX119	INXXX119
FBbt:20010881	adult INXXX121 neuron	manc	INXXX121			INXXX121		INXXX121	INXXX121
FBbt:20010882	adult INXXX122 neuron	manc	INXXX122			INXXX122		INXXX122	INXXX122
FBbt:20010883	adult INXXX124 neuron	manc	INXXX124			INXXX124		INXXX124	INXXX124
FBbt:20010884	adult INXXX126 neuron	manc	INXXX126			INXXX126		INXXX126	INXXX126
FBbt:20010885	adult INXXX129 neuron	manc	INXXX129			INXXX129		INXXX129	INXXX129
FBbt:20010886	adult INXXX133 neuron	manc	INXXX133			INXXX133		INXXX133	INXXX133
FBbt:20010887	adult INXXX134 neuron	manc	INXXX134			INXXX134		INXXX134	INXXX134
FBbt:20010888	adult INXXX135 neuron	manc	INXXX135			INXXX135		INXXX135	INXXX135
FBbt:20010889	adult INXXX137 neuron	manc	INXXX137			INXXX137		INXXX137	INXXX137
FBbt:20010890	adult INXXX138 neuron	manc	INXXX138			INXXX138		INXXX138	INXXX138
FBbt:20010891	adult INXXX140 neuron	manc	INXXX140			INXXX140		INXXX140	INXXX140
FBbt:20010892	adult INXXX142 neuron	manc	INXXX142			INXXX142		INXXX142	INXXX142
FBbt:20010893	adult INXXX143 neuron	manc	INXXX143			INXXX143		INXXX143	INXXX143
FBbt:20010894	adult INXXX146 neuron	manc	INXXX146			INXXX146		INXXX146	INXXX146
FBbt:20010895	adult INXXX147 neuron	manc	INXXX147			INXXX147		INXXX147	INXXX147
FBbt:20010896	adult INXXX149 neuron	manc	INXXX149			INXXX149		INXXX149	INXXX149
FBbt:20010897	adult INXXX153 neuron	manc	INXXX153			INXXX153		INXXX153	INXXX153
FBbt:20010898	adult INXXX158 neuron	manc	INXXX158			INXXX158		INXXX158	INXXX158
FBbt:20010899	adult INXXX159 neuron	manc	INXXX159			INXXX159		INXXX159	INXXX159
FBbt:20010900	adult INXXX161 neuron	manc	INXXX161			INXXX161		INXXX161	INXXX161
FBbt:20010901	adult INXXX167 neuron	manc	INXXX167			INXXX167		INXXX167	INXXX167
FBbt:20010902	adult INXXX173 neuron	manc	INXXX173			INXXX173		INXXX173	INXXX173
FBbt:20010903	adult INXXX179 neuron	manc	INXXX179			INXXX179		INXXX179	INXXX179
FBbt:20010904	adult INXXX180 neuron	manc	INXXX180			INXXX180		INXXX180	INXXX180
FBbt:20010905	adult INXXX181 neuron	manc	INXXX181			INXXX181		INXXX181	INXXX181
FBbt:20010906	adult INXXX183 neuron	manc	INXXX183			INXXX183		INXXX183	INXXX183
FBbt:20010907	adult INXXX184 neuron	manc	INXXX184			INXXX184		INXXX184	INXXX184
FBbt:20010908	adult INXXX188 neuron	manc	INXXX188			INXXX188		INXXX188	INXXX188
FBbt:20010909	adult INXXX192 neuron	manc	INXXX192			INXXX192		INXXX192	INXXX192
FBbt:20010910	adult INXXX193 neuron	manc	INXXX193			INXXX193		INXXX193	INXXX193
FBbt:20010911	adult INXXX194 neuron	manc	INXXX194			INXXX194		INXXX194	INXXX194
FBbt:20010912	adult INXXX197 neuron	manc	INXXX197			INXXX197		INXXX197	INXXX197
FBbt:20010913	adult INXXX198 neuron	manc	INXXX198			INXXX198		INXXX198	INXXX198
FBbt:20010914	adult INXXX199 neuron	manc	INXXX199			INXXX199		INXXX199	INXXX199
FBbt:20010915	adult INXXX201 neuron	manc	INXXX201			INXXX201		INXXX201	INXXX201
FBbt:20010916	adult INXXX204 neuron	manc	INXXX204			INXXX204		INXXX204	INXXX204
FBbt:20010917	adult INXXX206 neuron	manc	INXXX206			INXXX206		INXXX206	INXXX206
FBbt:20010918	adult INXXX209 neuron	manc	INXXX209			INXXX209		INXXX209	
FBbt:20010919	adult INXXX211 neuron	manc	INXXX211			INXXX211			INXXX211
FBbt:20010920	adult INXXX212 neuron	manc	INXXX212			INXXX212		INXXX212	INXXX212
FBbt:20010921	adult INXXX213 neuron	manc	INXXX213			INXXX213		INXXX213	INXXX213
FBbt:20010922	adult INXXX215 neuron	manc	INXXX215			INXXX215		INXXX215	
FBbt:20010923	adult INXXX216 neuron	manc	INXXX216			INXXX216		INXXX216	INXXX216
FBbt:20010924	adult INXXX217 neuron	manc	INXXX217			INXXX217		INXXX217	INXXX217
FBbt:20010925	adult INXXX219 neuron	manc	INXXX219			INXXX219		INXXX219	INXXX219
FBbt:20010926	adult INXXX220 neuron	manc	INXXX220			INXXX220		INXXX220	INXXX220
FBbt:20010927	adult INXXX221 neuron	manc	INXXX221			INXXX221		INXXX221	INXXX221
FBbt:20010928	adult INXXX223 neuron	manc	INXXX223			INXXX223		INXXX223	INXXX223
FBbt:20010929	adult INXXX224 neuron	manc	INXXX224			INXXX224		INXXX224	INXXX224
FBbt:20010930	adult INXXX225 neuron	manc	INXXX225			INXXX225		INXXX225	INXXX225
FBbt:20010931	adult INXXX227 neuron	manc	INXXX227			INXXX227		INXXX227	INXXX227
FBbt:20010932	adult INXXX228 neuron	manc	INXXX228			INXXX228		INXXX228	INXXX228
FBbt:20010933	adult INXXX230 neuron	manc	INXXX230			INXXX230		INXXX230	INXXX230
FBbt:20010934	adult INXXX231 neuron	manc	INXXX231			INXXX231		INXXX231	INXXX231
FBbt:20010935	adult INXXX232 neuron	manc	INXXX232			INXXX232		INXXX232	INXXX232
FBbt:20010936	adult INXXX233 neuron	manc	INXXX233			INXXX233			INXXX233
FBbt:20010937	adult INXXX234 neuron	manc	INXXX234			INXXX234			INXXX234
FBbt:20010938	adult INXXX235 neuron	manc	INXXX235			INXXX235		INXXX235	INXXX235
FBbt:20010939	adult INXXX237 neuron	manc	INXXX237			INXXX237		INXXX237	INXXX237
FBbt:20010940	adult INXXX238 neuron	manc	INXXX238			INXXX238		INXXX238	INXXX238
FBbt:20010941	adult INXXX239 neuron	manc	INXXX239			INXXX239		INXXX239	INXXX239
FBbt:20010942	adult INXXX240 neuron	manc	INXXX240			INXXX240		INXXX240	INXXX240
FBbt:20010943	adult INXXX241 neuron	manc	INXXX241			INXXX241		INXXX241	INXXX241
FBbt:20010944	adult INXXX242 neuron	manc	INXXX242			INXXX242		INXXX242	INXXX242
FBbt:20010945	adult INXXX243 neuron	manc	INXXX243			INXXX243		INXXX243	INXXX243
FBbt:20010946	adult INXXX244 neuron	manc	INXXX244			INXXX244		INXXX244	INXXX244
FBbt:20010947	adult INXXX245 neuron	manc	INXXX245			INXXX245		INXXX245	INXXX245
FBbt:20010948	adult INXXX246 neuron	manc	INXXX246			INXXX246		INXXX246	INXXX246
FBbt:20010949	adult INXXX247 neuron	manc	INXXX247			INXXX247		INXXX247	INXXX247
FBbt:20010950	adult INXXX249 neuron	manc	INXXX249			INXXX249		INXXX249	INXXX249
FBbt:20010951	adult INXXX251 neuron	manc	INXXX251			INXXX251		INXXX251	
FBbt:20010952	adult INXXX252 neuron	manc	INXXX252			INXXX252		INXXX252	INXXX252
FBbt:20010953	adult INXXX253 neuron	manc	INXXX253			INXXX253		INXXX253	INXXX253
FBbt:20010954	adult INXXX256 neuron	manc	INXXX256			INXXX256		INXXX256	INXXX256
FBbt:20010955	adult INXXX257 neuron	manc	INXXX257			INXXX257		INXXX257	INXXX257
FBbt:20010956	adult INXXX258 neuron	manc	INXXX258			INXXX258		INXXX258	INXXX258
FBbt:20010957	adult INXXX260 neuron	manc	INXXX260			INXXX260		INXXX260	INXXX260
FBbt:20010958	adult INXXX261 neuron	manc	INXXX261			INXXX261		INXXX261	INXXX261
FBbt:20010959	adult INXXX262 neuron	manc	INXXX262			INXXX262		INXXX262	INXXX262
FBbt:20010960	adult INXXX263 neuron	manc	INXXX263			INXXX263		INXXX263	
FBbt:20010961	adult INXXX265 neuron	manc	INXXX265			INXXX265		INXXX265	INXXX265
FBbt:20010962	adult INXXX266 neuron	manc	INXXX266			INXXX266			
FBbt:20010963	adult INXXX267 neuron	manc	INXXX267			INXXX267		INXXX267	INXXX267
FBbt:20010964	adult INXXX268 neuron	manc	INXXX268			INXXX268		INXXX268	INXXX268
FBbt:20010965	adult INXXX269 neuron	manc	INXXX269			INXXX269		INXXX269	INXXX269
FBbt:20010966	adult INXXX270 neuron	manc	INXXX270			INXXX270		INXXX270	INXXX270
FBbt:20010967	adult INXXX271 neuron	manc	INXXX271			INXXX271		INXXX271	INXXX271
FBbt:20010968	adult INXXX273 neuron	manc	INXXX273			INXXX273		INXXX273	INXXX273
FBbt:20010969	adult INXXX275 neuron	manc	INXXX275			INXXX275		INXXX275	
FBbt:20010970	adult INXXX276 neuron	manc	INXXX276			INXXX276		INXXX276	INXXX276
FBbt:20010971	adult INXXX279 neuron	manc	INXXX279			INXXX279		INXXX279	INXXX279
FBbt:20010972	adult INXXX280 neuron	manc	INXXX280			INXXX280		INXXX280	INXXX280
FBbt:20010973	adult INXXX281 neuron	manc	INXXX281			INXXX281		INXXX281	INXXX281
FBbt:20010974	adult INXXX282 neuron	manc	INXXX282			INXXX282		INXXX282	INXXX282
FBbt:20010975	adult INXXX283 neuron	manc	INXXX283			INXXX283		INXXX283	INXXX283
FBbt:20010976	adult INXXX284 neuron	manc	INXXX284			INXXX284		INXXX284	INXXX284
FBbt:20010977	adult INXXX285 neuron	manc	INXXX285			INXXX285		INXXX285	INXXX285
FBbt:20010978	adult INXXX287 neuron	manc	INXXX287			INXXX287		INXXX287	INXXX287
FBbt:20010979	adult INXXX288 neuron	manc	INXXX288			INXXX288		INXXX288	INXXX288
FBbt:20010980	adult INXXX290 neuron	manc	INXXX290			INXXX290		INXXX290	INXXX290
FBbt:20010981	adult INXXX292 neuron	manc	INXXX292			INXXX292		INXXX292	INXXX292
FBbt:20010982	adult INXXX293 neuron	manc	INXXX293			INXXX293		INXXX293	
FBbt:20010983	adult INXXX294 neuron	manc	INXXX294			INXXX294		INXXX294	INXXX294
FBbt:20010984	adult INXXX295 neuron	manc	INXXX295			INXXX295		INXXX295	INXXX295
FBbt:20010985	adult INXXX297 neuron	manc	INXXX297			INXXX297		INXXX297	INXXX297
FBbt:20010986	adult INXXX299 neuron	manc	INXXX299			INXXX299		INXXX299	INXXX299
FBbt:20010987	adult INXXX300 neuron	manc	INXXX300			INXXX300		INXXX300	INXXX300
FBbt:20010988	adult INXXX301 neuron	manc	INXXX301			INXXX301		INXXX301	INXXX301
FBbt:20010989	adult INXXX302 neuron	manc	INXXX302			INXXX302		INXXX302	INXXX302
FBbt:20010990	adult INXXX303 neuron	manc	INXXX303			INXXX303		INXXX303	INXXX303
FBbt:20010991	adult INXXX304 neuron	manc	INXXX304			INXXX304		INXXX304	INXXX304
FBbt:20010992	adult INXXX305 neuron	manc	INXXX305			INXXX305			INXXX305
FBbt:20010993	adult INXXX306 neuron	manc	INXXX306			INXXX306		INXXX306	INXXX306
FBbt:20010994	adult INXXX307 neuron	manc	INXXX307			INXXX307		INXXX307	
FBbt:20010995	adult INXXX309 neuron	manc	INXXX309			INXXX309		INXXX309	INXXX309
FBbt:20010996	adult INXXX310 neuron	manc	INXXX310			INXXX310			
FBbt:20010997	adult INXXX315 neuron	manc	INXXX315			INXXX315		INXXX315	INXXX315
FBbt:20010998	adult INXXX316 neuron	manc	INXXX316			INXXX316		INXXX316	INXXX316
FBbt:20010999	adult INXXX317 neuron	manc	INXXX317			INXXX317		INXXX317	INXXX317
FBbt:20011000	adult INXXX319 neuron	manc	INXXX319			INXXX319		INXXX319	INXXX319
FBbt:20011001	adult INXXX320 neuron	manc	INXXX320			INXXX320		INXXX320	
FBbt:20011002	adult INXXX321 neuron	manc	INXXX321			INXXX321		INXXX321	INXXX321
FBbt:20011003	adult INXXX322 neuron	manc	INXXX322			INXXX322		INXXX322	
FBbt:20011004	adult INXXX324 neuron	manc	INXXX324			INXXX324		INXXX324	
FBbt:20011005	adult INXXX325 neuron	manc	INXXX325			INXXX325			INXXX325
FBbt:20011006	adult INXXX326 neuron	manc	INXXX326			INXXX326		INXXX326	INXXX326
FBbt:20011007	adult INXXX328 neuron	manc	INXXX328			INXXX328		INXXX328	INXXX328
FBbt:20011008	adult INXXX329 neuron	manc	INXXX329			INXXX329		INXXX329	INXXX329
FBbt:20011009	adult INXXX331 neuron	manc	INXXX331			INXXX331		INXXX331	INXXX331
FBbt:20011010	adult INXXX332 neuron	manc	INXXX332			INXXX332		INXXX332	INXXX332
FBbt:20011011	adult INXXX333 neuron	manc	INXXX333			INXXX333		INXXX333	INXXX333
FBbt:20011012	adult INXXX334 neuron	manc	INXXX334			INXXX334		INXXX334	INXXX334
FBbt:20011013	adult INXXX335 neuron	manc	INXXX335			INXXX335		INXXX335	INXXX335
FBbt:20011014	adult INXXX336 neuron	manc	INXXX336			INXXX336		INXXX336	INXXX336
FBbt:20011015	adult INXXX337 neuron	manc	INXXX337			INXXX337		INXXX337	INXXX337
FBbt:20011016	adult INXXX339 neuron	manc	INXXX339			INXXX339		INXXX339	INXXX339
FBbt:20011017	adult INXXX340 neuron	manc	INXXX340			INXXX340		INXXX340	INXXX340
FBbt:20011018	adult INXXX341 neuron	manc	INXXX341			INXXX341		INXXX341	INXXX341
FBbt:20011019	adult INXXX343 neuron	manc	INXXX343			INXXX343		INXXX343	INXXX343
FBbt:20011020	adult INXXX345 neuron	manc	INXXX345			INXXX345		INXXX345	INXXX345
FBbt:20011021	adult INXXX346 neuron	manc	INXXX346			INXXX346		INXXX346	INXXX346
FBbt:20011022	adult INXXX347 neuron	manc	INXXX347			INXXX347		INXXX347	INXXX347
FBbt:20011023	adult INXXX348 neuron	manc	INXXX348			INXXX348		INXXX348	INXXX348
FBbt:20011024	adult INXXX349 neuron	manc	INXXX349			INXXX349		INXXX349	
FBbt:20011025	adult INXXX350 neuron	manc	INXXX350			INXXX350		INXXX350	INXXX350
FBbt:20011026	adult INXXX351 neuron	manc	INXXX351			INXXX351		INXXX351	INXXX351
FBbt:20011027	adult INXXX352 neuron	manc	INXXX352			INXXX352		INXXX352	INXXX352
FBbt:20011028	adult INXXX353 neuron	manc	INXXX353			INXXX353		INXXX353	INXXX353
FBbt:20011029	adult INXXX354 neuron	manc	INXXX354			INXXX354			INXXX354
FBbt:20011030	adult INXXX355 neuron	manc	INXXX355			INXXX355		INXXX355	INXXX355
FBbt:20011031	adult INXXX357 neuron	manc	INXXX357			INXXX357		INXXX357	INXXX357
FBbt:20011032	adult INXXX359 neuron	manc	INXXX359			INXXX359		INXXX359	INXXX359
FBbt:20011033	adult INXXX360 neuron	manc	INXXX360			INXXX360		INXXX360	INXXX360
FBbt:20011034	adult INXXX363 neuron	manc	INXXX363			INXXX363		INXXX363	INXXX363
FBbt:20011035	adult INXXX364 neuron	manc	INXXX364			INXXX364		INXXX364	INXXX364
FBbt:20011036	adult INXXX365 neuron	manc	INXXX365			INXXX365		INXXX365	INXXX365
FBbt:20011037	adult INXXX366 neuron	manc	INXXX366			INXXX366			
FBbt:20011038	adult INXXX369 neuron	manc	INXXX369			INXXX369		INXXX369	INXXX369
FBbt:20011039	adult INXXX370 neuron	manc	INXXX370			INXXX370		INXXX370	INXXX370
FBbt:20011040	adult INXXX372 neuron	manc	INXXX372			INXXX372		INXXX372	
FBbt:20011041	adult INXXX373 neuron	manc	INXXX373			INXXX373		INXXX373	INXXX373
FBbt:20011042	adult INXXX374 neuron	manc	INXXX374			INXXX374		INXXX374	INXXX374
FBbt:20011043	adult INXXX375 neuron	manc	INXXX375			INXXX375			
FBbt:20011044	adult INXXX376 neuron	manc	INXXX376			INXXX376		INXXX376	
FBbt:20011045	adult INXXX377 neuron	manc	INXXX377			INXXX377		INXXX377	INXXX377
FBbt:20011046	adult INXXX378 neuron	manc	INXXX378			INXXX378		INXXX378	INXXX378
FBbt:20011047	adult INXXX379 neuron	manc	INXXX379			INXXX379		INXXX379	INXXX379
FBbt:20011048	adult INXXX381 neuron	manc	INXXX381			INXXX381		INXXX381	INXXX381
FBbt:20011049	adult INXXX382 neuron	manc	INXXX382			INXXX382		INXXX382_b	INXXX382
FBbt:20011050	adult INXXX383 neuron	manc	INXXX383			INXXX383		INXXX383	INXXX383
FBbt:20011051	adult INXXX384 neuron	manc	INXXX384			INXXX384			INXXX384
FBbt:20011052	adult INXXX385 neuron	manc	INXXX385			INXXX385		INXXX385	INXXX385
FBbt:20011053	adult INXXX386 neuron	manc	INXXX386			INXXX386		INXXX386	INXXX386
FBbt:20011054	adult INXXX387 neuron	manc	INXXX387			INXXX387		INXXX387	INXXX387
FBbt:20011055	adult INXXX388 neuron	manc	INXXX388			INXXX388		INXXX388	INXXX388
FBbt:20011056	adult INXXX390 neuron	manc	INXXX390			INXXX390		INXXX390	INXXX390
FBbt:20011057	adult INXXX391 neuron	manc	INXXX391			INXXX391		INXXX391	INXXX391
FBbt:20011058	adult INXXX392 neuron	manc	INXXX392			INXXX392			INXXX392
FBbt:20011059	adult INXXX393 neuron	manc	INXXX393			INXXX393		INXXX393	INXXX393
FBbt:20011060	adult INXXX394 neuron	manc	INXXX394			INXXX394		INXXX394	INXXX394
FBbt:20011061	adult INXXX395 neuron	manc	INXXX395			INXXX395		INXXX395	INXXX395
FBbt:20011062	adult INXXX396 neuron	manc	INXXX396			INXXX396		INXXX396	INXXX396
FBbt:20011063	adult INXXX397 neuron	manc	INXXX397			INXXX397		INXXX397	INXXX397
FBbt:20011064	adult INXXX398 neuron	manc	INXXX398			INXXX398			
FBbt:20011065	adult INXXX399 neuron	manc	INXXX399			INXXX399		INXXX399	INXXX399
FBbt:20011066	adult INXXX400 neuron	manc	INXXX400			INXXX400		INXXX400	INXXX400
FBbt:20011067	adult INXXX401 neuron	manc	INXXX401			INXXX401		INXXX401	INXXX401
FBbt:20011068	adult INXXX402 neuron	manc	INXXX402			INXXX402		INXXX402	INXXX402
FBbt:20011069	adult INXXX403 neuron	manc	INXXX403			INXXX403		INXXX403	INXXX403
FBbt:20011070	adult INXXX405 neuron	manc	INXXX405			INXXX405		INXXX405	INXXX405
FBbt:20011071	adult INXXX406 neuron	manc	INXXX406			INXXX406		INXXX406	INXXX406
FBbt:20011072	adult INXXX407 neuron	manc	INXXX407			INXXX407		INXXX407	INXXX407
FBbt:20011073	adult INXXX408 neuron	manc	INXXX408			INXXX408			INXXX408
FBbt:20011074	adult INXXX409 neuron	manc	INXXX409			INXXX409		INXXX409	INXXX409
FBbt:20011075	adult INXXX411 neuron	manc	INXXX411			INXXX411		INXXX411	INXXX411
FBbt:20011076	adult INXXX412 neuron	manc	INXXX412			INXXX412		INXXX412	INXXX412
FBbt:20011077	adult INXXX414 neuron	manc	INXXX414			INXXX414		INXXX414	INXXX414
FBbt:20011078	adult INXXX415 neuron	manc	INXXX415			INXXX415		INXXX415	INXXX415
FBbt:20011079	adult INXXX416 neuron	manc	INXXX416			INXXX416		INXXX416	INXXX416
FBbt:20011080	adult INXXX417 neuron	manc	INXXX417			INXXX417		INXXX417	INXXX417
FBbt:20011081	adult INXXX418 neuron	manc	INXXX418			INXXX418		INXXX418	INXXX418
FBbt:20011082	adult INXXX419 neuron	manc	INXXX419			INXXX419		INXXX419	INXXX419
FBbt:20011083	adult INXXX420 neuron	manc	INXXX420			INXXX420		INXXX420	INXXX420
FBbt:20011084	adult INXXX421 neuron	manc	INXXX421			INXXX421		INXXX421	INXXX421
FBbt:20011085	adult INXXX423 neuron	manc	INXXX423			INXXX423		INXXX423	INXXX423
FBbt:20011086	adult INXXX424 neuron	manc	INXXX424			INXXX424		INXXX424	INXXX424
FBbt:20011087	adult INXXX425 neuron	manc	INXXX425			INXXX425		INXXX425	
FBbt:20011088	adult INXXX426 neuron	manc	INXXX426			INXXX426		INXXX426	INXXX426
FBbt:20011089	adult INXXX427 neuron	manc	INXXX427			INXXX427		INXXX427	INXXX427
FBbt:20011090	adult INXXX428 neuron	manc	INXXX428			INXXX428		INXXX428	INXXX428
FBbt:20011091	adult INXXX429 neuron	manc	INXXX429			INXXX429		INXXX429	INXXX429
FBbt:20011092	adult INXXX430 neuron	manc	INXXX430			INXXX430			
FBbt:20011093	adult INXXX431 neuron	manc	INXXX431			INXXX431		INXXX431	INXXX431
FBbt:20011094	adult INXXX436 neuron	manc	INXXX436			INXXX436		INXXX436	INXXX436
FBbt:20011095	adult INXXX437 neuron	manc	INXXX437			INXXX437		INXXX437	INXXX437
FBbt:20011096	adult INXXX438 neuron	manc	INXXX438			INXXX438		INXXX438	INXXX438
FBbt:20011097	adult INXXX439 neuron	manc	INXXX439			INXXX439			
FBbt:20011098	adult INXXX440 neuron	manc	INXXX440			INXXX440		INXXX440	INXXX440
FBbt:20011099	adult INXXX441 neuron	manc	INXXX441			INXXX441		INXXX441	INXXX441
FBbt:20011100	adult INXXX442 neuron	manc	INXXX442			INXXX442		INXXX442	INXXX442
FBbt:20011101	adult INXXX443 neuron	manc	INXXX443			INXXX443		INXXX443	INXXX443
FBbt:20011102	adult INXXX444 neuron	manc	INXXX444			INXXX444		INXXX444	INXXX444
FBbt:20011103	adult INXXX446 neuron	manc	INXXX446			INXXX446		INXXX446	INXXX446
FBbt:20011104	adult INXXX447 neuron	manc	INXXX447			INXXX447			INXXX447
FBbt:20011105	adult INXXX448 neuron	manc	INXXX448			INXXX448		INXXX448	INXXX448
FBbt:20011106	adult INXXX449 neuron	manc	INXXX449			INXXX449			INXXX449
FBbt:20011107	adult INXXX450 neuron	manc	INXXX450			INXXX450		INXXX450	INXXX450
FBbt:20011108	adult INXXX451 neuron	manc	INXXX451			INXXX451			
FBbt:20011109	adult INXXX452 neuron	manc	INXXX452			INXXX452		INXXX452	INXXX452
FBbt:20011110	adult INXXX454 neuron	manc	INXXX454			INXXX454		INXXX454	INXXX454
FBbt:20011111	adult INXXX455 neuron	manc	INXXX455			INXXX455			INXXX455
FBbt:20011112	adult INXXX456 neuron	manc	INXXX456			INXXX456		INXXX456	
FBbt:20011113	adult INXXX457 neuron	manc	INXXX457			INXXX457			
FBbt:20011114	adult INXXX458 neuron	manc	INXXX458			INXXX458			INXXX458
FBbt:20011115	adult INXXX459 neuron	manc	INXXX459			INXXX459			INXXX459
FBbt:20011116	adult INXXX460 neuron	manc	INXXX460			INXXX460		INXXX460	INXXX460
FBbt:20011117	adult INXXX464 neuron	manc	INXXX464			INXXX464		INXXX464	INXXX464
FBbt:20011118	adult INXXX466 neuron	manc	INXXX466			INXXX466		INXXX466	INXXX466
FBbt:20011119	adult INXXX467 neuron	manc	INXXX467			INXXX467			INXXX467
FBbt:20011120	adult INXXX468 neuron	manc	INXXX468			INXXX468		INXXX468	INXXX468
FBbt:20011121	adult INXXX469 neuron	manc	INXXX469			INXXX469			INXXX469
FBbt:20011122	adult MNad01 neuron	manc	MNad01			MNad01		MNad01	MNad01
FBbt:20011123	adult MNad02 neuron	manc	MNad02			MNad02		MNad02	MNad02
FBbt:20011124	adult MNad03 neuron	manc	MNad03			MNad03		MNad03	MNad03
FBbt:20011125	adult MNad04 neuron	manc	MNad04			MNad04			MNad04
FBbt:20011126	adult MNad05 neuron	manc	MNad05			MNad05		MNad05	MNad05
FBbt:20011127	adult MNad06 neuron	manc	MNad06			MNad06		MNad06	MNad06
FBbt:20011128	adult MNad08 neuron	manc	MNad08			MNad08		MNad08	MNad08
FBbt:20011129	adult MNad09 neuron	manc	MNad09			MNad09		MNad09	MNad09
FBbt:20011130	adult MNad10 neuron	manc	MNad10			MNad10		MNad10	MNad10
FBbt:20011131	adult MNad11 neuron	manc	MNad11			MNad11		MNad11	MNad11
FBbt:20011132	adult MNad12 neuron	manc	MNad12			MNad12		MNad12	
FBbt:20011133	adult MNad13 neuron	manc	MNad13			MNad13			MNad13
FBbt:20011134	adult MNad14 neuron	manc	MNad14			MNad14		MNad14	MNad14
FBbt:20011135	adult MNad15 neuron	manc	MNad15			MNad15		MNad15	
FBbt:20011136	adult MNad16 neuron	manc	MNad16			MNad16		MNad16	MNad16
FBbt:20011137	adult MNad17 neuron	manc	MNad17			MNad17		MNad17	
FBbt:20011138	adult MNad18 neuron	manc	MNad18			MNad18			MNad18
FBbt:20011139	adult MNad19 neuron	manc	MNad19			MNad19		MNad19	MNad19
FBbt:20011140	adult MNad20 neuron	manc	MNad20			MNad20		MNad20	
FBbt:20011141	adult MNad21 neuron	manc	MNad21			MNad21		MNad21	MNad21
FBbt:20011142	adult MNad22 neuron	manc	MNad22			MNad22		MNad22	
FBbt:20011143	adult MNad23 neuron	manc	MNad23			MNad23		MNad23	
FBbt:20011144	adult MNad24 neuron	manc	MNad24			MNad24		MNad24	MNad24
FBbt:20011145	adult MNad25 neuron	manc	MNad25			MNad25		MNad25	MNad25
FBbt:20011146	adult MNad26 neuron	manc	MNad26			MNad26		MNad26	MNad26
FBbt:20011147	adult MNad27 neuron	manc	MNad27			MNad27			
FBbt:20011148	adult MNad28 neuron	manc	MNad28			MNad28		MNad28	
FBbt:20011149	adult MNad29 neuron	manc	MNad29			MNad29		MNad29	MNad29
FBbt:20011150	adult MNad30 neuron	manc	MNad30			MNad30		MNad30	
FBbt:20011151	adult MNad31 neuron	manc	MNad31			MNad31		MNad31	MNad31
FBbt:20011152	adult MNad32 neuron	manc	MNad32			MNad32		MNad32	MNad32
FBbt:20011153	adult MNad33 neuron	manc	MNad33			MNad33		MNad33	MNad33
FBbt:20011154	adult MNad34 neuron	manc	MNad34			MNad34		MNad34	
FBbt:20011155	adult MNad35 neuron	manc	MNad35			MNad35		MNad35	MNad35
FBbt:20011156	adult MNad36 neuron	manc	MNad36			MNad36		MNad36	MNad36
FBbt:20011157	adult MNad37 neuron	manc	MNad37			MNad37			
FBbt:20011158	adult MNad38 neuron	manc	MNad38			MNad38			MNad38
FBbt:20011159	adult MNad39 neuron	manc	MNad39			MNad39			
FBbt:20011160	adult MNad40 neuron	manc	MNad40			MNad40		MNad40	MNad40
FBbt:20011161	adult MNad41 neuron	manc	MNad41			MNad41		MNad41	MNad41
FBbt:20011162	adult MNad42 neuron	manc	MNad42			MNad42		MNad42	MNad42
FBbt:20011163	adult MNad43 neuron	manc	MNad43			MNad43		MNad43	MNad43
FBbt:20011164	adult MNad44 neuron	manc	MNad44			MNad44		MNad44	MNad44
FBbt:20011165	adult MNad45 neuron	manc	MNad45			MNad45		MNad45	MNad45
FBbt:20011166	adult MNad46 neuron	manc	MNad46			MNad46		MNad46	MNad46
FBbt:20011167	adult MNad47 neuron	manc	MNad47			MNad47		MNad47	MNad47
FBbt:20011168	adult MNad48 neuron	manc	MNad48			MNad48			MNad48
FBbt:20011169	adult MNad49 neuron	manc	MNad49			MNad49		MNad49	
FBbt:20011170	adult MNad50 neuron	manc	MNad50			MNad50		MNad50	
FBbt:20011171	adult MNad51 neuron	manc	MNad51			MNad51			
FBbt:20011172	adult MNad52 neuron	manc	MNad52			MNad52			MNad52
FBbt:20011173	adult MNad53 neuron	manc	MNad53			MNad53		MNad53	MNad53
FBbt:20011174	adult MNad54 neuron	manc	MNad54			MNad54		MNad54	MNad54
FBbt:20011175	adult MNad55 neuron	manc	MNad55			MNad55		MNad55	
FBbt:20011176	adult MNad56 neuron	manc	MNad56			MNad56		MNad56	MNad56
FBbt:20011177	adult MNad57 neuron	manc	MNad57			MNad57		MNad57	MNad57
FBbt:20011178	adult MNad58 neuron	manc	MNad58			MNad58			MNad58
FBbt:20011179	adult MNad59 neuron	manc	MNad59			MNad59			
FBbt:20011180	adult MNad61 neuron	manc	MNad61			MNad61		MNad61	
FBbt:20011181	adult MNad62 neuron	manc	MNad62			MNad62		MNad62	
FBbt:20011182	adult MNad63 neuron	manc	MNad63			MNad63		MNad63	MNad63
FBbt:20011183	adult MNad64 neuron	manc	MNad64			MNad64		MNad64	
FBbt:20011184	adult MNad65 neuron	manc	MNad65			MNad65		MNad65	MNad65
FBbt:20011185	adult MNad66 neuron	manc	MNad66			MNad66		MNad66	
FBbt:20011186	adult MNad67 neuron	manc	MNad67			MNad67		MNad67	
FBbt:20011187	adult MNad68 neuron	manc	MNad68			MNad68		MNad68	
FBbt:20011188	adult MNad69 neuron	manc	MNad69			MNad69		MNad69	
FBbt:20011189	adult MNfl10 neuron	manc	MNfl10			MNfl10			MNfl10
FBbt:20011190	adult MNhl01 neuron	manc	MNhl01			MNhl01		MNhl01	
FBbt:20011191	adult MNhl02 neuron	manc	MNhl02			MNhl02		MNhl02	
FBbt:20011192	adult MNhl29 neuron	manc	MNhl29			MNhl29		MNhl29	
FBbt:20011193	adult MNhl59 neuron	manc	MNhl59			MNhl59		MNhl59	MNhl59
FBbt:20011194	adult MNhl60 neuron	manc	MNhl60			MNhl60		MNhl60	
FBbt:20011195	adult MNhl61 neuron	manc	MNhl61			MNhl61			
FBbt:20011196	adult MNhl62 neuron	manc	MNhl62			MNhl62		MNhl62	
FBbt:20011197	adult MNhl63 neuron	manc	MNhl63			MNhl63			
FBbt:20011198	adult MNhl64 neuron	manc	MNhl64			MNhl64		MNhl64	
FBbt:20011199	adult MNhl65 neuron	manc	MNhl65			MNhl65		MNhl65	
FBbt:20011200	adult MNhl66 neuron	manc	MNhl66			MNhl66			
FBbt:20011201	adult MNhl67 neuron	manc	MNhl67			MNhl67			
FBbt:20011202	adult MNhl68 neuron	manc	MNhl68			MNhl68			
FBbt:20011203	adult MNhl69 neuron	manc	MNhl69			MNhl69			
FBbt:20011204	adult MNhl70 neuron	manc	MNhl70			MNhl70			
FBbt:20011205	adult MNhl71 neuron	manc	MNhl71			MNhl71			
FBbt:20011206	adult MNhl72 neuron	manc	MNhl72			MNhl72			
FBbt:20011207	adult MNhl73 neuron	manc	MNhl73			MNhl73			
FBbt:20011208	adult MNhl74 neuron	manc	MNhl74			MNhl74			
FBbt:20011209	adult MNhl75 neuron	manc	MNhl75			MNhl75			
FBbt:20011210	adult MNhl87 neuron	manc	MNhl87			MNhl87		MNhl87	MNhl87
FBbt:20011211	adult MNhl88 neuron	manc	MNhl88			MNhl88		MNhl88	MNhl88
FBbt:20011212	adult MNml10 neuron	manc	MNml10			MNml10			
FBbt:20011213	adult MNml29 neuron	manc	MNml29			MNml29		MNml29	
FBbt:20011214	adult MNml76 neuron	manc	MNml76			MNml76		MNml76	
FBbt:20011215	adult MNml77 neuron	manc	MNml77			MNml77		MNml77	
FBbt:20011216	adult MNml78 neuron	manc	MNml78			MNml78		MNml78	
FBbt:20011217	adult MNml79 neuron	manc	MNml79			MNml79		MNml79	
FBbt:20011218	adult MNml80 neuron	manc	MNml80			MNml80		MNml80	
FBbt:20011219	adult MNml81 neuron	manc	MNml81			MNml81		MNml81	
FBbt:20011220	adult MNml82 neuron	manc	MNml82			MNml82		MNml82	
FBbt:20011221	adult MNml83 neuron	manc	MNml83			MNml83		MNml83	
FBbt:20011222	adult MNml84 neuron	manc	MNml84			MNml84			
FBbt:20011223	adult MNml85 neuron	manc	MNml85			MNml85			
FBbt:20011224	adult MNml86 neuron	manc	MNml86			MNml86			
FBbt:20011225	adult MNxm01 neuron	manc	MNxm01			MNxm01		MNxm01	MNxm01
FBbt:20011226	adult MNxm02 neuron	manc	MNxm02			MNxm02		MNxm02	MNxm02
FBbt:20011227	adult MNxm03 neuron	manc	MNxm03			MNxm03		MNxm03	MNxm03
FBbt:20011228	adult SAch01 neuron	manc	SAch01			SAch01		LgAG4|LgAG3|LgAG2|LgAG8|LgAG6|LgAG5|LgAG7|LgAG9	SAch01
FBbt:20011229	adult SAch02 neuron	manc	SAch02			SAch02		LgAG1	SAch02
FBbt:20011230	adult SAxx01 neuron	manc	SAxx01			SAxx01		SAxx01	SAxx01
FBbt:20011231	adult SAxx02 neuron	manc	SAxx02			SAxx02		SAxx02	SAxx02
FBbt:20011232	adult SNch01 neuron	manc	SNch01			SNch01		SNch01	SNch01
FBbt:20011233	adult SNch05 neuron	manc	SNch05			SNch05		LgLG1b|LgLG2|LgLG1a|SNch05|LgLG3	SNch05
FBbt:20011234	adult SNch06 neuron	manc	SNch06			SNch06		LgLG2|LgLG3|LgLG1b|LgLG1a	SNch06
FBbt:20011235	adult SNch07 neuron	manc	SNch07			SNch07		LgLG3	SNch07
FBbt:20011236	adult SNch08 neuron	manc	SNch08			SNch08		LgLG7|LgLG3	SNch08
FBbt:20011237	adult SNch09 neuron	manc	SNch09			SNch09		LgLG3	SNch09
FBbt:20011238	adult SNch10 neuron	manc	SNch10			SNch10		SNch10	SNch10
FBbt:20011239	adult SNch11 neuron	manc	SNch11			SNch11		LgLG4|LgAG8	SNch11
FBbt:20011240	adult SNch13 neuron	manc	SNch13			SNch13		LgLG8|LgLG7	SNch13
FBbt:20011241	adult SNch14 neuron	manc	SNch14			SNch14		LgLG7	SNch14
FBbt:20011242	adult SNch15 neuron	manc	SNch15			SNch15		LgLG6|LgLG7	
FBbt:20011243	adult SNch16 neuron	manc	SNch16			SNch16		LgLG5	SNch16
FBbt:20011244	adult SNpp12 neuron	manc	SNpp12			SNpp12		SNpp12	SNpp12
FBbt:20011245	adult SNpp13 neuron	manc	SNpp13			SNpp13		SNpp13	SNpp13
FBbt:20011246	adult SNpp14 neuron	manc	SNpp14			SNpp14		SNpp14	SNpp14
FBbt:20011247	adult SNpp15 neuron	manc	SNpp15			SNpp15		SNpp15	SNpp15
FBbt:20011248	adult SNpp20 neuron	manc	SNpp20			SNpp20		SNpp20	SNpp20
FBbt:20011249	adult SNpp21 neuron	manc	SNpp21			SNpp21		SNpp21	SNpp21
FBbt:20011250	adult SNpp23 neuron	manc	SNpp23			SNpp23		SNpp23	SNpp23
FBbt:20011251	adult SNpp25 neuron	manc	SNpp25			SNpp25		SNpp25	SNpp25
FBbt:20011252	adult SNpp34 neuron	manc	SNpp34			SNpp34		SNpp34	SNpp34
FBbt:20011253	adult SNpp35 neuron	manc	SNpp35			SNpp35		SNpp35	SNpp35
FBbt:20011254	adult SNpp42 neuron	manc	SNpp42			SNpp42		SNpp42	SNpp42
FBbt:20011255	adult SNpp44 neuron	manc	SNpp44			SNpp44		SNpp44	SNpp44
FBbt:20011256	adult SNpp46 neuron	manc	SNpp46			SNpp46		SNpp46	SNpp46
FBbt:20011257	adult SNpp48 neuron	manc	SNpp48			SNpp48		SNpp48	SNpp48
FBbt:20011258	adult SNpp49 neuron	manc	SNpp49			SNpp49		SNpp49	SNpp49
FBbt:20011259	adult SNpp55 neuron	manc	SNpp55			SNpp55		SNpp55	SNpp55
FBbt:20011260	adult SNpp61 neuron	manc	SNpp61			SNpp61		SNpp61	SNpp61
FBbt:20011261	adult SNpp62 neuron	manc	SNpp62			SNpp62		SNpp62	SNpp62
FBbt:20011262	adult SNta01 neuron	manc	SNta01			SNta01			SNta01
FBbt:20011263	adult SNta02 neuron	manc	SNta02			SNta02		SNta02	SNta02
FBbt:20011264	adult SNta05 neuron	manc	SNta05			SNta05		SNta05	SNta05
FBbt:20011265	adult SNta06 neuron	manc	SNta06			SNta06		SNta06	SNta06
FBbt:20011266	adult SNta09 neuron	manc	SNta09			SNta09			SNta09
FBbt:20011267	adult SNta10 neuron	manc	SNta10			SNta10		SNta10	SNta10
FBbt:20011268	adult SNta12 neuron	manc	SNta12			SNta12		SNta12	SNta12
FBbt:20011269	adult SNta13 neuron	manc	SNta13			SNta13		SNta13	SNta13
FBbt:20011270	adult SNta19 neuron	manc	SNta19			SNta19		SNta19	SNta19
FBbt:20011271	adult SNta20 neuron	manc	SNta20			SNta20		SNta20	SNta20
FBbt:20011272	adult SNta21 neuron	manc	SNta21			SNta21		SNta21	SNta21
FBbt:20011273	adult SNta22 neuron	manc	SNta22			SNta22		SNta22	SNta22
FBbt:20011274	adult SNta23 neuron	manc	SNta23			SNta23		SNta23	SNta23
FBbt:20011275	adult SNta24 neuron	manc	SNta24			SNta24		SNta24	SNta24
FBbt:20011276	adult SNta25 neuron	manc	SNta25			SNta25		SNta25	SNta25
FBbt:20011277	adult SNta26 neuron	manc	SNta26			SNta26		SNta26|SNxxxx	SNta26
FBbt:20011278	adult SNta27 neuron	manc	SNta27			SNta27		SNta27	SNta27
FBbt:20011279	adult SNta28 neuron	manc	SNta28			SNta28		SNta28	SNta28
FBbt:20011280	adult SNta29 neuron	manc	SNta29			SNta29		SNta29	SNta29
FBbt:20011281	adult SNta30 neuron	manc	SNta30			SNta30		SNta30	SNta30
FBbt:20011282	adult SNta31 neuron	manc	SNta31			SNta31		SNta31|SNxxxx	SNta31
FBbt:20011283	adult SNta32 neuron	manc	SNta32			SNta32		SNta32	SNta32
FBbt:20011284	adult SNta33 neuron	manc	SNta33			SNta33		SNta33	SNta33
FBbt:20011285	adult SNta34 neuron	manc	SNta34			SNta34		SNta34	SNta34
FBbt:20011286	adult SNta35 neuron	manc	SNta35			SNta35		SNta35	SNta35
FBbt:20011287	adult SNta36 neuron	manc	SNta36			SNta36		SNta36	SNta36
FBbt:20011288	adult SNta37 neuron	manc	SNta37			SNta37		SNta37	SNta37
FBbt:20011289	adult SNta38 neuron	manc	SNta38			SNta38		SNta38	SNta38
FBbt:20011290	adult SNta39 neuron	manc	SNta39			SNta39		SNta39	SNta39
FBbt:20011291	adult SNta40 neuron	manc	SNta40			SNta40		SNta40	SNta40
FBbt:20011292	adult SNta41 neuron	manc	SNta41			SNta41		SNta41	SNta41
FBbt:20011293	adult SNta42 neuron	manc	SNta42			SNta42		SNta42	SNta42
FBbt:20011294	adult SNta43 neuron	manc	SNta43			SNta43		SNta43	SNta43
FBbt:20011295	adult SNta44 neuron	manc	SNta44			SNta44		SNta44	SNta44
FBbt:20011296	adult SNta45 neuron	manc	SNta45			SNta45		SNta45	SNta45
FBbt:20011297	adult SNxx01 neuron	manc	SNxx01			SNxx01		SNxx01	SNxx01
FBbt:20011298	adult SNxx02 neuron	manc	SNxx02			SNxx02		SNxx02	SNxx02
FBbt:20011299	adult SNxx03 neuron	manc	SNxx03			SNxx03		SNxx03	SNxx03
FBbt:20011300	adult SNxx04 neuron	manc	SNxx04			SNxx04		SNxx04	SNxx04
FBbt:20011301	adult SNxx05 neuron	manc	SNxx05			SNxx05		SNxx05	SNxx05
FBbt:20011302	adult SNxx06 neuron	manc	SNxx06			SNxx06		SNxx06	SNxx06
FBbt:20011303	adult SNxx07 neuron	manc	SNxx07			SNxx07		SNxx07	SNxx07
FBbt:20011304	adult SNxx08 neuron	manc	SNxx08			SNxx08		SNxx08	SNxx08
FBbt:20011305	adult SNxx09 neuron	manc	SNxx09			SNxx09		SNxx09	
FBbt:20011306	adult SNxx10 neuron	manc	SNxx10			SNxx10		SNxx10	SNxx10
FBbt:20011307	adult SNxx11 neuron	manc	SNxx11			SNxx11		SNxx11	SNxx11
FBbt:20011308	adult SNxx12 neuron	manc	SNxx12			SNxx12			SNxx12
FBbt:20011309	adult SNxx13 neuron	manc	SNxx13			SNxx13			
FBbt:20011310	adult SNxx14 neuron	manc	SNxx14			SNxx14		SNxx14	SNxx14
FBbt:20011311	adult SNxx15 neuron	manc	SNxx15			SNxx15		SNxx15	SNxx15
FBbt:20011312	adult SNxx16 neuron	manc	SNxx16			SNxx16		SNxx16	SNxx16
FBbt:20011313	adult SNxx17 neuron	manc	SNxx17			SNxx17		SNxx17	SNxx17
FBbt:20011314	adult SNxx18 neuron	manc	SNxx18			SNxx18			SNxx18
FBbt:20011315	adult SNxx19 neuron	manc	SNxx19			SNxx19		SNxx19	SNxx19
FBbt:20011316	adult SNxx20 neuron	manc	SNxx20			SNxx20		SNxx20	SNxx20
FBbt:20011317	adult SNxx21 neuron	manc	SNxx21			SNxx21		SNxx21	SNxx21
FBbt:20011318	adult SNxx22 neuron	manc	SNxx22			SNxx22		SNxx22	SNxx22
FBbt:20011319	adult SNxx23 neuron	manc	SNxx23			SNxx23		SNxx23	SNxx23
FBbt:20011320	adult SNxx24 neuron	manc	SNxx24			SNxx24		SNxx24	SNxx24
FBbt:20011321	adult SNxx25 neuron	manc	SNxx25			SNxx25		SNxx25	SNxx25
FBbt:20011322	adult SNxx26 neuron	manc	SNxx26			SNxx26		SNxx26	SNxx26
FBbt:20011323	adult SNxx27 neuron	manc	SNxx27			SNxx27			SNxx27
FBbt:20011324	adult SNxx28 neuron	manc	SNxx28			SNxx28		SNxx28	SNxx28
FBbt:20011325	adult SNxx29 neuron	manc	SNxx29			SNxx29		SNxx29	SNxx29
FBbt:20011326	adult SNxx30 neuron	manc	SNxx30			SNxx30		SNxx30	SNxx30
FBbt:20011327	adult SNxx31 neuron	manc	SNxx31			SNxx31		SNxx31	SNxx31
FBbt:20011328	adult SNxx32 neuron	manc	SNxx32			SNxx32		SNxx32	SNxx32
FBbt:20011329	adult SNxx33 neuron	manc	SNxx33			SNxx33		SNxx33	SNxx33
FBbt:20000260	adult lobula plate tangential neuron LPT60	optic_lobe	LPT60	AVLP151	AVLP151		LPT60	LPT60	AVLP151
FBbt:20000989	adult lobula visual projection neuron LoVP40	optic_lobe	LoVP40	LTe46	CL284		LoVP40	LoVP40	LTe46
FBbt:20000990	adult lobula visual projection neuron LoVP61	optic_lobe	LoVP61	LTe47	CL285		LoVP61	LoVP61	LTe47
FBbt:20001183	adult lobula visual centrifugal neuron LoVC2	optic_lobe	LoVC2	cL11	IB006		LoVC2	LoVC2	cL11
FBbt:20001188	adult lobula visual centrifugal neuron LoVC3	optic_lobe	LoVC3	cL12	IB011		LoVC3	LoVC3	cL12
FBbt:20001190	adult lobula visual centrifugal neuron LoVC4	optic_lobe	LoVC4	cL22a	IB013		LoVC4	LoVC4	cL22a
FBbt:20001196	adult lobula visual projection neuron LoVP28	optic_lobe	LoVP28	LTe48	IB019		LoVP28	LoVP28	LTe48
FBbt:20001206	adult medulla visual centrifugal neuron MeVC9	optic_lobe	MeVC9	cM12	IB029		MeVC9	MeVC9	cM12
FBbt:20001207	adult medulla visual centrifugal neuron MeVC10	optic_lobe	MeVC10	cM13	IB030		MeVC10	MeVC10	cM13
FBbt:20001220	adult lobula visual centrifugal neuron LoVC5	optic_lobe	LoVC5	cL13	IB043		LoVC5	LoVC5	cL13
FBbt:20001511	adult lobula visual projection neuron LoVP74	optic_lobe	LoVP74	LTe37	PLP011		LoVP74	LoVP74	LTe37
FBbt:20001514	adult lobula visual centrifugal neuron LoVC6	optic_lobe	LoVC6	cL15	PLP014		LoVC6	LoVC6	cL15
FBbt:20001533	adult visual centrifugal neuron OLVC1	optic_lobe	OLVC1	cLLPM02	PLP033		OLVC1	OLVC1	cLLPM02
FBbt:20001551	adult lobula visual projection neuron LoVP91	optic_lobe	LoVP91	PLP051	PLP051		LoVP91	LoVP91	PLP051
FBbt:20001568	adult lobula visual projection neuron LoVP105	optic_lobe	LoVP105	PLP068	PLP068		LoVP105	LoVP105	PLP068
FBbt:20001570	adult lobula visual projection neuron LoVP38	optic_lobe	LoVP38	LTe50	PLP070		LoVP38	LoVP38	LTe50
FBbt:20001590	adult lobula visual centrifugal neuron LoVCLo1	optic_lobe	LoVCLo1	cL17	PLP090		LoVCLo1	LoVCLo1	cL17
FBbt:20001591	adult lobula visual projection neuron LoVP100	optic_lobe	LoVP100	LTe51	PLP091		LoVP100	LoVP100	LTe51
FBbt:20001598	adult lobula visual projection neuron LoVP50	optic_lobe	LoVP50	LT53	PLP098		LoVP50	LoVP50	LT53
FBbt:20001618	adult lobula visual projection neuron LoVP36	optic_lobe	LoVP36	LTe53	PLP118		LoVP36	LoVP36	LTe53
FBbt:20001625	adult lobula visual projection neuron LoVP39	optic_lobe	LoVP39	LTe54	PLP125		LoVP39	LoVP39	LTe54
FBbt:20001626	adult lobula visual projection neuron LoVP43	optic_lobe	LoVP43	LTe55	PLP126		LoVP43	LoVP43	LTe55
FBbt:20001646	adult lobula visual projection neuron LoVP60	optic_lobe	LoVP60	LTe56	PLP146		LoVP60	LoVP60	LTe56
FBbt:20001647	adult lobula visual projection neuron LoVP44	optic_lobe	LoVP44	LTe57	PLP147		LoVP44	LoVP44	LTe57
FBbt:20001653	adult lobula visual projection neuron LoVP16	optic_lobe	LoVP16	LTe58	PLP153		LoVP16	LoVP16	LTe58
FBbt:20001685	adult lobula visual projection neuron LoVP94	optic_lobe	LoVP94	PLP185	PLP185		LoVP94	PLP185|LoVP94	PLP185
FBbt:20001710	adult lobula visual centrifugal neuron LoVCLo2	optic_lobe	LoVCLo2	cL19	PLP210		LoVCLo2	LoVCLo2	cL19
FBbt:20001712	adult lobula visual projection neuron LoVP45	optic_lobe	LoVP45	LTe60	PLP212		LoVP45	LoVP45	LTe60
FBbt:20001715	adult lobula visual projection neuron LoVP37	optic_lobe	LoVP37	PLP215	PLP215		LoVP37	LoVP37	PLP215
FBbt:20001751	adult lobula visual projection neuron LoVP97	optic_lobe	LoVP97	PLP251	PLP251		LoVP97	LoVP97	PLP251
FBbt:20001755	adult lobula visual projection neuron LoVP98	optic_lobe	LoVP98	LTe62	PLP255		LoVP98	LoVP98	LTe62
FBbt:20001819	adult visual centrifugal neuron OLVC5	optic_lobe	OLVC5	cMLLP01	PS064		OLVC5	OLVC5	cMLLP01
FBbt:20001860	adult lobula visual projection neuron LoVP18	optic_lobe	LoVP18	LTe64	PS105		LoVP18	LoVP18	LTe64
FBbt:20001884	adult medulla visual centrifugal neuron MeVC4b	optic_lobe	MeVC4b	cM16	PS129		MeVC4b	MeVC4b	cM16
FBbt:20001885	adult medulla visual centrifugal neuron MeVC4a	optic_lobe	MeVC4a	cM17	PS130		MeVC4a	MeVC4a	cM17
FBbt:20001887	adult medulla visual centrifugal neuron MeVC6	optic_lobe	MeVC6	cM02b	PS132		MeVC6	MeVC6	cM02b
FBbt:20001889	adult medulla visual centrifugal neuron MeVC3	optic_lobe	MeVC3	cM18	PS134		MeVC3	MeVC3	cM18
FBbt:20001891	adult visual centrifugal neuron OLVC3	optic_lobe	OLVC3	cMLLP02	PS136		OLVC3	OLVC3	cMLLP02
FBbt:20001934	adult lobula visual projection neuron LoVP26	optic_lobe	LoVP26	LTe65	PS179		LoVP26	LoVP26	LTe65
FBbt:20002032	adult lobula plate tangential neuron LPT59	optic_lobe	LPT59	cLP05	PS277		LPT59	LPT59	cLP05
FBbt:20002056	adult lobula plate tangential neuron LPT110	optic_lobe	LPT110	cLP04	PS301		LPT110	LPT110	cLP04
FBbt:20002362	adult lobula visual projection neuron LoVP82	optic_lobe	LoVP82	LTe67	SIP058		LoVP82	LoVP82	LTe67
FBbt:20002613	adult lobula visual projection neuron LoVP63	optic_lobe	LoVP63	LTe69	SLP219		LoVP63	LoVP63	LTe69
FBbt:20002627	adult lobula visual projection neuron LoVP64	optic_lobe	LoVP64	LTe70	SLP233		LoVP64	LoVP64	LTe70
FBbt:20002843	adult lobula visual projection neuron LoVP66	optic_lobe	LoVP66	LTe73	SLP449		LoVP66	LoVP66	LTe73
FBbt:20002847	adult lobula visual projection neuron LoVP67	optic_lobe	LoVP67	LTe74	SLP453		LoVP67	LoVP67	LTe74
FBbt:20003103	adult lobula visual projection neuron LoVP79	optic_lobe	LoVP79	LTe75	SMP241		LoVP79	LoVP79	LTe75
FBbt:20003316	adult descending neuron of the posterior brain DNpe053	optic_lobe	DNpe053	DNpe053	SMP454		DNpe053	DNpe053	DNpe053
FBbt:20003481	adult lobula visual centrifugal neuron LoVC11	optic_lobe	LoVC11	cL22b	VES015		LoVC11	LoVC11	cL22b
FBbt:20003492	adult lobula visual centrifugal neuron LoVC12	optic_lobe	LoVC12	cL22c	VES026		LoVC12	LoVC12	cL22c
FBbt:20003546	adult lobula visual projection neuron LoVP88	optic_lobe	LoVP88	LTe76	VES080		LoVP88	LoVP88	LTe76
FBbt:20003618	adult lobula plate tangential neuron LPT31	optic_lobe	LPT31	LPT31	WED068		LPT31	LPT31	LPT31
FBbt:20003958	adult medulla-contralateral medulla neuron MeVPMe7	optic_lobe	MeVPMe7	MeMe_e09			MeVPMe7	MeVPMe7	MeMe_e09
FBbt:20007207	adult lobula visual projection neuron LoVP81	optic_lobe	LoVP81	CB3790			LoVP81	LoVP81	CB3790
FBbt:20007230	adult lobula intrinsic neuron Li20	optic_lobe	Li20	Li12|Li20	Li20		Li20	Li20	Li12
FBbt:20007232	adult central medulla intrinsic neuron Cm21	optic_lobe	Cm21	Sm30			Cm21	Cm21	Sm30
FBbt:20007236	adult medulla-lobula neuron MeLo14	optic_lobe	MeLo14	LMt3			MeLo14	MeLo14	LMt3
FBbt:20007237	adult lobula-lobula plate neuron LOLP1	optic_lobe	LOLP1	LLPt			LOLP1	LOLP1	LLPt
FBbt:20007238	adult lobula intrinsic neuron Li23	optic_lobe	Li23	Li02			Li23	Li23	Li02
FBbt:20007239	adult medulla-lobula neuron MeLo8	optic_lobe	MeLo8	LMa2			MeLo8	MeLo8	LMa2
FBbt:20007244	adult lobula intrinsic neuron Li15	optic_lobe	Li15	Li15	Li15		Li15	Li15	Li15
FBbt:20007245	adult lobula intrinsic neuron Li25	optic_lobe	Li25	Li17			Li25	Li25	Li17
FBbt:20007246	adult lobula intrinsic neuron Li26	optic_lobe	Li26	Li16			Li26	Li26	Li16
FBbt:20007249	adult medulla-lobula neuron MeLo10	optic_lobe	MeLo10	LMt2			MeLo10	MeLo10	LMt2
FBbt:20007250	adult lobula intrinsic neuron Li29	optic_lobe	Li29	Li26			Li29	Li29	Li26
FBbt:20007252	adult lobula intrinsic neuron Li18a	optic_lobe	Li18a	Li08			Li18a	Li18a	Li08
FBbt:20007255	adult lobula intrinsic neuron Li17	optic_lobe	Li17	Li21	Li17		Li17	Li17	Li21
FBbt:20007256	adult central medulla intrinsic neuron Cm31a	optic_lobe	Cm31a	Sm40			Cm31a	Cm31a	Sm40
FBbt:20007258	adult central medulla intrinsic neuron Cm35	optic_lobe	Cm35	Sm39			Cm35	Cm35	Sm39
FBbt:20007259	adult central medulla intrinsic neuron Cm32	optic_lobe	Cm32	Sm35			Cm32	Cm32	Sm35
FBbt:20007263	adult lobula intrinsic neuron Li21	optic_lobe	Li21	Li05			Li21	Li21	Li05
FBbt:20007268	adult central medulla intrinsic neuron Cm13	optic_lobe	Cm13	Sm22			Cm13	Cm13	Sm22
FBbt:20007275	adult lobula visual centrifugal neuron LoVC25	optic_lobe	LoVC25	cL01			LoVC25	LoVC25	cL01
FBbt:20007276	adult lobula visual centrifugal neuron LoVC26	optic_lobe	LoVC26	cL02a			LoVC26	LoVC26	cL02a
FBbt:20007277	adult lobula visual centrifugal neuron LoVC27	optic_lobe	LoVC27	cL02b			LoVC27	LoVC27	cL02b
FBbt:20007278	adult lobula visual centrifugal neuron LoVC24	optic_lobe	LoVC24	cL03			LoVC24	LoVC24	cL03
FBbt:20007280	adult lobula tangential neuron LT46	optic_lobe	LT46	cL05	LT46		LT46	LT46	cL05
FBbt:20007281	adult lobula visual centrifugal neuron LoVC9	optic_lobe	LoVC9	cL06			LoVC9	LoVC9	cL06
FBbt:20007282	adult lobula visual projection neuron LoVP108	optic_lobe	LoVP108	cL07			LoVP108	LoVP108	
FBbt:20007284	adult lobula visual centrifugal neuron LoVC13	optic_lobe	LoVC13	cL09			LoVC13	LoVC13	cL09
FBbt:20007285	adult lobula visual projection neuron LoVP96	optic_lobe	LoVP96	cL10			LoVP96	LoVP96	cL10
FBbt:20007287	adult visual centrifugal neuron OLVC7	optic_lobe	OLVC7	cLLPM01|OLVC7			OLVC7	OLVC7	OLVC7|cLLPM01
FBbt:20007291	adult visual centrifugal neuron OLVC6	optic_lobe	OLVC6	cLPL01			OLVC6	OLVC6	cLPL01
FBbt:20007292	adult medulla visual centrifugal neuron MeVC8	optic_lobe	MeVC8	cM01a			MeVC8	MeVC8	cM01a
FBbt:20007293	adult medulla visual centrifugal neuron MeVC7a	optic_lobe	MeVC7a	cM01b			MeVC7a	MeVC7a	cM01b
FBbt:20007294	adult medulla visual centrifugal neuron MeVC7b	optic_lobe	MeVC7b	cM01c			MeVC7b	MeVC7b	cM01c
FBbt:20007298	adult medulla visual centrifugal neuron MeVC1	optic_lobe	MeVC1	cM05			MeVC1	MeVC1	cM05
FBbt:20007300	adult medulla visual centrifugal neuron MeVC23	optic_lobe	MeVC23	cM07			MeVC23	MeVC23	cM07
FBbt:20007303	adult lobula tangential neuron LT88	optic_lobe	LT88	cM10			LT88	LT88	cM10
FBbt:20007305	adult medulla visual centrifugal neuron MeVC25	optic_lobe	MeVC25	cML01			MeVC25	MeVC25	cML01
FBbt:20007555	adult lobula visual projection neuron LoVP13	optic_lobe	LoVP13	LCe03			LoVP13	LoVP13	LCe03
FBbt:20007556	adult lobula visual projection neuron LoVP12	optic_lobe	LoVP12	LCe04			LoVP12	LoVP12	LCe04|LoVP12
FBbt:20007557	adult lobula visual projection neuron LoVP7	optic_lobe	LoVP7	LCe05			LoVP7	LoVP7	LCe05
FBbt:20007558	adult lobula visual projection neuron LoVP93	optic_lobe	LoVP93	LCe06			LoVP93	LoVP93	LCe06
FBbt:20007560	adult lobula visual projection neuron LoVP3	optic_lobe	LoVP3	LCe08			LoVP3	LoVP3	LCe08
FBbt:20007561	adult lobula visual projection neuron LoVP9	optic_lobe	LoVP9	LCe09			LoVP9	LoVP9	LCe09
FBbt:20007562	adult lobula visual projection neuron LoVP32	optic_lobe	LoVP32	LTe01			LoVP32	LoVP32	LTe01
FBbt:20007563	adult lobula visual projection neuron LoVP71	optic_lobe	LoVP71	LTe02			LoVP71	LoVP71	LTe02
FBbt:20007564	adult lobula visual projection neuron LoVP89	optic_lobe	LoVP89	LTe03			LoVP89	LoVP89	LTe03
FBbt:20007565	adult lobula visual projection neuron LoVP41	optic_lobe	LoVP41	LTe04			LoVP41	LoVP41	LTe04
FBbt:20007566	adult lobula visual projection neuron LoVP35	optic_lobe	LoVP35	LTe05			LoVP35	LoVP35	LTe05
FBbt:20007567	adult lobula visual projection neuron LoVP57	optic_lobe	LoVP57	LTe06			LoVP57	LoVP57	LTe06
FBbt:20007568	adult lobula visual projection neuron LoVP30	optic_lobe	LoVP30	LTe07			LoVP30	LoVP30	LTe07
FBbt:20007569	adult lobula visual projection neuron LoVP106	optic_lobe	LoVP106	LTe08			LoVP106	LoVP106	LTe08
FBbt:20007570	adult lobula visual projection neuron LoVP8	optic_lobe	LoVP8	LTe09			LoVP8	LoVP8	LTe09
FBbt:20007571	adult lobula visual projection neuron LoVP69	optic_lobe	LoVP69	LTe10			LoVP69	LoVP69	LTe10
FBbt:20007572	adult lobula visual projection neuron LoVP78	optic_lobe	LoVP78	LTe11			LoVP78	LoVP78	LTe11
FBbt:20007574	adult lobula visual projection neuron LoVP53	optic_lobe	LoVP53	LTe13			LoVP53	LoVP53	LTe13
FBbt:20007575	adult lobula visual projection neuron LoVP103	optic_lobe	LoVP103	LTe14			LoVP103	LoVP103	LTe14
FBbt:20007576	adult lobula visual projection neuron LoVP49	optic_lobe	LoVP49	LTe15			LoVP49	LoVP49	LTe15
FBbt:20007577	adult lobula visual projection neuron LoVP107	optic_lobe	LoVP107	LTe16			LoVP107	LoVP107	LTe16
FBbt:20007578	adult lobula visual projection neuron LoVP47	optic_lobe	LoVP47	LTe17			LoVP47	LoVP47	LTe17
FBbt:20007579	adult lobula visual projection neuron LoVP85	optic_lobe	LoVP85	LTe18			LoVP85	LoVP85	LTe18
FBbt:20007580	adult lobula visual projection neuron LoVP86	optic_lobe	LoVP86	LTe19			LoVP86	LoVP86	LTe19
FBbt:20007581	adult lobula visual projection neuron LoVP54	optic_lobe	LoVP54	LTe20			LoVP54	LoVP54	LTe20
FBbt:20007582	adult lobula visual projection neuron LoVP101	optic_lobe	LoVP101	LTe21			LoVP101	LoVP101	LTe21
FBbt:20007584	adult lobula visual projection neuron LoVP73	optic_lobe	LoVP73	LTe23			LoVP73	LoVP73	LTe23
FBbt:20007585	adult lobula visual projection neuron LoVP59	optic_lobe	LoVP59	LTe24			LoVP59	LoVP59	LTe24
FBbt:20007586	adult lobula visual projection neuron LoVP42	optic_lobe	LoVP42	LTe25			LoVP42	LoVP42	LTe25
FBbt:20007588	adult lobula visual projection neuron LoVP29	optic_lobe	LoVP29	LTe27			LoVP29	LoVP29	LTe27
FBbt:20007589	adult lobula visual projection neuron LoVP34	optic_lobe	LoVP34	LTe28			LoVP34	LoVP34	LTe28
FBbt:20007590	adult lobula visual projection neuron LoVP99	optic_lobe	LoVP99	LTe29			LoVP99	LoVP99	
FBbt:20007591	adult lobula visual projection neuron LoVP72	optic_lobe	LoVP72	LTe30			LoVP72	LoVP72	LTe30
FBbt:20007592	adult lobula visual projection neuron LoVP48	optic_lobe	LoVP48	LTe31			LoVP48	LoVP48	LTe31
FBbt:20007596	adult lobula visual projection neuron LoVP58	optic_lobe	LoVP58	LTe35			LoVP58	LoVP58	LTe35
FBbt:20007597	adult lobula visual projection neuron LoVP68	optic_lobe	LoVP68	LTe36			LoVP68	LoVP68	LTe36
FBbt:20007602	adult medulla-contralateral medulla neuron MeVPMe9	optic_lobe	MeVPMe9	MeMe_e01			MeVPMe9	MeVPMe9	MeMe_e01
FBbt:20007604	adult medulla-contralateral medulla neuron MeVPMe6	optic_lobe	MeVPMe6	MeMe_e03			MeVPMe6	MeVPMe6	MeMe_e03
FBbt:20007605	adult medulla-contralateral medulla neuron MeVPMe8	optic_lobe	MeVPMe8	MeMe_e04			MeVPMe8	MeVPMe8	MeMe_e04
FBbt:20007606	adult medulla-contralateral medulla neuron MeVPMe3	optic_lobe	MeVPMe3	MeMe_e05			MeVPMe3	MeVPMe3	MeMe_e05
FBbt:20007607	adult medulla-contralateral medulla neuron MeVPMe4	optic_lobe	MeVPMe4	MeMe_e06			MeVPMe4	MeVPMe4	MeMe_e06
FBbt:20007611	adult medulla visual projection neuron MeVP2	optic_lobe	MeVP2	MTe02			MeVP2	MeVP2	MTe02
FBbt:20007617	adult medulla visual projection neuron MeVP17	optic_lobe	MeVP17	MTe08			MeVP17	MeVP17	MTe08
FBbt:20007618	adult medulla visual projection neuron MeVP16	optic_lobe	MeVP16	MTe09			MeVP16	MeVP16	MTe09
FBbt:20007622	adult medulla visual projection neuron MeVP18	optic_lobe	MeVP18	MTe13			MeVP18	MeVP18	MTe13
FBbt:20007623	adult medulla visual projection neuron MeVP22	optic_lobe	MeVP22	MTe14			MeVP22	MeVP22	MTe14
FBbt:20007625	adult medulla visual projection neuron MeVP46	optic_lobe	MeVP46	MTe16			MeVP46	MeVP46	MTe16
FBbt:20007628	adult medulla visual projection neuron MeVP57	optic_lobe	MeVP57	MTe19			MeVP57	MeVP57	MTe19
FBbt:20007629	adult medulla visual projection neuron MeVP39	optic_lobe	MeVP39	MTe20			MeVP39	MeVP39	MTe20
FBbt:20007630	adult medulla visual projection neuron MeVP31	optic_lobe	MeVP31	MTe21			MeVP31	MeVP31	MTe21
FBbt:20007631	adult medulla visual projection neuron MeVP30	optic_lobe	MeVP30	MTe22			MeVP30	MeVP30	MTe22
FBbt:20007633	adult medulla visual projection neuron MeVP35	optic_lobe	MeVP35	MTe24			MeVP35	MeVP35	MTe24
FBbt:20007634	adult medulla visual projection neuron MeVP32	optic_lobe	MeVP32	MTe25			MeVP32	MeVP32	MTe25
FBbt:20007635	adult medulla visual projection neuron MeVP33	optic_lobe	MeVP33	MTe26			MeVP33	MeVP33	MTe26
FBbt:20007637	adult medulla visual projection neuron MeVP29	optic_lobe	MeVP29	MTe28			MeVP29	MeVP29	MTe28
FBbt:20007638	adult medulla visual projection neuron MeVP56	optic_lobe	MeVP56	MTe29			MeVP56	MeVP56	MTe29
FBbt:20007639	adult medulla visual projection neuron MeVP41	optic_lobe	MeVP41	MTe30			MeVP41	MeVP41	MTe30
FBbt:20007640	adult medulla visual projection neuron MeVP48	optic_lobe	MeVP48	MTe31			MeVP48	MeVP48	MTe31
FBbt:20007642	adult medulla visual projection neuron MeVP47	optic_lobe	MeVP47	MTe33			MeVP47	MeVP47	MTe33
FBbt:20007644	adult medulla visual projection neuron MeVP52	optic_lobe	MeVP52	MTe35			MeVP52	MeVP52	MTe35
FBbt:20007645	adult medulla visual projection neuron MeVP61	optic_lobe	MeVP61	MTe36			MeVP61	MeVP61	MTe36
FBbt:20007646	adult medulla visual projection neuron MeVP45	optic_lobe	MeVP45	MTe37			MeVP45	MeVP45	MTe37
FBbt:20007647	adult medulla visual projection neuron MeVP25	optic_lobe	MeVP25	MTe38			MeVP25	MeVP25	MTe38
FBbt:20007648	adult medulla visual projection neuron MeVP60	optic_lobe	MeVP60	MTe39			MeVP60	MeVP60	MTe39
FBbt:20007649	adult medulla visual projection neuron MeVP43	optic_lobe	MeVP43	MTe40			MeVP43	MeVP43	MTe40
FBbt:20007650	adult medulla visual projection neuron MeVP53	optic_lobe	MeVP53	MTe41			MeVP53	MeVP53	MTe41
FBbt:20007652	adult medulla visual projection neuron MeVP51	optic_lobe	MeVP51	MTe43			MeVP51	MeVP51	MTe43
FBbt:20007653	adult medulla visual projection neuron MeVP24	optic_lobe	MeVP24	MTe44			MeVP24	MeVP24	MTe44
FBbt:20007655	adult medulla-contralateral accessory medulla neuron MeVPaMe1	optic_lobe	MeVPaMe1	MTe46			MeVPaMe1	MeVPaMe1	MTe46
FBbt:20007656	adult medulla-contralateral lobula neuron MeVPLo1	optic_lobe	MeVPLo1	MTe47			MeVPLo1	MeVPLo1	MTe47
FBbt:20007658	adult medulla visual projection neuron MeVP27	optic_lobe	MeVP27	MTe49			MeVP27	MeVP27	MTe49
FBbt:20007669	adult medulla visual centrifugal neuron MeVC5	optic_lobe	MeVC5	cM02a			MeVC5	MeVC5	cM02a
FBbt:20011362	adult central medulla intrinsic neuron Cm1	optic_lobe	Cm1	Sm02			Cm1	Cm1	Sm02
FBbt:20011363	adult central medulla intrinsic neuron Cm10	optic_lobe	Cm10	Sm10			Cm10	Cm10	Sm10
FBbt:20011364	adult central medulla intrinsic neuron Cm15	optic_lobe	Cm15	Sm13			Cm15	Cm15	Sm13
FBbt:20011365	adult central medulla intrinsic neuron Cm16	optic_lobe	Cm16	Sm14			Cm16	Cm16	Sm14
FBbt:20011366	adult central medulla intrinsic neuron Cm17	optic_lobe	Cm17	Sm27			Cm17	Cm17	Sm27
FBbt:20011367	adult central medulla intrinsic neuron Cm18	optic_lobe	Cm18	Sm43			Cm18	Cm18	Sm43|Cm18
FBbt:20011368	adult central medulla intrinsic neuron Cm19	optic_lobe	Cm19	Sm31			Cm19	Cm19	Sm31
FBbt:20011369	adult central medulla intrinsic neuron Cm2	optic_lobe	Cm2	Sm01			Cm2	Cm2	Sm01
FBbt:20011370	adult central medulla intrinsic neuron Cm20	optic_lobe	Cm20	Sm18			Cm20	Cm20	Sm18
FBbt:20011371	adult central medulla intrinsic neuron Cm22	optic_lobe	Cm22	Sm17			Cm22	Cm22	Sm17
FBbt:20011372	adult central medulla intrinsic neuron Cm23	optic_lobe	Cm23	Sm25			Cm23	Cm23	Sm25
FBbt:20011373	adult central medulla intrinsic neuron Cm24	optic_lobe	Cm24	Sm29			Cm24	Cm24	Sm29
FBbt:20011374	adult central medulla intrinsic neuron Cm25	optic_lobe	Cm25	Sm33			Cm25	Cm25	Sm33
FBbt:20011375	adult central medulla intrinsic neuron Cm26	optic_lobe	Cm26				Cm26	Cm26	
FBbt:20011376	adult central medulla intrinsic neuron Cm27	optic_lobe	Cm27	Sm24			Cm27	Cm27	
FBbt:20011377	adult central medulla intrinsic neuron Cm28	optic_lobe	Cm28	Sm34			Cm28	Cm28	
FBbt:20011378	adult central medulla intrinsic neuron Cm29	optic_lobe	Cm29	Sm36			Cm29	Cm29	
FBbt:20011379	adult central medulla intrinsic neuron Cm3	optic_lobe	Cm3	Sm07			Cm3	Cm3	Sm07
FBbt:20011380	adult central medulla intrinsic neuron Cm31b	optic_lobe	Cm31b	Sm41			Cm31b	Cm31b	Sm41
FBbt:20011381	adult central medulla intrinsic neuron Cm34	optic_lobe	Cm34	Sm42			Cm34	Cm34	
FBbt:20011382	adult central medulla intrinsic neuron Cm4	optic_lobe	Cm4	Sm03			Cm4	Cm4	Sm03
FBbt:20011383	adult central medulla intrinsic neuron Cm5	optic_lobe	Cm5	Sm08			Cm5	Cm5	Sm08
FBbt:20011384	adult central medulla intrinsic neuron Cm6	optic_lobe	Cm6	Sm06			Cm6	Cm6	Sm06
FBbt:20011385	adult central medulla intrinsic neuron Cm7	optic_lobe	Cm7	Sm09			Cm7	Cm7	Sm09
FBbt:20011386	adult central medulla intrinsic neuron Cm9	optic_lobe	Cm9	Sm15			Cm9	Cm9	Sm15
FBbt:20011387	adult lobula columnar neuron LC28	optic_lobe	LC28				LC28	LC28	
FBbt:20011388	adult lobula columnar neuron LC29	optic_lobe	LC29	LC29	LC29		LC29	LC29	LC29
FBbt:20011389	adult lobula columnar neuron LC31a	optic_lobe	LC31a	LC31a			LC31a	LC31a	LC31a
FBbt:20011390	adult lobula columnar neuron LC31b	optic_lobe	LC31b				LC31b	LC31b	LC31b
FBbt:20011391	adult lobula columnar neuron LC34	optic_lobe	LC34	LC34	LC34		LC34	LC34	LC34
FBbt:20011392	adult lobula columnar neuron LC35a	optic_lobe	LC35a				LC35a	LC35a	
FBbt:20011393	adult lobula columnar neuron LC35b	optic_lobe	LC35b				LC35b	LC35b	
FBbt:20011394	adult lobula columnar neuron LC36	optic_lobe	LC36	LC36	LC36		LC36	LC36	LC36
FBbt:20011395	adult lobula columnar neuron LC37	optic_lobe	LC37	LC37			LC37	LC37	LC37
FBbt:20011396	adult lobula columnar neuron LC39a	optic_lobe	LC39a				LC39a	LC39a	
FBbt:20011397	adult lobula columnar neuron LC39b	optic_lobe	LC39b				LC39b	LC39b	
FBbt:20011398	adult lobula columnar neuron LC40	optic_lobe	LC40	LC40			LC40	LC40	LC40
FBbt:20011399	adult lobula columnar neuron LC41	optic_lobe	LC41	LC41	LC41		LC41	LC41	LC41
FBbt:20011400	adult lobula columnar neuron LC43	optic_lobe	LC43	LC43	LC43		LC43	LC43	LC43
FBbt:20011401	adult lobula columnar neuron LC44	optic_lobe	LC44	LC44	LC44		LC44	LC44	LC44
FBbt:20011402	adult lobula columnar neuron LC46b	optic_lobe	LC46b	LC46	LC46b		LC46b	LoVP19|LC46b	LC46
FBbt:20011403	adult lobula intrinsic neuron Li11a	optic_lobe	Li11a	Li25			Li11a	Li11a	Li25
FBbt:20011404	adult lobula intrinsic neuron Li11b	optic_lobe	Li11b	Li19			Li11b	Li11b	Li19
FBbt:20011405	adult lobula intrinsic neuron Li12	optic_lobe	Li12	Li27	Li12		Li12	Li12	Li27
FBbt:20011406	adult lobula intrinsic neuron Li13	optic_lobe	Li13	Li13	Li13		Li13	Li13	Li13
FBbt:20011407	adult lobula intrinsic neuron Li16	optic_lobe	Li16	Li28	Li16		Li16	Li16	Li28
FBbt:20011408	adult lobula intrinsic neuron Li18b	optic_lobe	Li18b	Li04			Li18b	Li18b	Li04
FBbt:20011409	adult lobula intrinsic neuron Li19	optic_lobe	Li19	Li18	Li19		Li19	Li19	Li18
FBbt:20011410	adult lobula intrinsic neuron Li22	optic_lobe	Li22	Li01			Li22	Li22	Li01
FBbt:20011411	adult lobula intrinsic neuron Li27	optic_lobe	Li27	Li03			Li27	Li27	Li03
FBbt:20011412	adult lobula intrinsic neuron Li30	optic_lobe	Li30	Li24			Li30	Li30	Li24
FBbt:20011413	adult lobula intrinsic neuron Li31	optic_lobe	Li31	Li29			Li31	Li31	Li29
FBbt:20011414	adult lobula intrinsic neuron Li32	optic_lobe	Li32	Li32			Li32	Li32	Li32
FBbt:20011415	adult lobula intrinsic neuron Li33	optic_lobe	Li33	Li30			Li33	Li33	Li30
FBbt:20011416	adult lobula intrinsic neuron Li35	optic_lobe	Li35	Li07			Li35	Li35	Li07
FBbt:20011417	adult lobula intrinsic neuron Li36	optic_lobe	Li36	Li23			Li36	Li36	Li23
FBbt:20011418	adult lobula intrinsic neuron Li37	optic_lobe	Li37				Li37	Li37	
FBbt:20011419	adult lobula intrinsic neuron Li38	optic_lobe	Li38	Li31			Li38	Li38	Li31
FBbt:20011420	adult lobula intrinsic neuron Li39	optic_lobe	Li39	Li33			Li39	Li39	Li33
FBbt:20011421	adult lobula visual centrifugal neuron LoVC14	optic_lobe	LoVC14	mALC4			LoVC14	LoVC14	mALC4
FBbt:20011422	adult lobula visual centrifugal neuron LoVC17	optic_lobe	LoVC17	LT38			LoVC17	LoVC17	LT38
FBbt:20011423	adult lobula visual centrifugal neuron LoVC20	optic_lobe	LoVC20	mALD2			LoVC20	LoVC20	mALD2
FBbt:20011424	adult lobula visual centrifugal neuron LoVC21	optic_lobe	LoVC21	mALC3			LoVC21	LoVC21	mALC3
FBbt:20011425	adult lobula visual centrifugal neuron LoVC23	optic_lobe	LoVC23	mALC6			LoVC23	LoVC23	mALC6
FBbt:20011426	adult lobula visual projection neuron LoVP10	optic_lobe	LoVP10				LoVP10	LoVP10	
FBbt:20011427	adult lobula visual projection neuron LoVP11	optic_lobe	LoVP11				LoVP11	LoVP11	
FBbt:20011428	adult lobula visual projection neuron LoVP14	optic_lobe	LoVP14				LoVP14	LoVP14	
FBbt:20011429	adult lobula visual projection neuron LoVP24	optic_lobe	LoVP24				LoVP24	LoVP24	
FBbt:20011430	adult lobula visual projection neuron LoVP31	optic_lobe	LoVP31				LoVP31	LoVP31	
FBbt:20011431	adult lobula visual projection neuron LoVP4	optic_lobe	LoVP4				LoVP4	LoVP4	
FBbt:20011432	adult lobula visual projection neuron LoVP5	optic_lobe	LoVP5				LoVP5	LoVP5	
FBbt:20011433	adult lobula visual projection neuron LoVP52	optic_lobe	LoVP52				LoVP52	LoVP52	
FBbt:20011434	adult lobula visual projection neuron LoVP55	optic_lobe	LoVP55				LoVP55	LoVP55	
FBbt:20011435	adult lobula visual projection neuron LoVP6	optic_lobe	LoVP6				LoVP6	LoVP6	
FBbt:20011436	adult lobula visual projection neuron LoVP75	optic_lobe	LoVP75	LTe38b			LoVP75	LoVP75	LTe38b
FBbt:20011437	adult lobula visual projection neuron LoVP76	optic_lobe	LoVP76	LC10f			LoVP76	LoVP76	LC10f|LoVP76
FBbt:20011438	adult lobula visual projection neuron LoVP90a	optic_lobe	LoVP90a				LoVP90a	LoVP90a	
FBbt:20011439	adult lobula visual projection neuron LoVP90b	optic_lobe	LoVP90b				LoVP90b	LoVP90b	
FBbt:20011440	adult lobula visual projection neuron LoVP90c	optic_lobe	LoVP90c				LoVP90c	LoVP90c	
FBbt:20011441	adult lobula visual projection neuron LoVP92	optic_lobe	LoVP92				LoVP92	LoVP92	
FBbt:20011442	adult lobula tangential neuron LT34	optic_lobe	LT34	LT34	LT34		LT34	LT34	LT34
FBbt:20011443	adult lobula tangential neuron LT36	optic_lobe	LT36	LT36	LT36		LT36	LT36	LT36
FBbt:20011444	adult lobula tangential neuron LT37	optic_lobe	LT37	LT37	LT37		LT37	LT37	LT37
FBbt:20011445	adult lobula tangential neuron LT39	optic_lobe	LT39	LT39	LT39		LT39	LT39	LT39
FBbt:20011446	adult lobula tangential neuron LT40	optic_lobe	LT40	LT40	LT40		LT40	LT40	LT40
FBbt:20011447	adult lobula tangential neuron LT41	optic_lobe	LT41	LT41	LT41		LT41	LT41	LT41
FBbt:20011448	adult lobula tangential neuron LT42	optic_lobe	LT42	LT42	LT42		LT42	LT42	LT42
FBbt:20011449	adult lobula tangential neuron LT43	optic_lobe	LT43	LT43	LT43		LT43	LT43	LT43
FBbt:20011450	adult lobula tangential neuron LT47	optic_lobe	LT47	LT47	LT47		LT47	LT47	LT47
FBbt:20011451	adult lobula tangential neuron LT52	optic_lobe	LT52	LT52	LT52		LT52	LT52	LT52
FBbt:20011452	adult lobula tangential neuron LT55	optic_lobe	LT55	LT55	LT55		LT55	LT55	LT55
FBbt:20011453	adult lobula tangential neuron LT56	optic_lobe	LT56	LT56	LT56		LT56	LT56	LT56
FBbt:20011454	adult lobula tangential neuron LT58	optic_lobe	LT58	LT58	LT58		LT58	LT58	LT58
FBbt:20011455	adult lobula tangential neuron LT59	optic_lobe	LT59	LT59	LT59		LT59	LT59	LT59
FBbt:20011456	adult lobula tangential neuron LT60	optic_lobe	LT60	LT60	LT60		LT60	LT60	LT60
FBbt:20011457	adult lobula tangential neuron LT61a	optic_lobe	LT61a	LT61a			LT61a	LT61a	
FBbt:20011458	adult lobula tangential neuron LT61b	optic_lobe	LT61b	LT61b			LT61b	LT61b	LT61b
FBbt:20011459	adult lobula tangential neuron LT62	optic_lobe	LT62	LT62	LT62		LT62	LT62	LT62
FBbt:20011460	adult lobula tangential neuron LT63	optic_lobe	LT63	LT63	LT63		LT63	LT63	LT63
FBbt:20011461	adult lobula tangential neuron LT64	optic_lobe	LT64	LT64	LT64		LT64	LT64	LT64
FBbt:20011462	adult lobula tangential neuron LT65	optic_lobe	LT65	LT65	LT65		LT65	LT65	
FBbt:20011463	adult lobula tangential neuron LT66	optic_lobe	LT66	LT66	LT66		LT66	LT66	LT66
FBbt:20011464	adult lobula tangential neuron LT67	optic_lobe	LT67	LT67	LT67		LT67	LT67	LT67
FBbt:20011465	adult lobula tangential neuron LT68	optic_lobe	LT68	LT68	LT68		LT68	LT68	LT68
FBbt:20011466	adult lobula tangential neuron LT69	optic_lobe	LT69	LT69	LT69		LT69	LT69	LT69
FBbt:20011467	adult lobula tangential neuron LT70	optic_lobe	LT70	LT70	LT70		LT70	LT70	LT70
FBbt:20011468	adult lobula tangential neuron LT72	optic_lobe	LT72	LT72	LT72		LT72	LT72	LT72
FBbt:20011469	adult lobula tangential neuron LT73	optic_lobe	LT73	LT73	LT73		LT73	LT73	LT73
FBbt:20011470	adult lobula tangential neuron LT74	optic_lobe	LT74	LT74	LT74		LT74	LT74	LT74
FBbt:20011471	adult lobula tangential neuron LT75	optic_lobe	LT75	LT75	LT75		LT75	LT75	LT75
FBbt:20011472	adult lobula tangential neuron LT76	optic_lobe	LT76	LT76	LT76		LT76	LT76	LT76
FBbt:20011473	adult lobula tangential neuron LT77	optic_lobe	LT77	LT77	LT77		LT77	LT77	LT77
FBbt:20011474	adult lobula tangential neuron LT78	optic_lobe	LT78	LT78	LT78		LT78	LT78	LT78
FBbt:20011475	adult lobula tangential neuron LT79	optic_lobe	LT79	LT79	LT79		LT79	LT79	LT79
FBbt:20011476	adult lobula tangential neuron LT80	optic_lobe	LT80	LT80	LT80		LT80	LT80	LT80
FBbt:20011477	adult lobula tangential neuron LT81	optic_lobe	LT81	LT81	LT81		LT81	LT81	LT81
FBbt:20011478	adult lobula tangential neuron LT82a	optic_lobe	LT82a		LT82a		LT82a	LT82a	LT82a
FBbt:20011479	adult lobula tangential neuron LT82b	optic_lobe	LT82b		LT82b		LT82b	LT82b	LT82b
FBbt:20011480	adult lobula tangential neuron LT83	optic_lobe	LT83	LT83	LT83		LT83	LT83	LT83
FBbt:20011481	adult lobula tangential neuron LT84	optic_lobe	LT84	LT84	LT84		LT84	LT84	LT84
FBbt:20011482	adult lobula tangential neuron LT85	optic_lobe	LT85	LT85	LT85		LT85	LT85	LT85
FBbt:20011483	adult lobula tangential neuron LT86	optic_lobe	LT86	LT86	LT86		LT86	LT86	LT86
FBbt:20011484	adult lobula tangential neuron LT87	optic_lobe	LT87	LT87	LT87		LT87	LT87	LT87
FBbt:20011485	adult medulla visual projection neuron MeVP1	optic_lobe	MeVP1	MTe51			MeVP1	MeVP1	MTe51
FBbt:20011486	adult medulla visual projection neuron MeVP4	optic_lobe	MeVP4	MTe52			MeVP4	MeVP4	MTe52
FBbt:20011487	adult medulla visual projection neuron MeVP5	optic_lobe	MeVP5	MTe53			MeVP5	MeVP5	MTe53
FBbt:20011488	adult medulla visual projection neuron MeVP62	optic_lobe	MeVP62	MC65			MeVP62	MeVP62	MC65
FBbt:20011489	adult medulla visual projection neuron MeVP64	optic_lobe	MeVP64				MeVP64	MeVP64	
FBbt:20011490	adult medulla intrinsic neuron Mi16	optic_lobe	Mi16	Sm05			Mi16	Mi16	Sm05
FBbt:20011491	adult medulla intrinsic neuron Mi17	optic_lobe	Mi17	Sm04			Mi17	Mi17	Sm04
FBbt:20011492	adult medulla intrinsic neuron Mi20	optic_lobe	Mi20				Mi20	Mi20	
FBbt:20011493	adult visual centrifugal neuron OLVC2	optic_lobe	OLVC2	mALC5			OLVC2	OLVC2	mALC5
FBbt:20011494	adult proximal medulla intrinsic neuron Pm12	optic_lobe	Pm12	Pm14			Pm12	Pm12	Pm14
FBbt:20011495	adult proximal medulla intrinsic neuron Pm13	optic_lobe	Pm13	Pm13			Pm13	Pm13	Pm13
FBbt:20011496	adult transmedullary Y neuron TmY17	optic_lobe	TmY17	TmY31			TmY17	TmY17	TmY31
FBbt:20011497	adult transmedullary Y neuron TmY19a	optic_lobe	TmY19a				TmY19a	TmY19a	
FBbt:20011499	adult transmedullary Y neuron TmY21	optic_lobe	TmY21	Tm36			TmY21	TmY21	Tm36
